"id_zona","date","sup_agua"
"ZC1","2016-01-05",80.23461013153542
"ZC3","2016-01-05",24.20567481059248
"ZS2","2016-01-05",0.07101765006260058
"ZS1","2016-01-05",3.488014646600456
"ZC2","2016-01-05",15.027435797158658
"ZC4","2016-01-05",17.374221064431936
"ZS3","2016-01-05",0
"ZC1","2016-02-04",87.89392178983621
"ZC3","2016-02-04",28.469487351192978
"ZS2","2016-02-04",0.082853925073034
"ZS1","2016-02-04",3.538201907702621
"ZC2","2016-02-04",16.69715088573184
"ZC4","2016-02-04",16.30122878966892
"ZS3","2016-02-04",0
"ZC1","2016-03-05",97.71156549057727
"ZC3","2016-03-05",35.43261274049405
"ZS2","2016-03-05",0.18938040016693486
"ZS1","2016-03-05",3.2998124174673373
"ZC2","2016-03-05",23.302347339058116
"ZC4","2016-03-05",21.593969529605726
"ZS3","2016-03-05",1.8535979027026332
"ZC1","2016-05-04",77.39003918329365
"ZC3","2016-05-04",33.18502163382092
"ZS2","2016-05-04",0.023672550020866857
"ZS1","2016-05-04",4.416478976990505
"ZC2","2016-05-04",26.322567278683138
"ZC4","2016-05-04",29.404115221871155
"ZS3","2016-05-04",5.5401981758556484
"ZC1","2016-07-23",81.92807065714238
"ZC3","2016-07-23",35.57584158552714
"ZS2","2016-07-23",0.03550882503130029
"ZS1","2016-07-23",4.441572607541588
"ZC2","2016-07-23",23.1304649034697
"ZC4","2016-07-23",38.39042552301142
"ZS3","2016-07-23",7.332009481801527
"ZC1","2016-08-12",91.49114186056998
"ZC3","2016-08-12",42.60507259561271
"ZS2","2016-08-12",0
"ZS1","2016-08-12",4.504306683919293
"ZC2","2016-08-12",23.437397824163302
"ZC4","2016-08-12",38.51423232394562
"ZS3","2016-08-12",9.391562707026674
"ZC1","2016-09-01",95.46468649254973
"ZC3","2016-09-01",43.211040786137325
"ZS2","2016-09-01",0.023672550020866857
"ZS1","2016-09-01",3.600935984080327
"ZC2","2016-09-01",22.36927126014957
"ZC4","2016-09-01",37.05950241296884
"ZS3","2016-09-01",9.020843126486149
"ZC1","2016-09-21",92.93002988886349
"ZC3","2016-09-21",36.53437308690244
"ZS2","2016-09-21",0.047345100041733715
"ZS1","2016-09-21",3.249625156365173
"ZC2","2016-09-21",21.927287854350787
"ZC4","2016-09-21",33.67544985410086
"ZS3","2016-09-21",7.187840756035767
"ZC1","2016-10-11",88.69084439012185
"ZC3","2016-10-11",30.87132490636328
"ZS2","2016-10-11",0.082853925073034
"ZS1","2016-10-11",2.7101120995169006
"ZC2","2016-10-11",20.65044690426541
"ZC4","2016-10-11",30.48742473004535
"ZS3","2016-10-11",5.00471433729711
"ZC1","2016-10-31",70.58299197252053
"ZC3","2016-10-31",16.59251081691046
"ZS2","2016-10-31",0.07101765006260058
"ZS1","2016-10-31",2.434082163454994
"ZC2","2016-10-31",16.439327232349218
"ZC4","2016-10-31",27.743040642670714
"ZS3","2016-10-31",4.531017095495326
"ZC1","2016-11-10",67.80483124096924
"ZC3","2016-11-10",19.258770855218778
"ZS2","2016-11-10",0.047345100041733715
"ZS1","2016-11-10",2.3337076412506645
"ZC2","2016-11-10",17.372403311257763
"ZC4","2016-11-10",27.07242047094383
"ZS3","2016-11-10",4.531017095495326
"ZC1","2016-12-10",61.51799739427146
"ZC3","2016-12-10",19.952879873456066
"ZS2","2016-12-10",0.047345100041733715
"ZS1","2016-12-10",2.1580522273930876
"ZC2","2016-12-10",12.67019096623181
"ZC4","2016-12-10",19.72655028218163
"ZS3","2016-12-10",2.9863521765764647
"ZC1","2017-01-29",85.3924702944952
"ZC3","2017-01-29",54.9117356649945
"ZS2","2017-01-29",0.13019902511476772
"ZS1","2017-01-29",2.1956926732197113
"ZC2","2017-01-29",21.583522983173957
"ZC4","2017-01-29",47.50054262508589
"ZS3","2017-01-29",9.0414386587384
"ZC1","2017-02-28",99.37182090783901
"ZC3","2017-02-28",60.21120293121889
"ZS2","2017-02-28",0.09469020008346743
"ZS1","2017-02-28",4.115355410377516
"ZC2","2017-02-28",30.349527198183175
"ZC4","2017-02-28",52.10202872647345
"ZS3","2017-02-28",13.469478092972468
"ZC1","2017-03-20",102.79194706739818
"ZC3","2017-03-20",46.18579372144
"ZS2","2017-03-20",0.11836275010433428
"ZS1","2017-03-20",3.1492506341608433
"ZC2","2017-03-20",24.91067584349258
"ZC4","2017-03-20",31.240582769061703
"ZS3","2017-03-20",6.961289901261
"ZC1","2017-04-09",104.89493726259639
"ZC3","2017-04-09",46.472251411506186
"ZS2","2017-04-09",0
"ZS1","2017-04-09",3.312359232742879
"ZC2","2017-04-09",23.032246368847748
"ZC4","2017-04-09",31.003286400604498
"ZS3","2017-04-09",7.311413949549275
"ZC1","2017-07-18",148.07264648084987
"ZC3","2017-07-18",45.96544165215832
"ZS2","2017-07-18",1.1362824010016093
"ZS1","2017-07-18",5.119100632420813
"ZC2","2017-07-18",29.269123317341702
"ZC4","2017-07-18",62.37799320401158
"ZS3","2017-07-18",15.652604511711125
"ZC1","2017-08-02",182.66130100713602
"ZC3","2017-08-02",74.32475296871046
"ZS2","2017-08-02",0.047345100041733715
"ZS1","2017-08-02",4.077714964550893
"ZC2","2017-08-02",25.328104615635876
"ZC4","2017-08-02",63.04861337573846
"ZS3","2017-08-02",14.972951947386827
"ZC1","2017-08-07",109.8978402532784
"ZC3","2017-08-07",51.848841901979156
"ZS2","2017-08-07",0.4734510004173371
"ZS1","2017-08-07",4.316104454786175
"ZC2","2017-08-07",27.18197945662522
"ZC4","2017-08-07",60.7994564921006
"ZS3","2017-08-07",14.828783221621066
"ZC1","2017-08-22",78.61862819206733
"ZC3","2017-08-22",42.792371854502136
"ZS2","2017-08-22",0.4379421753860369
"ZS1","2017-08-22",4.027527703448728
"ZC2","2017-08-22",28.200996753327974
"ZC4","2017-08-22",49.70843057507903
"ZS3","2017-08-22",13.016376383422935
"ZC1","2017-08-27",79.41555079235296
"ZC3","2017-08-27",39.18961552174668
"ZS2","2017-08-27",0.46161472540690374
"ZS1","2017-08-27",3.9522468117954808
"ZC2","2017-08-27",24.54235633866026
"ZC4","2017-08-27",45.37519254238222
"ZS3","2017-08-27",12.007195303062614
"ZC1","2017-09-16",52.47513955491922
"ZC3","2017-09-16",9.04545244401294
"ZS2","2017-09-16",0
"ZS1","2017-09-16",3.6385764299069505
"ZC2","2017-09-16",20.773220072542852
"ZC4","2017-09-16",30.962017466959768
"ZS3","2017-09-16",8.238212900900592
"ZC1","2017-10-06",51.069456634970955
"ZC3","2017-10-06",18.35532737116389
"ZS2","2017-10-06",0
"ZS1","2017-10-06",3.563295538253703
"ZC2","2017-10-06",23.732053428029154
"ZC4","2017-10-06",30.136638794065135
"ZS3","2017-10-06",5.396029450089888
"ZC1","2017-10-21",52.652233466093804
"ZC3","2017-10-21",22.993738429543246
"ZS2","2017-10-21",0.011836275010433429
"ZS1","2017-10-21",3.73895095211128
"ZC2","2017-10-21",20.58906032012669
"ZC4","2017-10-21",27.650185541970068
"ZS3","2017-10-21",5.8285356273871685
"ZC1","2017-11-10",57.02423939821637
"ZC3","2017-11-10",23.73191786163687
"ZS2","2017-11-10",0.07101765006260058
"ZS1","2017-11-10",3.73895095211128
"ZC2","2017-11-10",18.698353528654113
"ZC4","2017-11-10",26.50497263332877
"ZS3","2017-11-10",4.798759014774595
"ZC1","2017-11-15",64.91598681493382
"ZC3","2017-11-15",24.987924656542443
"ZS2","2017-11-15",0.082853925073034
"ZS1","2017-11-15",3.9898872576221045
"ZC2","2017-11-15",18.71063084548186
"ZC4","2017-11-15",26.701000068141244
"ZS3","2017-11-15",4.551612627747577
"ZC1","2017-11-20",65.52474713459645
"ZC3","2017-11-20",24.249745224448816
"ZS2","2017-11-20",0.09469020008346743
"ZS1","2017-11-20",3.600935984080327
"ZC2","2017-11-20",18.993009132519973
"ZC4","2017-11-20",24.235181282868542
"ZS3","2017-11-20",4.551612627747577
"ZC1","2017-11-30",71.14747881438953
"ZC3","2017-11-30",26.5964947622987
"ZS2","2017-11-30",0.13019902511476772
"ZS1","2017-11-30",3.73895095211128
"ZC2","2017-11-30",18.280924756510817
"ZC4","2017-11-30",22.997113273526598
"ZS3","2017-11-30",4.510421563243074
"ZC1","2017-12-05",74.83324584071057
"ZC3","2017-12-05",24.39297406948191
"ZS2","2017-12-05",0.082853925073034
"ZS1","2017-12-05",3.6260296146314093
"ZC2","2017-12-05",17.716168182434593
"ZC4","2017-12-05",21.8519003648853
"ZS3","2017-12-05",4.098510918198045
"ZC1","2017-12-10",82.3043952183884
"ZC3","2017-12-10",29.009349920933094
"ZS2","2017-12-10",0.082853925073034
"ZS1","2017-12-10",3.8518722895911512
"ZC2","2017-12-10",16.905865271803492
"ZC4","2017-12-10",22.336810335210895
"ZS3","2017-12-10",4.0779153859457935
"ZC1","2017-12-20",103.5778012982354
"ZC3","2017-12-20",38.341260055012214
"ZS2","2017-12-20",0.13019902511476772
"ZS1","2017-12-20",4.065168149275352
"ZC2","2017-12-20",19.987471795567238
"ZC4","2017-12-20",21.800314197829387
"ZS3","2017-12-20",3.851364531171027
"ZC1","2017-12-25",92.50943184982384
"ZC3","2017-12-25",32.579053443296296
"ZS2","2017-12-25",0.07101765006260058
"ZS1","2017-12-25",3.7013105062846563
"ZC2","2017-12-25",17.838941350712034
"ZC4","2017-12-25",20.211460252507223
"ZS3","2017-12-25",3.4600494183782486
"ZC1","2017-12-30",96.02917333441872
"ZC3","2017-12-30",32.0942788908766
"ZS2","2017-12-30",0.082853925073034
"ZS1","2017-12-30",3.9271531812443983
"ZC2","2017-12-30",18.600134994032164
"ZC4","2017-12-30",20.324949820030234
"ZS3","2017-12-30",3.3570717571169917
"ZC1","2018-01-14",85.31499170835633
"ZC3","2018-01-14",35.52075356820672
"ZS2","2018-01-14",0.023672550020866857
"ZS1","2018-01-14",3.375093309120585
"ZC2","2018-01-14",18.821126696931557
"ZC4","2018-01-14",23.089968374227244
"ZS3","2018-01-14",3.4394538861259973
"ZC1","2018-01-19",87.70575950921322
"ZC3","2018-01-19",32.55701823636813
"ZS2","2018-01-19",0.03550882503130029
"ZS1","2018-01-19",3.5883891688047855
"ZC2","2018-01-19",18.526471093065698
"ZC4","2018-01-19",21.263818060447875
"ZS3","2018-01-19",3.2334985636034825
"ZC1","2018-02-08",120.04753503747182
"ZC3","2018-02-08",83.76683913743042
"ZS2","2018-02-08",2.5566354022536206
"ZS1","2018-02-08",13.814043618370869
"ZC2","2018-02-08",45.78211445065738
"ZC4","2018-02-08",53.40200013628249
"ZS3","2018-02-08",10.524316980900506
"ZC1","2018-02-18",111.94548860123454
"ZC3","2018-02-18",71.17371837798244
"ZS2","2018-02-18",1.017919650897275
"ZS1","2018-02-18",10.677339799485567
"ZC2","2018-02-18",42.04981013502321
"ZC4","2018-02-18",33.33498115153183
"ZS3","2018-02-18",7.5997514010807965
"ZC1","2018-02-23",114.81219628837313
"ZC3","2018-02-23",64.89368440345457
"ZS2","2018-02-23",1.183627501043343
"ZS1","2018-02-23",10.68988661476111
"ZC2","2018-02-23",42.012978184539975
"ZC4","2018-02-23",30.17790772770987
"ZS3","2018-02-23",5.231265192071876
"ZC1","2018-02-28",116.56099866122216
"ZC3","2018-02-28",65.31235333508977
"ZS2","2018-02-28",1.1481186760120425
"ZS1","2018-02-28",9.460298717758072
"ZC2","2018-02-28",38.99275824491495
"ZC4","2018-02-28",29.16681885341395
"ZS3","2018-02-28",5.272456256576379
"ZC1","2018-03-05",109.0345074363023
"ZC3","2018-03-05",59.56116432683794
"ZS2","2018-03-05",0.9705745508555412
"ZS1","2018-03-05",7.277152859813901
"ZC2","2018-03-05",36.26719390915578
"ZC4","2018-03-05",27.567647674680604
"ZS3","2018-03-05",5.045905401801613
"ZC1","2018-03-10",112.53211218200036
"ZC3","2018-03-10",63.02069181456031
"ZS2","2018-03-10",1.2309726010850766
"ZS1","2018-03-10",7.126591076507406
"ZC2","2018-03-10",35.420059048041445
"ZC4","2018-03-10",27.66050277538125
"ZS3","2018-03-10",5.272456256576379
"ZC1","2018-03-15",119.53839004284487
"ZC3","2018-03-15",65.80814549097356
"ZS2","2018-03-15",1.4558618262833116
"ZS1","2018-03-15",8.531834387368022
"ZC2","2018-03-15",35.9357063548067
"ZC4","2018-03-15",27.784309576315444
"ZS3","2018-03-15",5.087096466306115
"ZC1","2018-03-20",116.38390475004759
"ZC3","2018-03-20",60.37646698318015
"ZS2","2018-03-20",1.1954637760537763
"ZS1","2018-03-20",7.327340120916065
"ZC2","2018-03-20",34.20460468209479
"ZC4","2018-03-20",26.969248136832
"ZS3","2018-03-20",5.045905401801613
"ZC1","2018-03-25",121.02155154893202
"ZC3","2018-03-25",63.97922331593561
"ZS2","2018-03-25",1.3848441762207113
"ZS1","2018-03-25",8.017414961070832
"ZC2","2018-03-25",34.90441174127619
"ZC4","2018-03-25",27.062103237532646
"ZS3","2018-03-25",5.354838385585385
"ZC1","2018-04-04",122.41616609943189
"ZC3","2018-04-04",63.30714950462649
"ZS2","2018-04-04",0.6865039506051389
"ZS1","2018-04-04",7.2520592292628185
"ZC2","2018-04-04",36.144420740878346
"ZC4","2018-04-04",31.137410434949878
"ZS3","2018-04-04",9.0414386587384
"ZC1","2018-04-09",121.92915784370179
"ZC3","2018-04-09",68.06675420111077
"ZS2","2018-04-09",0.6273225755529717
"ZS1","2018-04-09",6.0977522239130275
"ZC2","2018-04-09",35.75154660239053
"ZC4","2018-04-09",32.47865077840365
"ZS3","2018-04-09",9.103225255495154
"ZC1","2018-04-14",118.85215113704335
"ZC3","2018-04-14",68.76086321934805
"ZS2","2018-04-14",0.6154863005425383
"ZS1","2018-04-14",7.101497445956324
"ZC2","2018-04-14",33.01370494980362
"ZC4","2018-04-14",33.541325819755485
"ZS3","2018-04-14",9.288585045765418
"ZC1","2018-04-19",118.66398885642037
"ZC3","2018-04-19",65.79712788750948
"ZS2","2018-04-19",0.2840706002504023
"ZS1","2018-04-19",4.7803366199812
"ZC2","2018-04-19",31.712309366062758
"ZC4","2018-04-19",37.049185179557654
"ZS3","2018-04-19",9.535731432792435
"ZC1","2018-05-04",122.78142229122946
"ZC3","2018-05-04",64.24364579907363
"ZS2","2018-05-04",0.07101765006260058
"ZS1","2018-05-04",5.821722287851121
"ZC2","2018-05-04",32.26478862331124
"ZC4","2018-05-04",36.47142010853141
"ZS3","2018-05-04",10.874441029188782
"ZC1","2018-05-09",128.86902548785582
"ZC3","2018-05-09",67.25145154476854
"ZS2","2018-05-09",0.15387157513563457
"ZS1","2018-05-09",4.516853499194835
"ZC2","2018-05-09",31.982410336273126
"ZC4","2018-05-09",37.71980535128454
"ZS3","2018-05-09",12.769229996395918
"ZC1","2018-05-19",86.77601647554665
"ZC3","2018-05-19",38.297189641155875
"ZS2","2018-05-19",0.023672550020866857
"ZS1","2018-05-19",4.316104454786175
"ZC2","2018-05-19",27.685349446562725
"ZC4","2018-05-19",42.465732720428655
"ZS3","2018-05-19",12.21315062558513
"ZC1","2018-05-24",86.47717050043954
"ZC3","2018-05-24",42.08724523280076
"ZS2","2018-05-24",0.011836275010433429
"ZS1","2018-05-24",4.767789804705659
"ZC2","2018-05-24",29.625165505346278
"ZC4","2018-05-24",39.277707596373155
"ZS3","2018-05-24",12.769229996395918
"ZC1","2018-05-29",95.38720790641085
"ZC3","2018-05-29",50.658940727858095
"ZS2","2018-05-29",0.023672550020866857
"ZS1","2018-05-29",4.040074518724269
"ZC2","2018-05-29",30.681014752532263
"ZC4","2018-05-29",40.6292651732381
"ZS3","2018-05-29",13.016376383422935
"ZC1","2018-06-08",94.70096900060932
"ZC3","2018-06-08",46.36207537686534
"ZS2","2018-06-08",0.011836275010433429
"ZS1","2018-06-08",3.7891382132134446
"ZC2","2018-06-08",29.0726862480978
"ZC4","2018-06-08",39.793569266932295
"ZS3","2018-06-08",12.398510415855391
"ZC1","2018-06-18",74.68935703788122
"ZC3","2018-06-18",25.06504788079103
"ZS2","2018-06-18",0.03550882503130029
"ZS1","2018-06-18",4.353744900612799
"ZC2","2018-06-18",26.040188991645028
"ZC4","2018-06-18",39.97927946833359
"ZS3","2018-06-18",11.945408706305859
"ZC1","2018-07-08",60.909237074608825
"ZC3","2018-07-08",20.22831996005817
"ZS2","2018-07-08",0.03550882503130029
"ZS1","2018-07-08",4.05262133399981
"ZC2","2018-07-08",25.217608764186178
"ZC4","2018-07-08",37.668219184228626
"ZS3","2018-07-08",12.336723819098637
"ZC1","2018-08-12",121.16544035176138
"ZC3","2018-08-12",64.66231473070883
"ZS2","2018-08-12",6.190371830456683
"ZS1","2018-08-12",7.440261458395937
"ZC2","2018-08-12",38.52622020546068
"ZC4","2018-08-12",64.46207435307052
"ZS3","2018-08-12",16.82654985008946
"ZC1","2018-08-17",119.837236017952
"ZC3","2018-08-17",62.21640676168217
"ZS2","2018-08-17",5.113270804507241
"ZS1","2018-08-17",6.43651623635264
"ZC2","2018-08-17",36.009370255773156
"ZC4","2018-08-17",64.08033671685675
"ZS3","2018-08-17",16.22927941477417
"ZC1","2018-08-22",118.69719396476559
"ZC3","2018-08-22",57.34662603055706
"ZS2","2018-08-22",4.7700188292046715
"ZS1","2018-08-22",5.633520058718003
"ZC2","2018-08-22",33.84856249409021
"ZC4","2018-08-22",62.790682540458896
"ZS3","2018-08-22",15.487840253693113
"ZC1","2018-08-27",117.74531419220222
"ZC3","2018-08-27",54.889700458066336
"ZS2","2018-08-27",4.0716786035891
"ZS1","2018-08-27",4.579587575572541
"ZC2","2018-08-27",31.99468765310087
"ZC4","2018-08-27",53.959130740486366
"ZS3","2018-08-27",14.02555746378326
"ZC1","2018-09-01",113.79390629911929
"ZC3","2018-09-01",39.35487957370794
"ZS2","2018-09-01",2.6394893273266544
"ZS1","2018-09-01",3.7891382132134446
"ZC2","2018-09-01",25.757810704606918
"ZC4","2018-09-01",45.15853064074738
"ZS3","2018-09-01",9.535731432792435
"ZC1","2018-09-06",108.91275537236979
"ZC3","2018-09-06",45.734071979412555
"ZS2","2018-09-06",2.923559927577057
"ZS1","2018-09-06",3.73895095211128
"ZC2","2018-09-06",30.361804515010917
"ZC4","2018-09-06",40.27847923725789
"ZS3","2018-09-06",7.826302255855563
"ZC1","2018-09-11",110.16348112004029
"ZC3","2018-09-11",41.040572903712786
"ZS2","2018-09-11",2.4027638271179863
"ZS1","2018-09-11",3.6260296146314093
"ZC2","2018-09-11",28.59387089181578
"ZC4","2018-09-11",38.84438379310347
"ZS3","2018-09-11",9.679900158558196
"ZC1","2018-09-16",112.54318055144877
"ZC3","2018-09-16",43.82802658012603
"ZS2","2018-09-16",1.7044236015024137
"ZS1","2018-09-16",3.6385764299069505
"ZC2","2018-09-16",27.329307258558146
"ZC4","2018-09-16",35.037324664376996
"ZS3","2018-09-16",6.322828401441204
"ZC1","2018-09-21",115.57591378031353
"ZC3","2018-09-21",35.73008803402431
"ZS2","2018-09-21",1.7872775265754477
"ZS1","2018-09-21",3.2872656021917965
"ZC2","2018-09-21",26.764550684481925
"ZC4","2018-09-21",34.39765619288366
"ZS3","2018-09-21",6.158064143423193
"ZC1","2018-09-26",129.9979991715938
"ZC3","2018-09-26",38.67178815893473
"ZS2","2018-09-26",2.1186932268675838
"ZS1","2018-09-26",3.3249060480184203
"ZC2","2018-09-26",27.955450416773097
"ZC4","2018-09-26",35.274621032834204
"ZS3","2018-09-26",6.343423933693456
"ZC1","2018-10-01",136.90466170740262
"ZC3","2018-10-01",36.23689779337217
"ZS2","2018-10-01",1.822786351606748
"ZS1","2018-10-01",3.2370783410896316
"ZC2","2018-10-01",26.175239476750214
"ZC4","2018-10-01",33.39688455199892
"ZS3","2018-10-01",5.8285356273871685
"ZC1","2018-10-11",137.4691485492716
"ZC3","2018-10-11",40.91937926560786
"ZS2","2018-10-11",1.8109500765963147
"ZS1","2018-10-11",3.2747187869162553
"ZC2","2018-10-11",27.21881140710845
"ZC4","2018-10-11",32.953243515318064
"ZS3","2018-10-11",6.240446272432199
"ZC1","2018-10-16",143.32431598748133
"ZC3","2018-10-16",38.46245369311713
"ZS2","2018-10-16",1.3493353511894108
"ZS1","2018-10-16",2.9108611439255605
"ZC2","2018-10-16",25.09483559590874
"ZC4","2018-10-16",30.735038331913746
"ZS3","2018-10-16",6.075682014414187
"ZC1","2018-10-21",142.3392311065727
"ZC3","2018-10-21",29.361913231783777
"ZS2","2018-10-21",0.7456853256573059
"ZS1","2018-10-21",3.2998124174673373
"ZC2","2018-10-21",25.205331447358436
"ZC4","2018-10-21",29.775535624673736
"ZS3","2018-10-21",5.334242853333134
"ZC1","2018-10-26",145.00670814363988
"ZC3","2018-10-26",27.6982551087071
"ZS2","2018-10-26",0.6154863005425383
"ZS1","2018-10-26",3.42528057022275
"ZC2","2018-10-26",24.726516091076416
"ZC4","2018-10-26",29.259673954114596
"ZS3","2018-10-26",5.313647321080882
"ZC1","2018-10-31",145.50478476881838
"ZC3","2018-10-31",30.022969439628817
"ZS2","2018-10-31",0.7811941506886064
"ZS1","2018-10-31",3.6511232451824913
"ZC2","2018-10-31",23.449675140991044
"ZC4","2018-10-31",28.568419315565347
"ZS3","2018-10-31",5.025309869549361
"ZC1","2018-11-10",117.62356212826967
"ZC3","2018-11-10",28.37032892001622
"ZS2","2018-11-10",0.46161472540690374
"ZS1","2018-11-10",3.5883891688047855
"ZC2","2018-11-10",23.486507091474277
"ZC4","2018-11-10",25.628007793378227
"ZS3","2018-11-10",4.8811411437836005
"ZC1","2018-11-15",122.4272344688803
"ZC3","2018-11-15",28.26015288537538
"ZS2","2018-11-15",0.4261059003756034
"ZS1","2018-11-15",3.538201907702621
"ZC2","2018-11-15",22.06233833945597
"ZC4","2018-11-15",22.522520536612184
"ZS3","2018-11-15",4.469230498738571
"ZC1","2018-11-20",115.9301016026627
"ZC3","2018-11-20",25.693051278243818
"ZS2","2018-11-20",0.26039805022953544
"ZS1","2018-11-20",3.42528057022275
"ZC2","2018-11-20",20.58906032012669
"ZC4","2018-11-20",20.92334935787884
"ZS3","2018-11-20",4.345657305225062
"ZC1","2018-11-25",115.96330671100795
"ZC3","2018-11-25",30.133145474269654
"ZS2","2018-11-25",0.29590687526083576
"ZS1","2018-11-25",3.6762168757335743
"ZC2","2018-11-25",20.51539641916023
"ZC4","2018-11-25",20.386853220497333
"ZS3","2018-11-25",4.160297514954799
"ZC1","2018-12-05",114.98929019954772
"ZC3","2018-12-05",29.28479000753519
"ZS2","2018-12-05",0.165707850146068
"ZS1","2018-12-05",3.4127337549472085
"ZC2","2018-12-05",18.452807192099232
"ZC4","2018-12-05",19.33449541255668
"ZS3","2018-12-05",3.5012404828827517
"ZC1","2018-12-10",111.08215578425845
"ZC3","2018-12-10",30.000934232700647
"ZS2","2018-12-10",0.2012166751773683
"ZS1","2018-12-10",3.6762168757335743
"ZC2","2018-12-10",16.783092103526048
"ZC4","2018-12-10",18.63292354059625
"ZS3","2018-12-10",3.3364762248647404
"ZC1","2018-12-15",115.36561476079372
"ZC3","2018-12-15",35.99451051716233
"ZS2","2018-12-15",0.3905970753443032
"ZS1","2018-12-15",3.902059550693316
"ZC2","2018-12-15",17.532008430018433
"ZC4","2018-12-15",20.541611721665074
"ZS3","2018-12-15",3.006947708828716
"ZC1","2018-12-20",109.80929329769111
"ZC3","2018-12-20",30.474691181656258
"ZS2","2018-12-20",0.17754412515650142
"ZS1","2018-12-20",3.6762168757335743
"ZC2","2018-12-20",17.200520875669344
"ZC4","2018-12-20",17.35358659760957
"ZS3","2018-12-20",2.5126549347746807
"ZC1","2018-12-25",112.6760009848297
"ZC3","2018-12-25",34.65036289454409
"ZS2","2018-12-25",0.2130529501878017
"ZS1","2018-12-25",4.040074518724269
"ZC2","2018-12-25",18.244092806027588
"ZC4","2018-12-25",17.63215189971151
"ZS3","2018-12-25",2.2449130154954116
"ZC1","2019-01-09",110.8386516563934
"ZC3","2019-01-09",36.90897160468129
"ZS2","2019-01-09",0.07101765006260058
"ZS1","2019-01-09",3.362546493845044
"ZC2","2019-01-09",18.415975241616003
"ZC4","2019-01-09",16.600428558593226
"ZS3","2019-01-09",1.070967677117077
"ZC1","2019-01-19",103.46711760375129
"ZC3","2019-01-19",11.293043550686068
"ZS2","2019-01-19",0.047345100041733715
"ZS1","2019-01-19",3.5883891688047855
"ZC2","2019-01-19",13.480493876862916
"ZC4","2019-01-19",16.54884239153731
"ZS3","2019-01-19",0.1029776612612574
"ZC1","2019-01-29",131.03842589974448
"ZC3","2019-01-29",69.19054975444732
"ZS2","2019-01-29",3.976988403505632
"ZS1","2019-01-29",7.917040438866502
"ZC2","2019-01-29",37.4703709582747
"ZC4","2019-01-29",28.898570784723194
"ZS3","2019-01-29",3.89255559567553
"ZC1","2019-02-13",137.9340200661049
"ZC3","2019-02-13",108.56746453508343
"ZS2","2019-02-13",5.267142379642876
"ZS1","2019-02-13",16.775092023398596
"ZC2","2019-02-13",74.00766583764084
"ZC4","2019-02-13",57.054300763841226
"ZS3","2019-02-13",11.574689125765332
"ZC1","2019-02-18",133.96047543412513
"ZC3","2019-02-18",104.30365199448293
"ZS2","2019-02-18",4.994908054402907
"ZS1","2019-02-18",15.758799986079756
"ZC2","2019-02-18",67.9672259583908
"ZC4","2019-02-18",41.8363814823465
"ZS3","2019-02-18",8.114639707387084
"ZC1","2019-02-23",135.49897878745435
"ZC3","2019-02-23",101.89079683584855
"ZS2","2019-02-23",5.077761979475941
"ZS1","2019-02-23",15.796440431906381
"ZC2","2019-02-23",66.81315817658286
"ZC4","2019-02-23",36.1206341725512
"ZS3","2019-02-23",5.5401981758556484
"ZC1","2019-02-28",131.2376565498159
"ZC3","2019-02-28",88.84595433437313
"ZS2","2019-02-28",4.083514878599533
"ZS1","2019-02-28",14.679773872383214
"ZC2","2019-02-28",60.981432683404456
"ZC4","2019-02-28",27.18591003846684
"ZS3","2019-02-28",4.757567950270092
"ZC1","2019-03-05",132.51051903638324
"ZC3","2019-03-05",86.43309917573873
"ZS2","2019-03-05",3.787608003338697
"ZS1","2019-03-05",14.516665273801177
"ZC2","2019-03-05",58.39091883275047
"ZC4","2019-03-05",27.04146877071028
"ZS3","2019-03-05",4.922332208288104
"ZC1","2019-03-10",133.08607424770065
"ZC3","2019-03-10",70.4465565493529
"ZS2","2019-03-10",3.4680285780569946
"ZS1","2019-03-10",12.65973661302108
"ZC2","2019-03-10",52.289092369361704
"ZC4","2019-03-10",25.514518225855216
"ZS3","2019-03-10",4.922332208288104
"ZC1","2019-03-15",133.03073240045856
"ZC3","2019-03-15",69.85160596229237
"ZS2","2019-03-15",3.527209953109162
"ZS1","2019-03-15",12.120223556172808
"ZC2","2019-03-15",50.766705082721444
"ZC4","2019-03-15",24.94707038824016
"ZS3","2019-03-15",4.7369724180178405
"ZC1","2019-03-20",128.21599169039956
"ZC3","2019-03-20",63.85802967783068
"ZS2","2019-03-20",2.6986707023788217
"ZS1","2019-03-20",10.489137570352451
"ZC2","2019-03-20",45.254189827064394
"ZC4","2019-03-20",25.1018288894079
"ZS3","2019-03-20",4.675185821261086
"ZC1","2019-03-25",129.83197362986763
"ZC3","2019-03-25",66.95397625123829
"ZS2","2019-03-25",2.734179527410122
"ZS1","2019-03-25",10.57696527728124
"ZC2","2019-03-25",44.17378594622292
"ZC4","2019-03-25",26.154186697348553
"ZS3","2019-03-25",4.839950079279098
"ZC1","2019-03-30",133.99368054247037
"ZC3","2019-03-30",72.40768996595985
"ZS2","2019-03-30",3.894134478432598
"ZS1","2019-03-30",12.245691708928218
"ZC2","2019-03-30",46.887072965154346
"ZC4","2019-03-30",27.897799143838455
"ZS3","2019-03-30",5.2518607243241275
"ZC1","2019-04-09",128.59231625164554
"ZC3","2019-04-09",67.05313468241503
"ZS2","2019-04-09",1.6925873264919804
"ZS1","2019-04-09",7.954680884693126
"ZC2","2019-04-09",36.67234536447133
"ZC4","2019-04-09",32.138182075834614
"ZS3","2019-04-09",6.384614998197959
"ZC1","2019-04-14",130.68423807739532
"ZC3","2019-04-14",71.66951053386622
"ZS2","2019-04-14",1.5742245763876461
"ZS1","2019-04-14",6.549437573832511
"ZC2","2019-04-14",35.874319770667974
"ZC4","2019-04-14",29.20808778705868
"ZS3","2019-04-14",6.096277546666438
"ZC1","2019-04-19",129.63274297979623
"ZC3","2019-04-19",70.20416927314305
"ZS2","2019-04-19",1.4676981012937451
"ZS1","2019-04-19",6.373782159974934
"ZC2","2019-04-19",35.50600026583565
"ZC4","2019-04-19",30.466790263222986
"ZS3","2019-04-19",6.5699747884682225
"ZC1","2019-04-24",131.00522079139927
"ZC3","2019-04-24",69.08037371980649
"ZS2","2019-04-24",1.6334059514398132
"ZS1","2019-04-24",6.499250312730346
"ZC2","2019-04-24",37.752749245312806
"ZC4","2019-04-24",31.457244670696543
"ZS3","2019-04-24",7.867493320360065
"ZC1","2019-04-29",125.93590758402676
"ZC3","2019-04-29",72.70516525949012
"ZS2","2019-04-29",1.3730079012102778
"ZS1","2019-04-29",6.072658593361945
"ZC2","2019-04-29",32.4489483757274
"ZC4","2019-04-29",31.99374080807805
"ZS3","2019-04-29",6.878907772251995
"ZC1","2019-05-04",123.79971228048333
"ZC3","2019-05-04",73.02467575994854
"ZS2","2019-05-04",0.7575216006677394
"ZS1","2019-05-04",6.950935662649829
"ZC2","2019-05-04",32.8418225142152
"ZC4","2019-05-04",35.49128293446904
"ZS3","2019-05-04",7.682133530089802
"ZC1","2019-05-14",121.59710676024943
"ZC3","2019-05-14",80.26324123585171
"ZS2","2019-05-14",0.29590687526083576
"ZS1","2019-05-14",4.265917193684011
"ZC2","2019-05-14",30.889729138603908
"ZC4","2019-05-14",33.78893942162387
"ZS3","2019-05-14",9.638709094053693
"ZC1","2019-05-19",125.99124943126883
"ZC3","2019-05-19",76.8367665585216
"ZS2","2019-05-19",0.331415700292136
"ZS1","2019-05-19",6.8505611404455
"ZC2","2019-05-19",30.58279621791031
"ZC4","2019-05-19",41.599085113889295
"ZS3","2019-05-19",11.492306996756326
"ZC1","2019-05-24",124.70731857525308
"ZC3","2019-05-24",51.48526098766439
"ZS2","2019-05-24",0.18938040016693486
"ZS1","2019-05-24",3.7640445826623625
"ZC2","2019-05-24",29.10951819858103
"ZC4","2019-05-24",34.82066276274215
"ZS3","2019-05-24",9.700495690810447
"ZC1","2019-06-03",98.25391559354944
"ZC3","2019-06-03",17.90360562913645
"ZS2","2019-06-03",0.05918137505216714
"ZS1","2019-06-03",3.73895095211128
"ZC2","2019-06-03",26.838214585448387
"ZC4","2019-06-03",37.234895380958946
"ZS3","2019-06-03",10.524316980900506
"ZC1","2019-06-08",86.18939289478084
"ZC3","2019-06-08",34.30881718715748
"ZS2","2019-06-08",0.11836275010433428
"ZS1","2019-06-08",5.5456923517892145
"ZC2","2019-06-08",29.858434525073413
"ZC4","2019-06-08",45.24106850803685
"ZS3","2019-06-08",11.801239980540098
"ZC1","2019-06-18",101.2755804529658
"ZC3","2019-06-18",13.110948122259924
"ZS2","2019-06-18",0.2130529501878017
"ZS1","2019-06-18",3.8518722895911512
"ZC2","2019-06-18",24.407305853555076
"ZC4","2019-06-18",39.58722459870864
"ZS3","2019-06-18",11.245160609729309
"ZC1","2019-06-23",87.29622983962199
"ZC3","2019-06-23",26.23291384798393
"ZS2","2019-06-23",0.11836275010433428
"ZS1","2019-06-23",4.6423216519502475
"ZC2","2019-06-23",28.67981210960999
"ZC4","2019-06-23",48.90368636900676
"ZS3","2019-06-23",12.542679141621152
"ZC1","2019-07-03",105.91322725185024
"ZC3","2019-07-03",22.101312548952443
"ZS2","2019-07-03",1.9411491017110825
"ZS1","2019-07-03",5.257115600451766
"ZC2","2019-07-03",34.58520150375485
"ZC4","2019-07-03",46.43786758373406
"ZS3","2019-07-03",13.63424235099048
"ZC1","2019-07-08",93.54985857797453
"ZC3","2019-07-08",30.639955233617517
"ZS2","2019-07-08",0.05918137505216714
"ZS1","2019-07-08",5.1943815240740605
"ZC2","2019-07-08",29.42872843610237
"ZC4","2019-07-08",50.389367980217095
"ZS3","2019-07-08",14.210917254053522
"ZC1","2019-07-18",98.33139417968832
"ZC3","2019-07-18",37.39374615710099
"ZS2","2019-07-18",0.10652647509390085
"ZS1","2019-07-18",4.855617511634447
"ZC2","2019-07-18",27.881786515806628
"ZC4","2019-07-18",41.75384361505704
"ZS3","2019-07-18",13.387095963963462
"ZC1","2019-07-28",98.6966503714859
"ZC3","2019-07-28",35.46566555088629
"ZS2","2019-07-28",0
"ZS1","2019-07-28",3.7514977673868213
"ZC2","2019-07-28",25.917415823367588
"ZC4","2019-07-28",36.925378378623456
"ZS3","2019-07-28",12.110172964323871
"ZC1","2019-08-02",117.02587017805546
"ZC3","2019-08-02",44.14753708058447
"ZS2","2019-08-02",0
"ZS1","2019-08-02",3.8393254743156096
"ZC2","2019-08-02",26.175239476750214
"ZC4","2019-08-02",36.09999970572883
"ZS3","2019-08-02",11.67766678702659
"ZC1","2019-08-07",105.45942410446537
"ZC3","2019-08-07",42.07622762933668
"ZS2","2019-08-07",0
"ZS1","2019-08-07",4.102808595101975
"ZC2","2019-08-07",26.850491902276133
"ZC4","2019-08-07",40.49514113889273
"ZS3","2019-08-07",11.533498061260829
"ZC1","2019-08-12",102.67019500346566
"ZC3","2019-08-12",32.76635270218572
"ZS2","2019-08-12",0
"ZS1","2019-08-12",3.7514977673868213
"ZC2","2019-08-12",25.11939022956423
"ZC4","2019-08-12",34.531780227229035
"ZS3","2019-08-12",10.235979529368986
"ZC1","2019-08-17",104.16442487900122
"ZC3","2019-08-17",36.99711243239397
"ZS2","2019-08-17",0
"ZS1","2019-08-17",3.538201907702621
"ZC2","2019-08-17",24.62829755645447
"ZC4","2019-08-17",34.52146299381785
"ZS3","2019-08-17",10.050619739098723
"ZC1","2019-08-22",102.98010934802117
"ZC3","2019-08-22",37.779362278343925
"ZS2","2019-08-22",0
"ZS1","2019-08-22",3.6134827993558676
"ZC2","2019-08-22",25.79464265509015
"ZC4","2019-08-22",36.265075440307754
"ZS3","2019-08-22",10.071215271350974
"ZC1","2019-08-27",105.26019345439397
"ZC3","2019-08-27",38.92519303860867
"ZS2","2019-08-27",0.011836275010433429
"ZS1","2019-08-27",3.513108277151538
"ZC2","2019-08-27",25.291272665152647
"ZC4","2019-08-27",37.162674747080665
"ZS3","2019-08-27",10.83324996468428
"ZC1","2019-09-01",106.04604768523119
"ZC3","2019-09-01",39.674390074166375
"ZS2","2019-09-01",0
"ZS1","2019-09-01",3.4378273854982915
"ZC2","2019-09-01",24.824734625698373
"ZC4","2019-09-01",34.33575279241656
"ZS3","2019-09-01",10.58610357765726
"ZC1","2019-09-06",112.46570196530989
"ZC3","2019-09-06",30.5848672162971
"ZS2","2019-09-06",0
"ZS1","2019-09-06",3.01123566612989
"ZC2","2019-09-06",13.455939243207427
"ZC4","2019-09-06",32.90165734826215
"ZS3","2019-09-06",9.350371642522171
"ZC1","2019-09-11",110.41805361735375
"ZC3","2019-09-11",30.48570878512034
"ZS2","2019-09-11",0.579977475511238
"ZS1","2019-09-11",3.4127337549472085
"ZC2","2019-09-11",10.4357193035824
"ZC4","2019-09-11",38.019005120208845
"ZS3","2019-09-11",11.306947206486063
"ZC1","2019-09-16",104.41899737631468
"ZC3","2019-09-16",22.43184065287496
"ZS2","2019-09-16",0.497123550438204
"ZS1","2019-09-16",3.550748722978162
"ZC2","2019-09-16",22.221943458216643
"ZC4","2019-09-16",36.90474391180109
"ZS3","2019-09-16",11.698262319278841
"ZC1","2019-09-21",92.88575641106983
"ZC3","2019-09-21",8.461519460416488
"ZS2","2019-09-21",0.2840706002504023
"ZS1","2019-09-21",3.136703818885302
"ZC2","2019-09-21",21.215203478341635
"ZC4","2019-09-21",32.736581613683214
"ZS3","2019-09-21",8.402977158918604
"ZC1","2019-09-26",84.66195791090004
"ZC3","2019-09-26",12.758384811409236
"ZS2","2019-09-26",0.29590687526083576
"ZS1","2019-09-26",3.3249060480184203
"ZC2","2019-09-26",22.774422715465125
"ZC4","2019-09-26",32.56118864569311
"ZS3","2019-09-26",7.002480965765503
"ZC1","2019-10-06",93.50558510018088
"ZC3","2019-10-06",17.914623232600533
"ZS2","2019-10-06",0.10652647509390085
"ZS1","2019-10-06",3.186891079987467
"ZC2","2019-10-06",20.18390886481114
"ZC4","2019-10-06",31.94215464102214
"ZS3","2019-10-06",5.972704353152929
"ZC1","2019-10-11",83.99785574399534
"ZC3","2019-10-11",21.352115513394732
"ZS2","2019-10-11",0.331415700292136
"ZS1","2019-10-11",3.073969742507596
"ZC2","2019-10-11",22.66392686401543
"ZC4","2019-10-11",32.303257810413534
"ZS3","2019-10-11",5.931513288648427
"ZC1","2019-10-21",101.61869990586655
"ZC3","2019-10-21",13.749969123176793
"ZS2","2019-10-21",0.2130529501878017
"ZS1","2019-10-21",2.9986888508543488
"ZC2","2019-10-21",18.514193776237956
"ZC4","2019-10-21",29.156501620002768
"ZS3","2019-10-21",5.437220514594391
"ZC1","2019-10-26",71.24709413942523
"ZC3","2019-10-26",8.968329219764351
"ZS2","2019-10-26",0.17754412515650142
"ZS1","2019-10-26",3.2119847105385495
"ZC2","2019-10-26",18.698353528654113
"ZC4","2019-10-26",27.134323871410924
"ZS3","2019-10-26",5.210669659819625
"ZC1","2019-11-05",91.48007349112156
"ZC3","2019-11-05",17.330690249004086
"ZS2","2019-11-05",0.248561775219102
"ZS1","2019-11-05",3.249625156365173
"ZC2","2019-11-05",19.570043023423942
"ZC4","2019-11-05",25.34944249127629
"ZS3","2019-11-05",5.14888306306287
"ZC1","2019-11-10",81.21969501244405
"ZC3","2019-11-10",20.360531201627175
"ZS2","2019-11-10",0.13019902511476772
"ZS1","2019-11-10",3.1743442647119258
"ZC2","2019-11-10",19.164891568108388
"ZC4","2019-11-10",24.142326182167896
"ZS3","2019-11-10",4.819354547026847
"ZC1","2019-11-15",81.88379717934873
"ZC3","2019-11-15",21.550432375748244
"ZS2","2019-11-15",0.082853925073034
"ZS1","2019-11-15",3.375093309120585
"ZC2","2019-11-15",19.41043790466327
"ZC4","2019-11-15",24.070105548289614
"ZS3","2019-11-15",4.757567950270092
"ZC1","2019-11-20",85.37033355559838
"ZC3","2019-11-20",24.86673101843752
"ZS2","2019-11-20",0.05918137505216714
"ZS1","2019-11-20",3.2119847105385495
"ZC2","2019-11-20",19.926085211428514
"ZC4","2019-11-20",24.111374481934348
"ZS3","2019-11-20",4.7369724180178405
"ZC1","2019-11-25",86.32221332816177
"ZC3","2019-11-25",21.25295708221798
"ZS2","2019-11-25",0.09469020008346743
"ZS1","2019-11-25",3.161797449436384
"ZC2","2019-11-25",19.398160587835523
"ZC4","2019-11-25",22.2130035342767
"ZS3","2019-11-25",4.325061772972811
"ZC1","2019-11-30",82.34866869618202
"ZC3","2019-11-30",20.73512971940603
"ZS2","2019-11-30",0.023672550020866857
"ZS1","2019-11-30",3.0614229272320546
"ZC2","2019-11-30",17.826664033884292
"ZC4","2019-11-30",19.540840080780338
"ZS3","2019-11-30",3.768982402162021
"ZC1","2019-12-10",82.52576260735661
"ZC3","2019-12-10",23.853111499741793
"ZS2","2019-12-10",0.09469020008346743
"ZS1","2019-12-10",3.1241570036097612
"ZC2","2019-12-10",16.66031893524861
"ZC4","2019-12-10",17.673420833356243
"ZS3","2019-12-10",3.048138773333219
"ZC1","2019-12-20",84.19708639406676
"ZC3","2019-12-20",26.827864435044468
"ZS2","2019-12-20",0.10652647509390085
"ZS1","2019-12-20",3.0363292966809725
"ZC2","2019-12-20",16.770814786698306
"ZC4","2019-12-20",16.755187059760967
"ZS3","2019-12-20",0.8856078868468136
"ZC1","2019-12-25",84.07533433013423
"ZC3","2019-12-25",24.844695811509354
"ZS2","2019-12-25",0.10652647509390085
"ZS1","2019-12-25",3.199437895263008
"ZC2","2019-12-25",16.93041990545898
"ZC4","2019-12-25",16.30122878966892
"ZS3","2019-12-25",0
"ZC1","2019-12-30",85.22644475276903
"ZC3","2019-12-30",29.637353318385877
"ZS2","2019-12-30",0.11836275010433428
"ZS1","2019-12-30",3.4503742007738323
"ZC2","2019-12-30",17.61794964781264
"ZC4","2019-12-30",16.755187059760967
"ZS3","2019-12-30",0.04119106450450296
"ZC1","2020-01-04",88.46947700115362
"ZC3","2020-01-04",30.882342509827367
"ZS2","2020-01-04",0.082853925073034
"ZS1","2020-01-04",3.538201907702621
"ZC2","2020-01-04",18.575580360376676
"ZC4","2020-01-04",16.517890691303762
"ZS3","2020-01-04",0
"ZC1","2020-01-09",90.9487917575978
"ZC3","2020-01-09",28.95426190361267
"ZS2","2020-01-09",0.09469020008346743
"ZS1","2020-01-09",3.2245315258140907
"ZC2","2020-01-09",18.50191645941021
"ZC4","2020-01-09",17.075021295507636
"ZS3","2020-01-09",0
"ZC1","2020-01-14",90.06332220172489
"ZC3","2020-01-14",32.270560546301944
"ZS2","2020-01-14",0.10652647509390085
"ZS1","2020-01-14",3.375093309120585
"ZC2","2020-01-14",18.072210370439173
"ZC4","2020-01-14",15.86790498639924
"ZS3","2020-01-14",0
"ZC1","2020-01-19",95.22118236468468
"ZC3","2020-01-19",42.483878957507784
"ZS2","2020-01-19",0.14203530012520116
"ZS1","2020-01-19",3.9271531812443983
"ZC2","2020-01-19",25.598205585846245
"ZC4","2020-01-19",18.828950975408723
"ZS3","2020-01-19",1.791811305945879
"ZC1","2020-01-24",96.92571125974005
"ZC3","2020-01-24",47.04516679163855
"ZS2","2020-01-24",0.2012166751773683
"ZS1","2020-01-24",4.391385346439423
"ZC2","2020-01-24",27.464357743663335
"ZC4","2020-01-24",25.008973788707255
"ZS3","2020-01-24",3.8101734666665243
"ZC1","2020-02-03",101.31985393075945
"ZC3","2020-02-03",36.303003414156684
"ZS2","2020-02-03",0.13019902511476772
"ZS1","2020-02-03",2.9234079592011013
"ZC2","2020-02-03",24.9720624276313
"ZC4","2020-02-03",21.645555696661642
"ZS3","2020-02-03",3.274689628107985
"ZC1","2020-02-13",96.04024170386712
"ZC3","2020-02-13",37.48188698481366
"ZS2","2020-02-13",0.13019902511476772
"ZS1","2020-02-13",3.0363292966809725
"ZC2","2020-02-13",22.541153695737986
"ZC4","2020-02-13",18.127379103448288
"ZS3","2020-02-13",2.265508547747663
"ZC1","2020-02-18",96.92571125974005
"ZC3","2020-02-18",42.583037388684545
"ZS2","2020-02-18",0.18938040016693486
"ZS1","2020-02-18",3.2119847105385495
"ZC2","2020-02-18",23.486507091474277
"ZC4","2020-02-18",19.499571147135605
"ZS3","2020-02-18",2.9245655798197103
"ZC1","2020-02-23",99.82562405522388
"ZC3","2020-02-23",40.33544628201141
"ZS2","2020-02-23",0.09469020008346743
"ZS1","2020-02-23",3.2245315258140907
"ZC2","2020-02-23",24.57918828914349
"ZC4","2020-02-23",20.851128724000564
"ZS3","2020-02-23",3.006947708828716
"ZC1","2020-02-28",98.51955646031132
"ZC3","2020-02-28",41.0295553002487
"ZS2","2020-02-28",0.09469020008346743
"ZS1","2020-02-28",2.961048405027725
"ZC2","2020-02-28",22.89719588374256
"ZC4","2020-02-28",19.963846650638835
"ZS3","2020-02-28",2.7598013218016986
"ZC1","2020-03-04",95.96276311772824
"ZC3","2020-03-04",38.50652410697347
"ZS2","2020-03-04",0.09469020008346743
"ZS1","2020-03-04",3.01123566612989
"ZC2","2020-03-04",22.749868081809637
"ZC4","2020-03-04",19.50988838054679
"ZS3","2020-03-04",2.327295144504417
"ZC1","2020-03-14",102.67019500346566
"ZC3","2020-03-14",53.567588042376265
"ZS2","2020-03-14",0.17754412515650142
"ZS1","2020-03-14",4.303557639510634
"ZC2","2020-03-14",29.20773673320298
"ZC4","2020-03-14",26.1851383975821
"ZS3","2020-03-14",4.098510918198045
"ZC1","2020-03-19",99.00656471604142
"ZC3","2020-03-19",45.27133263392103
"ZS2","2020-03-19",0.14203530012520116
"ZS1","2020-03-19",3.01123566612989
"ZC2","2020-03-19",26.01563435798954
"ZC4","2020-03-19",23.739954079131763
"ZS3","2020-03-19",3.9131511279277813
"ZC1","2020-03-24",106.35596202978671
"ZC3","2020-03-24",47.331624481704736
"ZS2","2020-03-24",0.13019902511476772
"ZS1","2020-03-24",3.5883891688047855
"ZC2","2020-03-24",26.838214585448387
"ZC4","2020-03-24",24.792311887072415
"ZS3","2020-03-24",4.2220841117115535
"ZC1","2020-03-29",105.95750072964388
"ZC3","2020-03-29",43.44241045888309
"ZS2","2020-03-29",0.03550882503130029
"ZS1","2020-03-29",3.023782481405431
"ZC2","2020-03-29",23.781162695340132
"ZC4","2020-03-29",23.750271312542946
"ZS3","2020-03-29",4.139701982702547
"ZC1","2020-04-13",111.90121512344089
"ZC3","2020-04-13",50.31739502047149
"ZS2","2020-04-13",0.03550882503130029
"ZS1","2020-04-13",2.835580252272313
"ZC2","2020-04-13",22.676204180843172
"ZC4","2020-04-13",24.142326182167896
"ZS3","2020-04-13",4.551612627747577
"ZC1","2020-04-18",93.16246564728011
"ZC3","2020-04-18",49.50209236412927
"ZS2","2020-04-18",0.011836275010433429
"ZS1","2020-04-18",3.4629210160493735
"ZC2","2020-04-18",26.396231179649607
"ZC4","2020-04-18",27.784309576315444
"ZS3","2020-04-18",5.210669659819625
"ZC1","2020-04-23",95.32079768972038
"ZC3","2020-04-23",49.48005715720111
"ZS2","2020-04-23",0.023672550020866857
"ZS1","2020-04-23",3.2872656021917965
"ZC2","2020-04-23",26.838214585448387
"ZC4","2020-04-23",27.361303006456946
"ZS3","2020-04-23",5.499007111351145
"ZC1","2020-04-28",111.76839469005996
"ZC3","2020-04-28",50.780134365963015
"ZS2","2020-04-28",0
"ZS1","2020-04-28",3.0488761119565138
"ZC2","2020-04-28",26.285735328199912
"ZC4","2020-04-28",27.77399234290426
"ZS3","2020-04-28",5.581389240360151
"ZC1","2020-05-08",84.94973551655875
"ZC3","2020-05-08",53.30316555923824
"ZS2","2020-05-08",0.047345100041733715
"ZS1","2020-05-08",3.7514977673868213
"ZC2","2020-05-08",28.213274070155716
"ZC4","2020-05-08",32.21040270971289
"ZS3","2020-05-08",6.158064143423193
"ZC1","2020-05-13",98.25391559354944
"ZC3","2020-05-13",53.69979928394527
"ZS2","2020-05-13",0.05918137505216714
"ZS1","2020-05-13",3.6636700604580326
"ZC2","2020-05-13",28.18871943650023
"ZC4","2020-05-13",33.86116005550215
"ZS3","2020-05-13",6.52878372396372
"ZC1","2020-05-18",103.74382683996159
"ZC3","2020-05-18",56.883886685065534
"ZS2","2020-05-18",0.011836275010433429
"ZS1","2020-05-18",3.7765913979379038
"ZC2","2020-05-18",29.121795515408774
"ZC4","2020-05-18",39.25707312955079
"ZS3","2020-05-18",8.89726993297264
"ZC1","2020-05-23",97.88865940175185
"ZC3","2020-05-23",56.25588328761275
"ZS2","2020-05-23",0
"ZS1","2020-05-23",3.4503742007738323
"ZC2","2020-05-23",26.997819704209057
"ZC4","2020-05-23",33.665132620689675
"ZS3","2020-05-23",6.611165852972725
"ZC1","2020-05-28",94.11434541984352
"ZC3","2020-05-28",59.583199533766106
"ZS2","2020-05-28",0.011836275010433429
"ZS1","2020-05-28",4.215729932581846
"ZC2","2020-05-28",29.305955267824935
"ZC4","2020-05-28",41.07290620991897
"ZS3","2020-05-28",9.350371642522171
"ZC1","2020-06-02",104.61822802638609
"ZC3","2020-06-02",68.49644073621003
"ZS2","2020-06-02",0
"ZS1","2020-06-02",3.6511232451824913
"ZC2","2020-06-02",27.255643357591683
"ZC4","2020-06-02",39.473735031185626
"ZS3","2020-06-02",10.85384549693653
"ZC1","2020-06-12",85.41460703339203
"ZC3","2020-06-12",16.62556362730271
"ZS2","2020-06-12",0
"ZS1","2020-06-12",3.6385764299069505
"ZC2","2020-06-12",10.288391501649475
"ZC4","2020-06-12",29.89934242560793
"ZS3","2020-06-12",9.741686755314952
"ZC1","2020-06-17",81.23076338189246
"ZC3","2020-06-17",17.606130335606185
"ZS2","2020-06-17",0.6036500255321049
"ZS1","2020-06-17",3.6134827993558676
"ZC2","2020-06-17",17.33557136077453
"ZC4","2020-06-17",31.746127206209664
"ZS3","2020-06-17",9.226798449008664
"ZC1","2020-06-22",77.33469733605159
"ZC3","2020-06-22",20.90039377136729
"ZS2","2020-06-22",0
"ZS1","2020-06-22",3.5883891688047855
"ZC2","2020-06-22",24.935230477148068
"ZC4","2020-06-22",35.52223463470259
"ZS3","2020-06-22",9.988833142341967
"ZC1","2020-06-27",77.30149222770635
"ZC3","2020-06-27",18.168028112274463
"ZS2","2020-06-27",0
"ZS1","2020-06-27",3.7640445826623625
"ZC2","2020-06-27",25.487709734396546
"ZC4","2020-06-27",35.60477250199205
"ZS3","2020-06-27",9.412158239278927
"ZC1","2020-07-02",77.78850048343647
"ZC3","2020-07-02",14.41102533102183
"ZS2","2020-07-02",0
"ZS1","2020-07-02",3.538201907702621
"ZC2","2020-07-02",24.29681000210538
"ZC4","2020-07-02",32.86038841461742
"ZS3","2020-07-02",7.393796078558282
"ZC1","2020-07-07",81.02046436237264
"ZC3","2020-07-07",19.479122924500455
"ZS2","2020-07-07",0
"ZS1","2020-07-07",2.9986888508543488
"ZC2","2020-07-07",11.417904649801923
"ZC4","2020-07-07",32.303257810413534
"ZS3","2020-07-07",8.60893248144112
"ZC1","2020-07-12",75.64123681044462
"ZC3","2020-07-12",20.393584012019424
"ZS2","2020-07-12",0
"ZS1","2020-07-12",3.513108277151538
"ZC2","2020-07-12",24.431860487210564
"ZC4","2020-07-12",31.62232040527547
"ZS3","2020-07-12",6.240446272432199
"ZC1","2020-07-17",77.75529537509124
"ZC3","2020-07-17",28.689839420474655
"ZS2","2020-07-17",0
"ZS1","2020-07-17",3.9898872576221045
"ZC2","2020-07-17",25.806919971917893
"ZC4","2020-07-17",36.39919947465313
"ZS3","2020-07-17",6.54937925621597
"ZC1","2020-07-27",75.48627963816686
"ZC3","2020-07-27",21.991136514311602
"ZS2","2020-07-27",0
"ZS1","2020-07-27",3.6511232451824913
"ZC2","2020-07-27",23.76888537851239
"ZC4","2020-07-27",28.50651591509824
"ZS3","2020-07-27",6.137468611170941
"ZC1","2020-08-01",73.91457117649242
"ZC3","2020-08-01",27.55502626367401
"ZS2","2020-08-01",0
"ZS1","2020-08-01",3.6260296146314093
"ZC2","2020-08-01",24.60374292279898
"ZC4","2020-08-01",30.497741963456534
"ZS3","2020-08-01",6.322828401441204
"ZC1","2020-08-06",77.86597906957535
"ZC3","2020-08-06",36.479285069582026
"ZS2","2020-08-06",0
"ZS1","2020-08-06",3.864419104866692
"ZC2","2020-08-06",25.73325607095143
"ZC4","2020-08-06",36.54364074240969
"ZS3","2020-08-06",8.032257578378077
"ZC1","2020-08-11",81.81738696265828
"ZC3","2020-08-11",38.71585857279107
"ZS2","2020-08-11",0
"ZS1","2020-08-11",3.801685028488986
"ZC2","2020-08-11",26.48217239744381
"ZC4","2020-08-11",37.585681316939166
"ZS3","2020-08-11",9.123820787747405
"ZC1","2020-09-05",77.86597906957535
"ZC3","2020-09-05",11.21592032643748
"ZS2","2020-09-05",0.03550882503130029
"ZS1","2020-09-05",3.3499996785695028
"ZC2","2020-09-05",22.872641250087074
"ZC4","2020-09-05",30.569962597334815
"ZS3","2020-09-05",7.311413949549275
"ZC1","2020-09-10",74.49012638780982
"ZC3","2020-09-10",15.061063935402787
"ZS2","2020-09-10",0.011836275010433429
"ZS1","2020-09-10",3.186891079987467
"ZC2","2020-09-10",22.995414418364515
"ZC4","2020-09-10",31.065189801071597
"ZS3","2020-09-10",7.455582675315036
"ZC1","2020-09-20",73.88136606814719
"ZC3","2020-09-20",20.602918477837022
"ZS2","2020-09-20",0
"ZS1","2020-09-20",3.0363292966809725
"ZC2","2020-09-20",22.98313710153677
"ZC4","2020-09-20",33.108002016485806
"ZS3","2020-09-20",7.805706723603312
"ZC1","2020-09-25",74.70042540732963
"ZC3","2020-09-25",23.831076292813623
"ZS2","2020-09-25",0.011836275010433429
"ZS1","2020-09-25",3.0488761119565138
"ZC2","2020-09-25",23.449675140991044
"ZC4","2020-09-25",33.88179452232452
"ZS3","2020-09-25",8.382381626666353
"ZC1","2020-09-30",81.1754215346504
"ZC3","2020-09-30",25.571857640138894
"ZS2","2020-09-30",0
"ZS1","2020-09-30",2.9861420355788075
"ZC2","2020-09-30",21.706296151451394
"ZC4","2020-09-30",31.054872567660414
"ZS3","2020-09-30",6.837716707747492
"ZC1","2020-10-05",69.17730905257227
"ZC3","2020-10-05",21.219904271825722
"ZS2","2020-10-05",0
"ZS1","2020-10-05",2.9234079592011013
"ZC2","2020-10-05",22.66392686401543
"ZC4","2020-10-05",32.11754760901225
"ZS3","2020-10-05",5.5401981758556484
"ZC1","2020-10-15",79.80294372304736
"ZC3","2020-10-15",12.725332001016984
"ZS2","2020-10-15",0.023672550020866857
"ZS1","2020-10-15",2.5595503162104065
"ZC2","2020-10-15",18.808849380103812
"ZC4","2020-10-15",29.135867153180403
"ZS3","2020-10-15",5.704962433873661
"ZC1","2020-10-20",64.7942347510013
"ZC3","2020-10-20",14.444078141414083
"ZS2","2020-10-20",0
"ZS1","2020-10-20",2.7979398064456893
"ZC2","2020-10-20",19.238555469074853
"ZC4","2020-10-20",29.16681885341395
"ZS3","2020-10-20",5.869726691891672
"ZC1","2020-10-30",65.01560213996952
"ZC3","2020-10-30",16.2179122991316
"ZS2","2020-10-30",0.011836275010433429
"ZS1","2020-10-30",2.6724716536902773
"ZC2","2020-10-30",18.244092806027588
"ZC4","2020-10-30",25.813717994779516
"ZS3","2020-10-30",5.663771369369157
"ZC1","2020-11-09",77.61140657226188
"ZC3","2020-11-09",17.20949661089916
"ZS2","2020-11-09",0.05918137505216714
"ZS1","2020-11-09",2.4466289787305358
"ZC2","2020-11-09",18.072210370439173
"ZC4","2020-11-09",23.39948537656273
"ZS3","2020-11-09",5.396029450089888
"ZC1","2020-11-19",64.45111529810053
"ZC3","2020-11-19",10.929462636371298
"ZS2","2020-11-19",0.047345100041733715
"ZS1","2020-11-19",2.6222843925881127
"ZC2","2020-11-19",13.173560956169315
"ZC4","2020-11-19",19.602743481247437
"ZS3","2020-11-19",4.345657305225062
"ZC1","2020-11-29",47.25086917526896
"ZC3","2020-11-29",15.633979315535152
"ZS2","2020-11-29",0.082853925073034
"ZS1","2020-11-29",2.408988532903912
"ZC2","2020-11-29",13.83653606486749
"ZC4","2020-11-29",17.580565732655597
"ZS3","2020-11-29",3.768982402162021
"ZC1","2020-12-04",60.23406653825573
"ZC3","2020-12-04",17.506971904429427
"ZS2","2020-12-04",0.10652647509390085
"ZS1","2020-12-04",2.4842694245571595
"ZC2","2020-12-04",15.137931648608355
"ZC4","2020-12-04",18.405944405550223
"ZS3","2020-12-04",3.8101734666665243
"ZC1","2020-12-24",70.87076957817924
"ZC3","2020-12-24",22.740333549869312
"ZS2","2020-12-24",0.10652647509390085
"ZS1","2020-12-24",2.6724716536902773
"ZC2","2020-12-24",15.911402608756227
"ZC4","2020-12-24",17.363903831020753
"ZS3","2020-12-24",2.327295144504417
"ZC1","2020-12-29",72.54209336488938
"ZC3","2020-12-29",22.663210325620728
"ZS2","2020-12-29",0.09469020008346743
"ZS1","2020-12-29",2.7352057300679835
"ZC2","2020-12-29",16.31655406407178
"ZC4","2020-12-29",16.90994556092871
"ZS3","2020-12-29",1.6682381124323702
"ZC1","2021-01-03",74.04739160987336
"ZC3","2021-01-03",25.78119210595649
"ZS2","2021-01-03",0.10652647509390085
"ZS1","2021-01-03",3.01123566612989
"ZC2","2021-01-03",18.64924426134314
"ZC4","2021-01-03",20.23209471932959
"ZS3","2021-01-03",2.4714638702701777
"ZC1","2021-01-08",72.44247803985368
"ZC3","2021-01-08",22.608122308300306
"ZS2","2021-01-08",0.082853925073034
"ZS1","2021-01-08",2.823033436996772
"ZC2","2021-01-08",17.48289916270746
"ZC4","2021-01-08",18.57102014012915
"ZS3","2021-01-08",2.327295144504417
"ZC1","2021-01-13",73.95884465428607
"ZC3","2021-01-13",22.98272082607916
"ZS2","2021-01-13",0.082853925073034
"ZS1","2021-01-13",2.220786303770794
"ZC2","2021-01-13",17.200520875669344
"ZC4","2021-01-13",16.08456688803408
"ZS3","2021-01-13",1.4416872576576036
"ZC1","2021-01-18",73.65999867917895
"ZC3","2021-01-18",23.621741826996033
"ZS2","2021-01-18",0.082853925073034
"ZS1","2021-01-18",2.823033436996772
"ZC2","2021-01-18",16.86903332132026
"ZC4","2021-01-18",15.455215649951928
"ZS3","2021-01-18",0
"ZC1","2021-01-28",78.92854253662286
"ZC3","2021-01-28",29.615318111457707
"ZS2","2021-01-28",0.09469020008346743
"ZS1","2021-01-28",2.9735952203032663
"ZC2","2021-01-28",17.691613548779106
"ZC4","2021-01-28",17.570248499244414
"ZS3","2021-01-28",2.2861040799999146
"ZC1","2021-02-07",76.57097984411119
"ZC3","2021-02-07",23.853111499741793
"ZS2","2021-02-07",0.082853925073034
"ZS1","2021-02-07",2.6975652842413598
"ZC2","2021-02-07",17.66705891512362
"ZC4","2021-02-07",14.371906141777727
"ZS3","2021-02-07",0.02059553225225148
"ZC1","2021-02-12",76.93623603590878
"ZC3","2021-02-12",27.665202298314846
"ZS2","2021-02-12",0.07101765006260058
"ZS1","2021-02-12",2.7477525453435243
"ZC2","2021-02-12",17.691613548779106
"ZC4","2021-02-12",14.629836977057298
"ZS3","2021-02-12",0.02059553225225148
"ZC1","2021-02-17",78.22016689192452
"ZC3","2021-02-17",25.61592805399523
"ZS2","2021-02-17",0.05918137505216714
"ZS1","2021-02-17",2.810486621721231
"ZC2","2021-02-17",17.409235261740996
"ZC4","2021-02-17",14.89808504574805
"ZS3","2021-02-17",0.35012404828827515
"ZC1","2021-02-22",80.37849893436476
"ZC3","2021-02-22",26.971093280077557
"ZS2","2021-02-22",0.07101765006260058
"ZS1","2021-02-22",2.810486621721231
"ZC2","2021-02-22",17.740722816090084
"ZC4","2021-02-22",15.310774382195364
"ZS3","2021-02-22",0.9679900158558196
"ZC1","2021-02-27",80.56666121498776
"ZC3","2021-02-27",30.827254492506945
"ZS2","2021-02-27",0.07101765006260058
"ZS1","2021-02-27",3.0614229272320546
"ZC2","2021-02-27",19.852421310462052
"ZC4","2021-02-27",18.13769633685947
"ZS3","2021-02-27",1.3387095963963462
"ZC1","2021-03-04",80.035379481464
"ZC3","2021-03-04",31.719680373097745
"ZS2","2021-03-04",0.047345100041733715
"ZS1","2021-03-04",3.023782481405431
"ZC2","2021-03-04",20.147076914327908
"ZC4","2021-03-04",19.00434394339883
"ZS3","2021-03-04",1.6888336446846215
"ZC1","2021-03-09",80.40063567326159
"ZC3","2021-03-09",33.71386660009694
"ZS2","2021-03-09",0.03550882503130029
"ZS1","2021-03-09",2.9485015897521842
"ZC2","2021-03-09",19.69281619170138
"ZC4","2021-03-09",20.459073854375614
"ZS3","2021-03-09",1.8124068381981304
"ZC1","2021-03-14",88.86793830129643
"ZC3","2021-03-14",38.03276715801786
"ZS2","2021-03-14",0.03550882503130029
"ZS1","2021-03-14",3.136703818885302
"ZC2","2021-03-14",20.503119102332484
"ZC4","2021-03-14",21.067790625635404
"ZS3","2021-03-14",2.327295144504417
"ZC1","2021-03-24",74.45692127946458
"ZC3","2021-03-24",36.53437308690244
"ZS2","2021-03-24",0.011836275010433429
"ZS1","2021-03-24",3.01123566612989
"ZC2","2021-03-24",18.857958647414787
"ZC4","2021-03-24",20.428122154142063
"ZS3","2021-03-24",2.4714638702701777
"ZC1","2021-03-29",81.66242979038051
"ZC3","2021-03-29",36.18180977605176
"ZS2","2021-03-29",0.011836275010433429
"ZS1","2021-03-29",3.0614229272320546
"ZC2","2021-03-29",19.042118399830947
"ZC4","2021-03-29",21.05747339222422
"ZS3","2021-03-29",2.4920594025224294
"ZC1","2021-04-03",72.82987097054809
"ZC3","2021-04-03",37.16237648435523
"ZS2","2021-04-03",0.011836275010433429
"ZS1","2021-04-03",3.249625156365173
"ZC2","2021-04-03",18.96845449886448
"ZC4","2021-04-03",22.18205183404315
"ZS3","2021-04-03",3.006947708828716
"ZC1","2021-04-08",84.68409464979686
"ZC3","2021-04-08",38.58364733122206
"ZS2","2021-04-08",0
"ZS1","2021-04-08",3.2245315258140907
"ZC2","2021-04-08",20.097967647016933
"ZC4","2021-04-08",24.173277882401443
"ZS3","2021-04-08",3.315880692612488
"ZC1","2021-04-18",79.02815786165856
"ZC3","2021-04-18",40.6219039720776
"ZS2","2021-04-18",0
"ZS1","2021-04-18",3.186891079987467
"ZC2","2021-04-18",20.79777470619834
"ZC4","2021-04-18",25.555787159499946
"ZS3","2021-04-18",4.263275176216057
"ZC1","2021-04-28",89.0228954735742
"ZC3","2021-04-28",44.89673411614218
"ZS2","2021-04-28",0
"ZS1","2021-04-28",3.387640124396126
"ZC2","2021-04-28",22.958582467881282
"ZC4","2021-04-28",29.290625654348144
"ZS3","2021-04-28",4.901736676035852
"ZC1","2021-05-03",88.42520352335998
"ZC3","2021-05-03",48.51050805236172
"ZS2","2021-05-03",0.05918137505216714
"ZS1","2021-05-03",3.2998124174673373
"ZC2","2021-05-03",24.62829755645447
"ZC4","2021-05-03",33.035781382607524
"ZS3","2021-05-03",5.6843669016214085
"ZC1","2021-05-08",86.2447347420229
"ZC3","2021-05-08",47.03414918817447
"ZS2","2021-05-08",0
"ZS1","2021-05-08",3.4503742007738323
"ZC2","2021-05-08",22.958582467881282
"ZC4","2021-05-08",29.868390725374383
"ZS3","2021-05-08",6.034490949909683
"ZC1","2021-05-18",83.16772803536448
"ZC3","2021-05-18",54.713418802640994
"ZS2","2021-05-18",0.10652647509390085
"ZS1","2021-05-18",4.228276747857387
"ZC2","2021-05-18",29.183182099547494
"ZC4","2021-05-18",45.07599277345792
"ZS3","2021-05-18",9.988833142341967
"ZC1","2021-06-02",95.78566920655366
"ZC3","2021-06-02",57.236449995916225
"ZS2","2021-06-02",0.05918137505216714
"ZS1","2021-06-02",4.303557639510634
"ZC2","2021-06-02",28.949913079820355
"ZC4","2021-06-02",52.948041866190444
"ZS3","2021-06-02",13.840197673512995
"ZC1","2021-06-07",100.42331600543811
"ZC3","2021-06-07",56.94999230585004
"ZS2","2021-06-07",0
"ZS1","2021-06-07",4.303557639510634
"ZC2","2021-06-07",29.08496356492554
"ZC4","2021-06-07",52.42186296222012
"ZS3","2021-06-07",14.06674852828776
"ZC1","2021-06-12",100.63361502495793
"ZC3","2021-06-12",59.95779805154496
"ZS2","2021-06-12",0
"ZS1","2021-06-12",4.165542671479681
"ZC2","2021-06-12",28.74119869374871
"ZC4","2021-06-12",51.54489812226957
"ZS3","2021-06-12",14.19032172180127
"ZC1","2021-06-17",115.58698214976194
"ZC3","2021-06-17",61.412121708804044
"ZS2","2021-06-17",0.15387157513563457
"ZS1","2021-06-17",4.717602543603494
"ZC2","2021-06-17",26.298012645027654
"ZC4","2021-06-17",55.269419383706584
"ZS3","2021-06-17",14.272703850810277
"ZC1","2021-07-02",94.13648215874034
"ZC3","2021-07-02",25.373540777785383
"ZS2","2021-07-02",0
"ZS1","2021-07-02",3.6134827993558676
"ZC2","2021-07-02",25.7823653382624
"ZC4","2021-07-02",38.84438379310347
"ZS3","2021-07-02",11.100991883963548
"ZC1","2021-07-07",95.39827627585926
"ZC3","2021-07-07",32.490912615583625
"ZS2","2021-07-07",0
"ZS1","2021-07-07",3.902059550693316
"ZC2","2021-07-07",25.168499496875203
"ZC4","2021-07-07",40.67053410688284
"ZS3","2021-07-07",10.462530384143752
"ZC1","2021-07-22",110.88292513418703
"ZC3","2021-07-22",47.46383572327374
"ZS2","2021-07-22",0.03550882503130029
"ZS1","2021-07-22",4.529400314470377
"ZC2","2021-07-22",27.62396286242401
"ZC4","2021-07-22",58.10665857178188
"ZS3","2021-07-22",14.478659173332792
"ZC1","2021-07-27",114.71258096333743
"ZC3","2021-07-27",44.665364443396406
"ZS2","2021-07-27",0
"ZS1","2021-07-27",3.8518722895911512
"ZC2","2021-07-27",22.66392686401543
"ZC4","2021-07-27",48.067990462700955
"ZS3","2021-07-27",12.068981899819367
"ZC1","2021-08-06",111.24818132598462
"ZC3","2021-08-06",48.896124173604655
"ZS2","2021-08-06",0
"ZS1","2021-08-06",3.6260296146314093
"ZC2","2021-08-06",26.53128166475479
"ZC4","2021-08-06",51.02903645171043
"ZS3","2021-08-06",12.728038931891414
"ZC1","2021-08-16",106.86510702441365
"ZC3","2021-08-16",41.56941786998881
"ZS2","2021-08-16",0
"ZS1","2021-08-16",3.4127337549472085
"ZC2","2021-08-16",24.984339744459042
"ZC4","2021-08-16",39.42214886412972
"ZS3","2021-08-16",11.306947206486063
"ZC1","2021-08-21",105.91322725185024
"ZC3","2021-08-21",41.41517142149164
"ZS2","2021-08-21",0
"ZS1","2021-08-21",3.337452863293961
"ZC2","2021-08-21",25.34038193246362
"ZC4","2021-08-21",32.7468988470944
"ZS3","2021-08-21",10.29776612612574
"ZC1","2021-08-26",100.15767513867623
"ZC3","2021-08-26",27.477903039425417
"ZS2","2021-08-26",0
"ZS1","2021-08-26",3.488014646600456
"ZC2","2021-08-26",22.688481497670917
"ZC4","2021-08-26",30.93106576672622
"ZS3","2021-08-26",7.290818417297024
"ZC1","2021-08-31",99.9252393802596
"ZC3","2021-08-31",26.276984261840266
"ZS2","2021-08-31",0
"ZS1","2021-08-31",3.387640124396126
"ZC2","2021-08-31",23.953045130928547
"ZC4","2021-08-31",34.51114576040667
"ZS3","2021-08-31",7.476178207567288
"ZC1","2021-09-05",99.29434232170013
"ZC3","2021-09-05",28.13895924727046
"ZS2","2021-09-05",0
"ZS1","2021-09-05",3.1743442647119258
"ZC2","2021-09-05",22.43065784428829
"ZC4","2021-09-05",33.01514691578516
"ZS3","2021-09-05",7.537964804324042
"ZC1","2021-09-10",97.5455399488511
"ZC3","2021-09-10",26.188843434127595
"ZS2","2021-09-10",0.011836275010433429
"ZS1","2021-09-10",3.2621719716407145
"ZC2","2021-09-10",22.76214539863738
"ZC4","2021-09-10",32.98419521555161
"ZS3","2021-09-10",6.920098836756497
"ZC1","2021-09-15",99.59318829680724
"ZC3","2021-09-15",21.286009892610227
"ZS2","2021-09-15",0
"ZS1","2021-09-15",3.2245315258140907
"ZC2","2021-09-15",20.490841785504742
"ZC4","2021-09-15",32.06596144195633
"ZS3","2021-09-15",6.775930110990736
"ZC1","2021-09-25",89.35494655702655
"ZC3","2021-09-25",18.32227456077164
"ZS2","2021-09-25",0
"ZS1","2021-09-25",2.848127067547854
"ZC2","2021-09-25",20.969657141786755
"ZC4","2021-09-25",32.05564420854515
"ZS3","2021-09-25",6.240446272432199
"ZC1","2021-09-30",91.95601337740327
"ZC3","2021-09-30",19.853721442279312
"ZS2","2021-09-30",0
"ZS1","2021-09-30",2.810486621721231
"ZC2","2021-09-30",21.755405418762372
"ZC4","2021-09-30",31.94215464102214
"ZS3","2021-09-30",5.972704353152929
"ZC1","2021-10-05",94.22502911432764
"ZC3","2021-10-05",14.664430210695762
"ZS2","2021-10-05",0
"ZS1","2021-10-05",2.634831207863654
"ZC2","2021-10-05",19.72964814218461
"ZC4","2021-10-05",29.662046057150725
"ZS3","2021-10-05",5.787344562882666
"ZC1","2021-10-10",87.61721255362593
"ZC3","2021-10-10",14.906817486905611
"ZS2","2021-10-10",0
"ZS1","2021-10-10",2.810486621721231
"ZC2","2021-10-10",18.059933053611427
"ZC4","2021-10-10",28.50651591509824
"ZS3","2021-10-10",6.302232869188954
"ZC1","2021-10-25",66.93043005454471
"ZC3","2021-10-25",11.2710083437579
"ZS2","2021-10-25",0
"ZS1","2021-10-25",2.4842694245571595
"ZC2","2021-10-25",14.990603846675427
"ZC4","2021-10-25",24.84389805412833
"ZS3","2021-10-25",4.942927740540355
"ZC1","2021-10-30",70.81542773093717
"ZC3","2021-10-30",15.49075047050206
"ZS2","2021-10-30",0.011836275010433429
"ZS1","2021-10-30",2.5470035009348653
"ZC2","2021-10-30",15.690410905856835
"ZC4","2021-10-30",26.020062663003177
"ZS3","2021-10-30",5.190074127567374
"ZC1","2021-11-04",70.56085523362371
"ZC3","2021-11-04",14.59832458991126
"ZS2","2021-11-04",0.023672550020866857
"ZS1","2021-11-04",2.5470035009348653
"ZC2","2021-11-04",15.051990430814145
"ZC4","2021-11-04",26.783537935430708
"ZS3","2021-11-04",5.334242853333134
"ZC1","2021-11-14",68.63495894960009
"ZC3","2021-11-14",16.35012354070061
"ZS2","2021-11-14",0.047345100041733715
"ZS1","2021-11-14",2.4842694245571595
"ZC2","2021-11-14",14.180300936044324
"ZC4","2021-11-14",25.1018288894079
"ZS3","2021-11-14",4.8811411437836005
"ZC1","2021-11-19",72.79666586220284
"ZC3","2021-11-19",17.68325355985477
"ZS2","2021-11-19",0.07101765006260058
"ZS1","2021-11-19",2.471722609281618
"ZC2","2021-11-19",14.438124589426947
"ZC4","2021-11-19",25.05024272235199
"ZS3","2021-11-19",4.757567950270092
"ZC1","2021-11-24",77.3457657055
"ZC3","2021-11-24",18.608732250837825
"ZS2","2021-11-24",0.082853925073034
"ZS1","2021-11-24",2.584643946761489
"ZC2","2021-11-24",14.990603846675427
"ZC4","2021-11-24",26.556558800384686
"ZS3","2021-11-24",4.716376885765589
"ZC1","2021-11-29",68.55748036346122
"ZC3","2021-11-29",17.363743059396334
"ZS2","2021-11-29",0.05918137505216714
"ZS1","2021-11-29",2.3462544565262062
"ZC2","2021-11-29",13.885645332178466
"ZC4","2021-11-29",22.378079268855625
"ZS3","2021-11-29",4.283870708468308
"ZC1","2021-12-04",69.15517231367545
"ZC3","2021-12-04",19.655404579925804
"ZS2","2021-12-04",0.05918137505216714
"ZS1","2021-12-04",2.521909870383783
"ZC2","2021-12-04",14.278519470666273
"ZC4","2021-12-04",21.893169298530033
"ZS3","2021-12-04",4.119106450450296
"ZC1","2021-12-09",72.66384542882192
"ZC3","2021-12-09",19.269788458682864
"ZS2","2021-12-09",0.082853925073034
"ZS1","2021-12-09",2.609737577312571
"ZC2","2021-12-09",14.855553361570243
"ZC4","2021-12-09",21.119376792691316
"ZS3","2021-12-09",3.9749377246845357
"ZC1","2021-12-29",89.66486090158207
"ZC3","2021-12-29",35.619911999383476
"ZS2","2021-12-29",0.14203530012520116
"ZS1","2021-12-29",3.8142318437645275
"ZC2","2021-12-29",25.487709734396546
"ZC4","2021-12-29",32.81911948097268
"ZS3","2021-12-29",11.739453383783344
"ZC1","2022-01-03",84.10853943847947
"ZC3","2022-01-03",26.03459698563042
"ZS2","2022-01-03",0.165707850146068
"ZS1","2022-01-03",3.249625156365173
"ZC2","2022-01-03",23.511061725129764
"ZC4","2022-01-03",27.28908237257867
"ZS3","2022-01-03",4.531017095495326
"ZC1","2022-01-08",84.88332529986828
"ZC3","2022-01-08",23.93023472399038
"ZS2","2022-01-08",0.10652647509390085
"ZS1","2022-01-08",2.810486621721231
"ZC2","2022-01-08",21.804514686073347
"ZC4","2022-01-08",24.84389805412833
"ZS3","2022-01-08",4.325061772972811
"ZC1","2022-01-18",115.29920454410323
"ZC3","2022-01-18",52.443792489039694
"ZS2","2022-01-18",0.497123550438204
"ZS1","2022-01-18",18.0548671815038
"ZC2","2022-01-18",61.57074389113617
"ZC4","2022-01-18",46.148985048220936
"ZS3","2022-01-18",15.83796430198139
"ZC1","2022-01-28",109.64326775596494
"ZC3","2022-01-28",46.87990273967729
"ZS2","2022-01-28",0.22488922519823515
"ZS1","2022-01-28",11.919474511764147
"ZC2","2022-01-28",47.0712327175705
"ZC4","2022-01-28",29.24935672070341
"ZS3","2022-01-28",8.711910142702378
"ZC1","2022-02-02",111.9897620790282
"ZC3","2022-02-02",43.35426963117042
"ZS2","2022-02-02",0.35508825031300284
"ZS1","2022-02-02",8.82041113870547
"ZC2","2022-02-02",41.693767947018635
"ZC4","2022-02-02",27.650185541970068
"ZS3","2022-02-02",5.5607937081079
"ZC1","2022-02-07",111.17070273984574
"ZC3","2022-02-07",43.80599137319786
"ZS2","2022-02-07",0.5207961004590709
"ZS1","2022-02-07",7.540635980600267
"ZC2","2022-02-07",41.60782672922442
"ZC4","2022-02-07",26.979565370243183
"ZS3","2022-02-07",5.5401981758556484
"ZC1","2022-02-12",111.18177110929415
"ZC3","2022-02-12",41.073625714105034
"ZS2","2022-02-12",0.35508825031300284
"ZS1","2022-02-12",6.637265280761299
"ZC2","2022-02-12",37.80185851262379
"ZC4","2022-02-12",25.689911193845322
"ZS3","2022-02-12",5.2518607243241275
"ZC1","2022-02-17",114.94501672175407
"ZC3","2022-02-17",46.30698735954492
"ZS2","2022-02-17",0.6509951255738385
"ZS1","2022-02-17",7.816665916662173
"ZC2","2022-02-17",42.31991110523358
"ZC4","2022-02-17",25.875621395246615
"ZS3","2022-02-17",5.313647321080882
"ZC1","2022-02-22",109.53258406148082
"ZC3","2022-02-22",40.04898859194523
"ZS2","2022-02-22",0.29590687526083576
"ZS1","2022-02-22",5.9973777017086976
"ZC2","2022-02-22",35.518277582663394
"ZC4","2022-02-22",24.12169171534553
"ZS3","2022-02-22",4.695781353513337
"ZC1","2022-02-27",116.27322105556345
"ZC3","2022-02-27",49.73346203687504
"ZS2","2022-02-27",0.7101765006260057
"ZS1","2022-02-27",7.69119776390676
"ZC2","2022-02-27",41.01851552149271
"ZC4","2022-02-27",24.771677420250047
"ZS3","2022-02-27",4.901736676035852
"ZC1","2022-03-04",111.36993338991715
"ZC3","2022-03-04",48.02573349994202
"ZS2","2022-03-04",0.3195794252817026
"ZS1","2022-03-04",6.386328975250475
"ZC2","2022-03-04",36.20580732501706
"ZC4","2022-03-04",23.977250447588972
"ZS3","2022-03-04",4.839950079279098
"ZC1","2022-03-09",111.44741197605603
"ZC3","2022-03-09",48.995282604781416
"ZS2","2022-03-09",0.29590687526083576
"ZS1","2022-03-09",5.972284071157615
"ZC2","2022-03-09",35.825210503357
"ZC4","2022-03-09",24.45184318450338
"ZS3","2022-03-09",5.14888306306287
"ZC1","2022-03-14",113.7274960824288
"ZC3","2022-03-14",47.72825820641176
"ZS2","2022-03-14",0.248561775219102
"ZS1","2022-03-14",5.959737255882073
"ZC2","2022-03-14",34.20460468209479
"ZC4","2022-03-14",25.163732289875
"ZS3","2022-03-14",5.41662498234214
"ZC1","2022-03-19",114.63510237719856
"ZC3","2022-03-19",52.994672662243886
"ZS2","2022-03-19",0.09469020008346743
"ZS1","2022-03-19",5.683707319820167
"ZC2","2022-03-19",34.499260285960645
"ZC4","2022-03-19",27.567647674680604
"ZS3","2022-03-19",5.7667490306304146
"ZC1","2022-03-24",112.99698369883365
"ZC3","2022-03-24",47.11127241242305
"ZS2","2022-03-24",0.047345100041733715
"ZS1","2022-03-24",5.119100632420813
"ZC2","2022-03-24",31.614090831440805
"ZC4","2022-03-24",26.46370369968404
"ZS3","2022-03-24",5.807940095134917
"ZC1","2022-03-29",111.14856600094892
"ZC3","2022-03-29",50.857257590211596
"ZS2","2022-03-29",0.03550882503130029
"ZS1","2022-03-29",5.520598721238132
"ZC2","2022-03-29",32.24023398965575
"ZC4","2022-03-29",27.50574427421351
"ZS3","2022-03-29",6.775930110990736
"ZC1","2022-04-03",118.43155309800373
"ZC3","2022-04-03",45.66796635862805
"ZS2","2022-04-03",0.03550882503130029
"ZS1","2022-04-03",3.977340442346563
"ZC2","2022-04-03",28.986745030303588
"ZC4","2022-04-03",26.87639303613135
"ZS3","2022-04-03",6.961289901261
"ZC1","2022-04-08",115.67552910534924
"ZC3","2022-04-08",48.686789707787064
"ZS2","2022-04-08",0
"ZS1","2022-04-08",4.98108566438986
"ZC2","2022-04-08",28.581593574988037
"ZC4","2022-04-08",28.743812283555453
"ZS3","2022-04-08",6.8583122399997425
"ZC1","2022-04-13",119.57159515119011
"ZC3","2022-04-13",48.53254325928988
"ZS2","2022-04-13",0
"ZS1","2022-04-13",4.742696174154577
"ZC2","2022-04-13",27.329307258558146
"ZC4","2022-04-13",28.723177816733088
"ZS3","2022-04-13",6.611165852972725
"ZC1","2022-04-18",116.89304974467451
"ZC3","2022-04-18",50.361465434327826
"ZS2","2022-04-18",0.047345100041733715
"ZS1","2022-04-18",4.767789804705659
"ZC2","2022-04-18",27.943173099945348
"ZC4","2022-04-18",30.47710749663417
"ZS3","2022-04-18",7.37320054630603
"ZC1","2022-04-23",118.5090316841426
"ZC3","2022-04-23",47.6952053960195
"ZS2","2022-04-23",0.011836275010433429
"ZS1","2022-04-23",4.7803366199812
"ZC2","2022-04-23",27.709904080218212
"ZC4","2022-04-23",30.281080061821694
"ZS3","2022-04-23",6.981885433513252
"ZC1","2022-04-28",118.27659592572597
"ZC3","2022-04-28",55.429563027806445
"ZS2","2022-04-28",0
"ZS1","2022-04-28",4.3411980853372585
"ZC2","2022-04-28",25.99107972433405
"ZC4","2022-04-28",30.312031762055245
"ZS3","2022-04-28",7.311413949549275
"ZC1","2022-05-03",116.5942037695674
"ZC3","2022-05-03",54.25067945714946
"ZS2","2022-05-03",0
"ZS1","2022-05-03",4.278464008959552
"ZC2","2022-05-03",27.943173099945348
"ZC4","2022-05-03",31.529465304574824
"ZS3","2022-05-03",7.558560336576294
"ZC1","2022-05-08",104.0537411845171
"ZC3","2022-05-08",55.693985510944465
"ZS2","2022-05-08",0.011836275010433429
"ZS1","2022-05-08",5.144194262971895
"ZC2","2022-05-08",28.32376992160541
"ZC4","2022-05-08",37.234895380958946
"ZS3","2022-05-08",9.247393981260915
"ZC1","2022-05-18",112.8641632654527
"ZC3","2022-05-18",55.7380559248008
"ZS2","2022-05-18",0
"ZS1","2022-05-18",4.403932161714963
"ZC2","2022-05-18",29.87071184190116
"ZC4","2022-05-18",37.77139151834046
"ZS3","2022-05-18",11.924813174053607
"ZC1","2022-05-23",101.64083664476338
"ZC3","2022-05-23",57.75427735872817
"ZS2","2022-05-23",0
"ZS1","2022-05-23",5.809175472575579
"ZC2","2022-05-23",31.135275475158792
"ZC4","2022-05-23",38.978507827448844
"ZS3","2022-05-23",12.748634464143668
"ZC1","2022-05-28",111.01574556756798
"ZC3","2022-05-28",51.70561305694607
"ZS2","2022-05-28",0.023672550020866857
"ZS1","2022-05-28",4.868164326909988
"ZC2","2022-05-28",30.22675402990573
"ZC4","2022-05-28",41.00068557604069
"ZS3","2022-05-28",13.304713834954457
"ZC1","2022-06-07",98.72985547983114
"ZC3","2022-06-07",25.197259122360038
"ZS2","2022-06-07",0.09469020008346743
"ZS1","2022-06-07",5.533145536513673
"ZC2","2022-06-07",30.374081831838662
"ZC4","2022-06-07",42.76493248935296
"ZS3","2022-06-07",12.666252335134661
"ZC1","2022-06-17",113.4397184767701
"ZC3","2022-06-17",53.204007128061484
"ZS2","2022-06-17",0.011836275010433429
"ZS1","2022-06-17",4.328651270061718
"ZC2","2022-06-17",29.35506453513591
"ZC4","2022-06-17",50.275878412694084
"ZS3","2022-06-17",13.531264689729223
"ZC1","2022-06-22",99.13938514942237
"ZC3","2022-06-22",30.05602225002107
"ZS2","2022-06-22",0
"ZS1","2022-06-22",2.9986888508543488
"ZC2","2022-06-22",15.051990430814145
"ZC4","2022-06-22",39.13326632861659
"ZS3","2022-06-22",11.595284658017585
"ZC1","2022-07-02",103.93198912058457
"ZC3","2022-07-02",39.14554510789034
"ZS2","2022-07-02",0.15387157513563457
"ZS1","2022-07-02",5.0940070018697305
"ZC2","2022-07-02",26.285735328199912
"ZC4","2022-07-02",41.434009379310375
"ZS3","2022-07-02",12.007195303062614
"ZC1","2022-07-07",100.34583741929923
"ZC3","2022-07-07",42.71524863025355
"ZS2","2022-07-07",0.047345100041733715
"ZS1","2022-07-07",5.131647447696354
"ZC2","2022-07-07",27.501189694146564
"ZC4","2022-07-07",40.185624136557244
"ZS3","2022-07-07",12.583870206125653
"ZC1","2022-07-12",107.24143158565963
"ZC3","2022-07-12",24.67943175954809
"ZS2","2022-07-12",0.011836275010433429
"ZS1","2022-07-12",3.8142318437645275
"ZC2","2022-07-12",23.547893675612997
"ZC4","2022-07-12",30.239811128176964
"ZS3","2022-07-12",11.286351674233812
"ZC1","2022-07-17",96.92571125974005
"ZC3","2022-07-17",11.568483637288168
"ZS2","2022-07-17",0.023672550020866857
"ZS1","2022-07-17",3.6385764299069505
"ZC2","2022-07-17",22.94630515105354
"ZC4","2022-07-17",29.146184386591585
"ZS3","2022-07-17",8.979652061981646
"ZC1","2022-08-01",78.03200461130152
"ZC3","2022-08-01",31.179817803357633
"ZS2","2022-08-01",0
"ZS1","2022-08-01",4.454119422817129
"ZC2","2022-08-01",25.205331447358436
"ZC4","2022-08-01",28.57873654897653
"ZS3","2022-08-01",9.968237610089718
"ZC1","2022-08-06",85.21537638332062
"ZC3","2022-08-06",27.6982551087071
"ZS2","2022-08-06",0
"ZS1","2022-08-06",4.002434072897645
"ZC2","2022-08-06",23.707498794373667
"ZC4","2022-08-06",30.776307265558476
"ZS3","2022-08-06",9.123820787747405
"ZC1","2022-08-11",79.20525177283314
"ZC3","2022-08-11",29.97889902577248
"ZS2","2022-08-11",0
"ZS1","2022-08-11",3.8393254743156096
"ZC2","2022-08-11",25.058003645425504
"ZC4","2022-08-11",33.190539883775266
"ZS3","2022-08-11",9.988833142341967
"ZC1","2022-08-16",82.7914034741185
"ZC3","2022-08-16",26.3210546756966
"ZS2","2022-08-16",0
"ZS1","2022-08-16",4.002434072897645
"ZC2","2022-08-16",24.444137804038306
"ZC4","2022-08-16",30.786624498969662
"ZS3","2022-08-16",7.290818417297024
"ZC1","2022-08-21",78.06520971964676
"ZC3","2022-08-21",27.84148395374019
"ZS2","2022-08-21",0
"ZS1","2022-08-21",4.215729932581846
"ZC2","2022-08-21",24.787902675215143
"ZC4","2022-08-21",31.81834784008794
"ZS3","2022-08-21",7.723324594594305
"ZC1","2022-08-26",79.60371307297596
"ZC3","2022-08-26",32.8544935298984
"ZS2","2022-08-26",0.011836275010433429
"ZS1","2022-08-26",4.215729932581846
"ZC2","2022-08-26",25.536819001707524
"ZC4","2022-08-26",32.82943671438387
"ZS3","2022-08-26",8.299999497657348
"ZC1","2022-08-31",86.46610213099112
"ZC3","2022-08-31",38.969263452465
"ZS2","2022-08-31",0
"ZS1","2022-08-31",4.378838531163882
"ZC2","2022-08-31",24.935230477148068
"ZC4","2022-08-31",33.149270950130536
"ZS3","2022-08-31",8.75310120720688
"ZC1","2022-09-05",78.51901286703162
"ZC3","2022-09-05",34.2977995836934
"ZS2","2022-09-05",0.011836275010433429
"ZS1","2022-09-05",3.9522468117954808
"ZC2","2022-09-05",24.075818299205988
"ZC4","2022-09-05",30.796941732380844
"ZS3","2022-09-05",6.796525643242989
"ZC1","2022-09-15",75.8072623521708
"ZC3","2022-09-15",11.171849912581145
"ZS2","2022-09-15",0
"ZS1","2022-09-15",3.375093309120585
"ZC2","2022-09-15",22.55343101256573
"ZC4","2022-09-15",28.99142588542384
"ZS3","2022-09-15",6.384614998197959
"ZC1","2022-09-20",67.45064341862006
"ZC3","2022-09-20",5.894417853284923
"ZS2","2022-09-20",0
"ZS1","2022-09-20",3.0865165577831375
"ZC2","2022-09-20",21.190648844686148
"ZC4","2022-09-20",27.825578509960174
"ZS3","2022-09-20",6.52878372396372
"ZC1","2022-09-30",67.50598526586212
"ZC3","2022-09-30",11.160832309117062
"ZS2","2022-09-30",0
"ZS1","2022-09-30",3.1116101883342195
"ZC2","2022-09-30",21.57124566634621
"ZC4","2022-09-30",28.857301851078464
"ZS3","2022-09-30",6.302232869188954
"ZC1","2022-10-05",55.850992236684746
"ZC3","2022-10-05",13.463511433110611
"ZS2","2022-10-05",0
"ZS1","2022-10-05",3.1492506341608433
"ZC2","2022-10-05",21.067875676408708
"ZC4","2022-10-05",29.445384155515885
"ZS3","2022-10-05",6.652356917477229
"ZC1","2022-10-10",53.54877139141514
"ZC3","2022-10-10",10.301459238918511
"ZS2","2022-10-10",0
"ZS1","2022-10-10",2.9108611439255605
"ZC2","2022-10-10",20.159354231155653
"ZC4","2022-10-10",26.9073447363649
"ZS3","2022-10-10",6.096277546666438
"ZC1","2022-10-15",60.15658795211684
"ZC3","2022-10-15",15.65601452246332
"ZS2","2022-10-15",0
"ZS1","2022-10-15",3.023782481405431
"ZC2","2022-10-15",21.38708591393005
"ZC4","2022-10-15",28.568419315565347
"ZS3","2022-10-15",6.219850740179948
"ZC1","2022-10-25",65.94534517363608
"ZC3","2022-10-25",19.01638357900893
"ZS2","2022-10-25",0
"ZS1","2022-10-25",2.9359547744766425
"ZC2","2022-10-25",21.485304448552004
"ZC4","2022-10-25",29.703314990795455
"ZS3","2022-10-25",5.972704353152929
"ZC1","2022-10-30",66.42128505991779
"ZC3","2022-10-30",17.551042318285763
"ZS2","2022-10-30",0
"ZS1","2022-10-30",2.835580252272313
"ZC2","2022-10-30",20.724110805231874
"ZC4","2022-10-30",28.537467615331796
"ZS3","2022-10-30",5.787344562882666
"ZC1","2022-11-04",69.46508665823096
"ZC3","2022-11-04",20.856323357510956
"ZS2","2022-11-04",0
"ZS1","2022-11-04",2.8857675133744776
"ZC2","2022-11-04",20.85916129033706
"ZC4","2022-11-04",28.73349505014427
"ZS3","2022-11-04",5.190074127567374
"ZC1","2022-11-14",76.53777473576596
"ZC3","2022-11-14",16.548440403054123
"ZS2","2022-11-14",0.011836275010433429
"ZS1","2022-11-14",2.823033436996772
"ZC2","2022-11-14",19.901530577773027
"ZC4","2022-11-14",28.558102082154164
"ZS3","2022-11-14",5.045905401801613
"ZC1","2022-11-19",66.87508820730265
"ZC3","2022-11-19",14.950887900761947
"ZS2","2022-11-19",0.05918137505216714
"ZS1","2022-11-19",2.7352057300679835
"ZC2","2022-11-19",18.87023596424253
"ZC4","2022-11-19",27.29939960598985
"ZS3","2022-11-19",4.716376885765589
"ZC1","2022-11-24",72.67491379827032
"ZC3","2022-11-24",19.721510200710306
"ZS2","2022-11-24",0.047345100041733715
"ZS1","2022-11-24",2.848127067547854
"ZC2","2022-11-24",19.778757409495586
"ZC4","2022-11-24",26.742269001785974
"ZS3","2022-11-24",4.633994756756583
"ZC1","2022-11-29",73.75961400421465
"ZC3","2022-11-29",22.2665766009137
"ZS2","2022-11-29",0
"ZS1","2022-11-29",2.8983143286500193
"ZC2","2022-11-29",20.097967647016933
"ZC4","2022-11-29",28.888253551312012
"ZS3","2022-11-29",4.860545611531349
"ZC1","2022-12-04",76.26106549955566
"ZC3","2022-12-04",23.820058689349544
"ZS2","2022-12-04",0.03550882503130029
"ZS1","2022-12-04",2.9986888508543488
"ZC2","2022-12-04",20.085690330189188
"ZC4","2022-12-04",29.05332928589094
"ZS3","2022-12-04",4.716376885765589
"ZC1","2022-12-14",85.04935084159445
"ZC3","2022-12-14",33.07484559918008
"ZS2","2022-12-14",0.05918137505216714
"ZS1","2022-12-14",3.387640124396126
"ZC2","2022-12-14",23.41284319050781
"ZC4","2022-12-14",32.16913377606816
"ZS3","2022-12-14",5.190074127567374
"ZC1","2022-12-19",74.14700693490906
"ZC3","2022-12-19",24.381956466017822
"ZS2","2022-12-19",0.15387157513563457
"ZS1","2022-12-19",2.6222843925881127
"ZC2","2022-12-19",19.852421310462052
"ZC4","2022-12-19",28.723177816733088
"ZS3","2022-12-19",4.386848369729566
"ZC1","2022-12-24",74.77790399346853
"ZC3","2022-12-24",23.170020084968588
"ZS2","2022-12-24",0.14203530012520116
"ZS1","2022-12-24",2.647378023139195
"ZC2","2022-12-24",19.496379122457476
"ZC4","2022-12-24",26.701000068141244
"ZS3","2022-12-24",4.160297514954799
"ZC1","2022-12-29",77.41217592219047
"ZC3","2022-12-29",22.167418169736948
"ZS2","2022-12-29",0.11836275010433428
"ZS1","2022-12-29",2.5971907620370303
"ZC2","2022-12-29",18.354588657477283
"ZC4","2022-12-29",23.925664280533056
"ZS3","2022-12-29",3.624813676396261
"ZC1","2023-01-03",68.46893340787393
"ZC3","2023-01-03",22.575069497908054
"ZS2","2023-01-03",0.09469020008346743
"ZS1","2023-01-03",2.659924838414736
"ZC2","2023-01-03",17.630226964640386
"ZC4","2023-01-03",21.24318359362551
"ZS3","2023-01-03",3.0893298378377216
"ZC1","2023-01-08",78.19803015302769
"ZC3","2023-01-08",28.899173886292253
"ZS2","2023-01-08",0.11836275010433428
"ZS1","2023-01-08",3.0363292966809725
"ZC2","2023-01-08",20.785497389370594
"ZC4","2023-01-08",25.483566525621665
"ZS3","2023-01-08",3.851364531171027
"ZC1","2023-01-18",77.87704743902376
"ZC3","2023-01-18",28.66780421354649
"ZS2","2023-01-18",0.10652647509390085
"ZS1","2023-01-18",2.7226589147924423
"ZC2","2023-01-18",19.508656439285218
"ZC4","2023-01-18",22.873306472592404
"ZS3","2023-01-18",2.862778983062956
"ZC1","2023-01-23",75.03247649078199
"ZC3","2023-01-23",29.802617370347136
"ZS2","2023-01-23",0.07101765006260058
"ZS1","2023-01-23",2.534456685659324
"ZC2","2023-01-23",19.06667303348644
"ZC4","2023-01-23",21.428893795026802
"ZS3","2023-01-23",1.194540870630586
"ZC1","2023-01-28",79.33807220621408
"ZC3","2023-01-28",33.008739978395575
"ZS2","2023-01-28",0.09469020008346743
"ZS1","2023-01-28",11.73127228263103
"ZC2","2023-01-28",19.32449668686906
"ZC4","2023-01-28",20.108287918395398
"ZS3","2023-01-28",0
"ZC1","2023-02-02",79.34914057566249
"ZC3","2023-02-02",31.31202904492664
"ZS2","2023-02-02",0.15387157513563457
"ZS1","2023-02-02",2.459175794006077
"ZC2","2023-02-02",19.72964814218461
"ZC4","2023-02-02",20.067018984750664
"ZS3","2023-02-02",0
"ZC1","2023-02-17",85.75772648629278
"ZC3","2023-02-17",37.26153491553199
"ZS2","2023-02-17",0.10652647509390085
"ZS1","2023-02-17",2.3838949023528295
"ZC2","2023-02-17",24.444137804038306
"ZC4","2023-02-17",26.61846220085178
"ZS3","2023-02-17",2.945161112071962
"ZC1","2023-02-22",87.14127266734424
"ZC3","2023-02-22",36.336056224548926
"ZS2","2023-02-22",0.07101765006260058
"ZS1","2023-02-22",2.3964417176283708
"ZC2","2023-02-22",23.793440012167874
"ZC4","2023-02-22",26.081966063470272
"ZS3","2023-02-22",2.4920594025224294
"ZC1","2023-02-27",84.17494965516993
"ZC3","2023-02-27",30.309427129695
"ZS2","2023-02-27",0.011836275010433429
"ZS1","2023-02-27",2.18314585794417
"ZC2","2023-02-27",22.921750517398053
"ZC4","2023-02-27",23.234409641983802
"ZS3","2023-02-27",0
"ZC1","2023-03-04",83.80969346337235
"ZC3","2023-03-04",34.969873395002516
"ZS2","2023-03-04",0.09469020008346743
"ZS1","2023-03-04",2.3838949023528295
"ZC2","2023-03-04",23.52333904195751
"ZC4","2023-03-04",22.67727903777993
"ZS3","2023-03-04",0
"ZC1","2023-03-09",87.34050331741564
"ZC3","2023-03-09",34.82664454996943
"ZS2","2023-03-09",0.023672550020866857
"ZS1","2023-03-09",2.2584267495974175
"ZC2","2023-03-09",22.909473200570307
"ZC4","2023-03-09",21.862217598296482
"ZS3","2023-03-09",0
"ZC1","2023-03-19",82.9020871686026
"ZC3","2023-03-19",37.151358880891145
"ZS2","2023-03-19",0.011836275010433429
"ZS1","2023-03-19",2.2458799343218763
"ZC2","2023-03-19",23.707498794373667
"ZC4","2023-03-19",24.905801454595426
"ZS3","2023-03-19",0
"ZC1","2023-03-24",100.91032426116821
"ZC3","2023-03-24",41.80078754273458
"ZS2","2023-03-24",0.082853925073034
"ZS1","2023-03-24",2.1329585968420055
"ZC2","2023-03-24",26.8136599517929
"ZC4","2023-03-24",26.89702750295372
"ZS3","2023-03-24",0
"ZC1","2023-03-29",94.53494345888316
"ZC3","2023-03-29",38.859087417824156
"ZS2","2023-03-29",0
"ZS1","2023-03-29",1.8192882149534753
"ZC2","2023-03-29",23.965322447756293
"ZC4","2023-03-29",25.762131827723604
"ZS3","2023-03-29",0
"ZC1","2023-04-03",99.21686373556125
"ZC3","2023-04-03",38.23108402037138
"ZS2","2023-04-03",0
"ZS1","2023-04-03",1.7314605080246868
"ZC2","2023-04-03",24.54235633866026
"ZC4","2023-04-03",27.72240617584835
"ZS3","2023-04-03",0
"ZC1","2023-04-08",91.42473164387951
"ZC3","2023-04-08",38.6277177450784
"ZS2","2023-04-08",0.023672550020866857
"ZS1","2023-04-08",1.7314605080246868
"ZC2","2023-04-08",24.701961457420932
"ZC4","2023-04-08",26.855758569308986
"ZS3","2023-04-08",0
"ZC1","2023-04-13",103.40070738706082
"ZC3","2023-04-13",38.70484096932699
"ZS2","2023-04-13",0
"ZS1","2023-04-13",1.6059923552692748
"ZC2","2023-04-13",25.03344901177002
"ZC4","2023-04-13",26.87639303613135
"ZS3","2023-04-13",0
"ZC1","2023-04-23",90.89344991035576
"ZC3","2023-04-23",36.159774569123584
"ZS2","2023-04-23",0
"ZS1","2023-04-23",1.0539324831454615
"ZC2","2023-04-23",22.76214539863738
"ZC4","2023-04-23",26.081966063470272
"ZS3","2023-04-23",0
"ZC1","2023-04-28",80.00217437311878
"ZC3","2023-04-28",28.998332317469007
"ZS2","2023-04-28",0.011836275010433429
"ZS1","2023-04-28",0.8280898081857198
"ZC2","2023-04-28",21.988674438489507
"ZC4","2023-04-28",26.453386466272857
"ZS3","2023-04-28",0
"ZC1","2023-05-08",83.63259955219777
"ZC3","2023-05-08",10.709110567089617
"ZS2","2023-05-08",0
"ZS1","2023-05-08",0.6900748401547665
"ZC2","2023-05-08",21.031043725925475
"ZC4","2023-05-08",28.939839718367928
"ZS3","2023-05-08",0
"ZC1","2023-05-13",77.47858613888093
"ZC3","2023-05-13",18.4875386127329
"ZS2","2023-05-13",0
"ZS1","2023-05-13",0.6398875790526016
"ZC2","2023-05-13",22.57798564622122
"ZC4","2023-05-13",33.747670487979136
"ZS3","2023-05-13",0
"ZC1","2023-05-18",84.50700073862228
"ZC3","2023-05-18",21.34109790993065
"ZS2","2023-05-18",0
"ZS1","2023-05-18",0.47677898047056594
"ZC2","2023-05-18",22.651649547187684
"ZC4","2023-05-18",34.026235790081074
"ZS3","2023-05-18",0
"ZC1","2023-05-23",80.38956730381318
"ZC3","2023-05-23",25.18624151889595
"ZS2","2023-05-23",0
"ZS1","2023-05-23",0.5144194262971895
"ZC2","2023-05-23",22.676204180843172
"ZC4","2023-05-23",33.34529838494301
"ZS3","2023-05-23",0
"ZC1","2023-05-28",81.93913902659081
"ZC3","2023-05-28",28.359311316552137
"ZS2","2023-05-28",0
"ZS1","2023-05-28",0.7528089165324725
"ZC2","2023-05-28",23.486507091474277
"ZC4","2023-05-28",32.93260904849569
"ZS3","2023-05-28",0
"ZC1","2023-06-02",84.92759877766191
"ZC3","2023-06-02",35.5978767924553
"ZS2","2023-06-02",0
"ZS1","2023-06-02",1.2295878970030385
"ZC2","2023-06-02",25.008894378114533
"ZC4","2023-06-02",37.36901941530432
"ZS3","2023-06-02",0
"ZC1","2023-06-07",89.01182710412579
"ZC3","2023-06-07",39.23368593560301
"ZS2","2023-06-07",0.011836275010433429
"ZS1","2023-06-07",1.4679773872383213
"ZC2","2023-06-07",25.42632315025783
"ZC4","2023-06-07",39.88642436763294
"ZS3","2023-06-07",0.04119106450450296
"ZC1","2023-06-12",105.27126182384237
"ZC3","2023-06-12",40.214252643906484
"ZS2","2023-06-12",0
"ZS1","2023-06-12",1.5307114636160273
"ZC2","2023-06-12",24.247700734794403
"ZC4","2023-06-12",40.453872205248
"ZS3","2023-06-12",0.12357319351350889
"ZC1","2023-06-22",94.30250770046652
"ZC3","2023-06-22",43.62970971777252
"ZS2","2023-06-22",0.011836275010433429
"ZS1","2023-06-22",1.580898724718192
"ZC2","2023-06-22",25.131667546391974
"ZC4","2023-06-22",36.337296074186035
"ZS3","2023-06-22",0
"ZC1","2023-06-27",98.66344526314067
"ZC3","2023-06-27",46.14172330758366
"ZS2","2023-06-27",0
"ZS1","2023-06-27",1.5558050941671098
"ZC2","2023-06-27",25.536819001707524
"ZC4","2023-06-27",37.32775048165959
"ZS3","2023-06-27",0.1029776612612574
"ZC1","2023-07-02",103.8655789038941
"ZC3","2023-07-02",50.15213096851023
"ZS2","2023-07-02",0.011836275010433429
"ZS1","2023-07-02",1.5934455399937335
"ZC2","2023-07-02",27.108315555658756
"ZC4","2023-07-02",40.11340350267896
"ZS3","2023-07-02",0.08238212900900592
"ZC1","2023-07-07",104.3415187901758
"ZC3","2023-07-07",40.093059005801564
"ZS2","2023-07-07",0
"ZS1","2023-07-07",1.4554305719627803
"ZC2","2023-07-07",24.026709031895013
"ZC4","2023-07-07",39.33961099684025
"ZS3","2023-07-07",0.1029776612612574
"ZC1","2023-07-12",109.56578916982606
"ZC3","2023-07-12",52.498880506360116
"ZS2","2023-07-12",0
"ZS1","2023-07-12",1.1919474511764148
"ZC2","2023-07-12",22.246498091872134
"ZC4","2023-07-12",27.72240617584835
"ZS3","2023-07-12",0.04119106450450296
"ZC1","2023-07-17",98.26498396299786
"ZC3","2023-07-17",35.58685918899122
"ZS2","2023-07-17",0
"ZS1","2023-07-17",0.8280898081857198
"ZC2","2023-07-17",22.12372492359469
"ZC4","2023-07-17",27.216861738700388
"ZS3","2023-07-17",0.02059553225225148
"ZC1","2023-07-22",104.37472389852103
"ZC3","2023-07-22",37.51493979520591
"ZS2","2023-07-22",0
"ZS1","2023-07-22",0.6147939485015192
"ZC2","2023-07-22",23.19185148760842
"ZC4","2023-07-22",29.589825423272444
"ZS3","2023-07-22",0.04119106450450296
"ZC1","2023-07-27",98.35353091858514
"ZC3","2023-07-27",38.48448890004531
"ZS2","2023-07-27",0.011836275010433429
"ZS1","2023-07-27",0.5395130568482719
"ZC2","2023-07-27",22.33243930966634
"ZC4","2023-07-27",26.93829643659845
"ZS3","2023-07-27",0.04119106450450296
"ZC1","2023-08-01",102.7144684812593
"ZC3","2023-08-01",42.84745987182256
"ZS2","2023-08-01",0
"ZS1","2023-08-01",0.45168534991948345
"ZC2","2023-08-01",23.854826596306598
"ZC4","2023-08-01",34.69685596180796
"ZS3","2023-08-01",0.04119106450450296
"ZC1","2023-08-06",104.7178433514218
"ZC3","2023-08-06",45.21624461660061
"ZS2","2023-08-06",0
"ZS1","2023-08-06",0.37640445826623625
"ZC2","2023-08-06",24.444137804038306
"ZC4","2023-08-06",38.36979105618906
"ZS3","2023-08-06",0.18535979027026334
"ZC1","2023-08-16",103.24575021478306
"ZC3","2023-08-16",43.79497376973377
"ZS2","2023-08-16",0
"ZS1","2023-08-16",0.3262171971640714
"ZC2","2023-08-16",22.995414418364515
"ZC4","2023-08-16",29.919976892430295
"ZS3","2023-08-16",0.3089329837837722
"ZC1","2023-08-21",101.65190501421179
"ZC3","2023-08-21",40.85327364482336
"ZS2","2023-08-21",0
"ZS1","2023-08-21",0.22584267495974172
"ZC2","2023-08-21",21.927287854350787
"ZC4","2023-08-21",23.915347047121873
"ZS3","2023-08-21",0.35012404828827515
"ZC1","2023-08-26",102.59271641732677
"ZC3","2023-08-26",41.966051594695834
"ZS2","2023-08-26",0
"ZS1","2023-08-26",0.17565541385757694
"ZC2","2023-08-26",21.31342201296359
"ZC4","2023-08-26",39.277707596373155
"ZS3","2023-08-26",0.3089329837837722
"ZC1","2023-08-31",92.7640043471373
"ZC3","2023-08-31",34.89275017075393
"ZS2","2023-08-31",0
"ZS1","2023-08-31",0.1254681527554121
"ZC2","2023-08-31",21.018766409097733
"ZC4","2023-08-31",24.276450216513272
"ZS3","2023-08-31",0.3089329837837722
"ZC1","2023-09-05",88.45840863170521
"ZC3","2023-09-05",20.40460161548351
"ZS2","2023-09-05",0
"ZS1","2023-09-05",0
"ZC2","2023-09-05",18.477361825754723
"ZC4","2023-09-05",22.409030969089173
"ZS3","2023-09-05",0.35012404828827515
"ZC1","2023-09-10",84.61768443310639
"ZC3","2023-09-10",17.286619835147746
"ZS2","2023-09-10",0
"ZS1","2023-09-10",0.012546815275541209
"ZC2","2023-09-10",18.698353528654113
"ZC4","2023-09-10",23.03838220717133
"ZS3","2023-09-10",0.24714638702701777
"ZC1","2023-09-20",71.09213696714747
"ZC3","2023-09-20",6.246981164135611
"ZS2","2023-09-20",0.011836275010433429
"ZS1","2023-09-20",0
"ZC2","2023-09-20",17.875773301195267
"ZC4","2023-09-20",25.122463356230266
"ZS3","2023-09-20",0.28833745153152074
"ZC1","2023-09-25",73.92563954594084
"ZC3","2023-09-25",6.004593887925764
"ZS2","2023-09-25",0
"ZS1","2023-09-25",0
"ZC2","2023-09-25",17.544285746846178
"ZC4","2023-09-25",24.513746584970477
"ZS3","2023-09-25",0.26774191927926927
"ZC1","2023-09-30",70.02957350009996
"ZC3","2023-09-30",3.2942634357611067
"ZS2","2023-09-30",0
"ZS1","2023-09-30",0
"ZC2","2023-09-30",15.1502089654361
"ZC4","2023-09-30",22.5741067036681
"ZS3","2023-09-30",0.3295285160360237
"ZC1","2023-10-05",58.36351210147417
"ZC3","2023-10-05",2.6442248313801526
"ZS2","2023-10-05",0
"ZS1","2023-10-05",0
"ZC2","2023-10-05",12.694745599887296
"ZC4","2023-10-05",19.994798350872387
"ZS3","2023-10-05",0.24714638702701777
"ZC1","2023-10-15",30.493357830373853
"ZC3","2023-10-15",4.5723054375948475
"ZS2","2023-10-15",0
"ZS1","2023-10-15",0
"ZC2","2023-10-15",10.804038808414722
"ZC4","2023-10-15",20.211460252507223
"ZS3","2023-10-15",0.1029776612612574
"ZC1","2023-10-20",33.54822779813544
"ZC3","2023-10-20",4.5723054375948475
"ZS2","2023-10-20",0
"ZS1","2023-10-20",0
"ZC2","2023-10-20",11.44245928345741
"ZC4","2023-10-20",20.139239618628945
"ZS3","2023-10-20",0.1029776612612574
"ZC1","2023-10-30",33.42647573420292
"ZC3","2023-10-30",3.0739113664794275
"ZS2","2023-10-30",0
"ZS1","2023-10-30",0
"ZC2","2023-10-30",6.678860354292737
"ZC4","2023-10-30",17.332952130787206
"ZS3","2023-10-30",0.04119106450450296
"ZC1","2023-11-04",29.718571968985046
"ZC3","2023-11-04",2.8755945041259157
"ZS2","2023-11-04",0
"ZS1","2023-11-04",0
"ZC2","2023-11-04",5.586179156623521
"ZC4","2023-11-04",15.836953286165691
"ZS3","2023-11-04",0
"ZC1","2023-11-19",29.64109338284616
"ZC3","2023-11-19",2.2916615205294657
"ZS2","2023-11-19",0
"ZS1","2023-11-19",0
"ZC2","2023-11-19",4.689935028198208
"ZC4","2023-11-19",12.329093926363518
"ZS3","2023-11-19",0
"ZC1","2023-11-24",30.08382816078263
"ZC3","2023-11-24",2.225555899744962
"ZS2","2023-11-24",0
"ZS1","2023-11-24",0
"ZC2","2023-11-24",3.9410187017058247
"ZC4","2023-11-24",12.009259690616851
"ZS3","2023-11-24",0
"ZC1","2023-11-29",30.659383372100027
"ZC3","2023-11-29",2.236573503209046
"ZS2","2023-11-29",0
"ZS1","2023-11-29",0
"ZC2","2023-11-29",4.026959919500032
"ZC4","2023-11-29",11.472763553235342
"ZS3","2023-11-29",0
"ZC1","2023-12-04",30.88075076106826
"ZC3","2023-12-04",1.9170630027506106
"ZS2","2023-12-04",0
"ZS1","2023-12-04",0
"ZC2","2023-12-04",3.2289343256966725
"ZC4","2023-12-04",10.513260845995335
"ZS3","2023-12-04",0
"ZC1","2023-12-09",31.976519336461003
"ZC3","2023-12-09",1.9170630027506106
"ZS2","2023-12-09",0
"ZS1","2023-12-09",0
"ZC2","2023-12-09",3.216657008868929
"ZC4","2023-12-09",10.337867878005227
"ZS3","2023-12-09",0
"ZC1","2023-12-19",33.37113388696086
"ZC3","2023-12-19",1.6306053126844275
"ZS2","2023-12-19",0
"ZS1","2023-12-19",0
"ZC2","2023-12-19",2.8483375040366083
"ZC4","2023-12-19",9.429951337821135
"ZS3","2023-12-19",0
"ZC1","2023-12-24",33.57036453703227
"ZC3","2023-12-24",1.6306053126844275
"ZS2","2023-12-24",0
"ZS1","2023-12-24",0
"ZC2","2023-12-24",2.5536819001707523
"ZC4","2023-12-24",9.316461770298124
"ZS3","2023-12-24",0
"ZC1","2024-01-03",35.075662782016245
"ZC3","2024-01-03",1.344147622618244
"ZS2","2024-01-03",0
"ZS1","2024-01-03",0
"ZC2","2024-01-03",2.1730850785106886
"ZC4","2024-01-03",8.614889898337688
"ZS3","2024-01-03",0
"ZC1","2024-01-08",35.18634647650036
"ZC3","2024-01-08",1.1458307602647329
"ZS2","2024-01-08",0
"ZS1","2024-01-08",0
"ZC2","2024-01-08",1.9766480092667844
"ZC4","2024-01-08",8.264103962357472
"ZS3","2024-01-08",0
"ZC1","2024-01-13",34.81002191525437
"ZC3","2024-01-13",0.9915843117675572
"ZS2","2024-01-13",0
"ZS1","2024-01-13",0
"ZC2","2024-01-13",1.8170428905061125
"ZC4","2024-01-13",7.954586960021985
"ZS3","2024-01-13",0
"ZC1","2024-01-18",36.74698656872639
"ZC3","2024-01-18",0.9144610875189694
"ZS2","2024-01-18",0
"ZS1","2024-01-18",0
"ZC2","2024-01-18",1.9766480092667844
"ZC4","2024-01-18",8.016490360489083
"ZS3","2024-01-18",0
"ZC1","2024-01-23",34.920705609738484
"ZC3","2024-01-23",0.7602146390217939
"ZS2","2024-01-23",0
"ZS1","2024-01-23",0
"ZC2","2024-01-23",1.559219237123488
"ZC4","2024-01-23",7.593483790630585
"ZS3","2024-01-23",0
"ZC1","2024-01-28",59.071887746172514
"ZC3","2024-01-28",8.538642684665076
"ZS2","2024-01-28",0
"ZS1","2024-01-28",0
"ZC2","2024-01-28",5.573901839795777
"ZC4","2024-01-28",10.52357807940652
"ZS3","2024-01-28",0
"ZC1","2024-02-07",55.673898325510166
"ZC3","2024-02-07",1.9831686235351145
"ZS2","2024-02-07",0
"ZS1","2024-02-07",0
"ZC2","2024-02-07",6.396482067254625
"ZC4","2024-02-07",10.183109376837484
"ZS3","2024-02-07",0
"ZC1","2024-02-17",67.7826945020724
"ZC3","2024-02-17",3.0298409526230916
"ZS2","2024-02-17",0
"ZS1","2024-02-17",0
"ZC2","2024-02-17",4.395279424332353
"ZC4","2024-02-17",11.32832228547878
"ZS3","2024-02-17",0
"ZC1","2024-02-22",65.12628583445363
"ZC3","2024-02-22",2.0602918477837022
"ZS2","2024-02-22",0
"ZS1","2024-02-22",0
"ZC2","2024-02-22",2.5782365338262405
"ZC4","2024-02-22",10.606115946695981
"ZS3","2024-02-22",0
"ZC1","2024-03-03",59.22684491845027
"ZC3","2024-03-03",1.6526405196125955
"ZS2","2024-03-03",0
"ZS1","2024-03-03",0
"ZC2","2024-03-03",1.3505048510518403
"ZC4","2024-03-03",10.688653813985443
"ZS3","2024-03-03",0
"ZC1","2024-03-08",54.223941927768244
"ZC3","2024-03-08",1.035654725623893
"ZS2","2024-03-08",0
"ZS1","2024-03-08",0
"ZC2","2024-03-08",1.0926811976692163
"ZC4","2024-03-08",10.152157676603935
"ZS3","2024-03-08",0
"ZC1","2024-03-13",55.97274430061727
"ZC3","2024-03-13",1.2890596052978245
"ZS2","2024-03-13",0
"ZS1","2024-03-13",0
"ZC2","2024-03-13",1.0312946135304961
"ZC4","2024-03-13",10.255330010715763
"ZS3","2024-03-13",0
"ZC1","2024-03-18",52.08774662422481
"ZC3","2024-03-18",0.8593730701985496
"ZS2","2024-03-18",0
"ZS1","2024-03-18",0
"ZC2","2024-03-18",0.9453533957362882
"ZC4","2024-03-18",9.863275141090815
"ZS3","2024-03-18",0
"ZC1","2024-03-23",52.718643682784275
"ZC3","2024-03-23",1.0687075360161449
"ZS2","2024-03-23",0
"ZS1","2024-03-23",0
"ZC2","2024-03-23",0.7734709601478721
"ZC4","2024-03-23",9.987081942025009
"ZS3","2024-03-23",0
"ZC1","2024-04-02",62.325988364005504
"ZC3","2024-04-02",1.9941862269991986
"ZS2","2024-04-02",0
"ZS1","2024-04-02",0
"ZC2","2024-04-02",1.0190172967027522
"ZC4","2024-04-02",11.2561016516005
"ZS3","2024-04-02",0
"ZC1","2024-04-07",62.90154357532291
"ZC3","2024-04-07",1.3000772087619084
"ZS2","2024-04-07",0
"ZS1","2024-04-07",0
"ZC2","2024-04-07",1.2031770491189122
"ZC4","2024-04-07",11.28705335183405
"ZS3","2024-04-07",0
"ZC1","2024-04-12",63.33320998381097
"ZC3","2024-04-12",1.476358864187252
"ZS2","2024-04-12",0
"ZS1","2024-04-12",0
"ZC2","2024-04-12",1.1295131481524483
"ZC4","2024-04-12",11.452129086412976
"ZS3","2024-04-12",0
"ZC1","2024-04-17",40.54343728953156
"ZC3","2024-04-17",2.08232705471187
"ZS2","2024-04-17",0.011836275010433429
"ZS1","2024-04-17",0
"ZC2","2024-04-17",2.7746736030701444
"ZC4","2024-04-17",15.599656917708487
"ZS3","2024-04-17",0.06178659675675444
"ZC1","2024-04-27",56.39334233965691
"ZC3","2024-04-27",2.3687847447780532
"ZS2","2024-04-27",0
"ZS1","2024-04-27",0
"ZC2","2024-04-27",1.6574377717454403
"ZC4","2024-04-27",14.588568043412566
"ZS3","2024-04-27",0
"ZC1","2024-05-22",29.50827294946523
"ZC3","2024-05-22",1.3110948122259922
"ZS2","2024-05-22",0
"ZS1","2024-05-22",0
"ZC2","2024-05-22",1.4241687520183042
"ZC4","2024-05-22",11.854501189449106
"ZS3","2024-05-22",0
"ZC1","2024-05-27",34.079509531659205
"ZC3","2024-05-27",0.5178273628119465
"ZS2","2024-05-27",0
"ZS1","2024-05-27",0
"ZC2","2024-05-27",1.252286316429888
"ZC4","2024-05-27",11.916404589916205
"ZS3","2024-05-27",0
"ZC1","2024-06-01",38.5732675277143
"ZC3","2024-06-01",2.02723903739145
"ZS2","2024-06-01",0
"ZS1","2024-06-01",0
"ZC2","2024-06-01",1.4610007025015361
"ZC4","2024-06-01",12.349728393185885
"ZS3","2024-06-01",0
"ZC1","2024-06-06",52.34231912153828
"ZC3","2024-06-06",4.946903955373703
"ZS2","2024-06-06",0
"ZS1","2024-06-06",0
"ZC2","2024-06-06",1.7802109400228803
"ZC4","2024-06-06",12.54575582799836
"ZS3","2024-06-06",0
"ZC1","2024-06-11",45.03719528558665
"ZC3","2024-06-11",2.8755945041259157
"ZS2","2024-06-11",0
"ZS1","2024-06-11",0
"ZC2","2024-06-11",1.5960511876067203
"ZC4","2024-06-11",14.89808504574805
"ZS3","2024-06-11",0
"ZC1","2024-06-16",45.2696310440033
"ZC3","2024-06-16",1.9721510200710306
"ZS2","2024-06-16",0
"ZS1","2024-06-16",0
"ZC2","2024-06-16",1.4610007025015361
"ZC4","2024-06-16",14.877450578925686
"ZS3","2024-06-16",0
"ZC1","2024-06-21",42.00446205672188
"ZC3","2024-06-21",2.6221896244519844
"ZS2","2024-06-21",0
"ZS1","2024-06-21",0
"ZC2","2024-06-21",1.534664603468
"ZC4","2024-06-21",14.052071906031056
"ZS3","2024-06-21",0
"ZC1","2024-07-01",41.72775282051159
"ZC3","2024-07-01",5.277432059296221
"ZS2","2024-07-01",0
"ZS1","2024-07-01",0
"ZC2","2024-07-01",1.4241687520183042
"ZC4","2024-07-01",14.155244240142885
"ZS3","2024-07-01",0
"ZC1","2024-07-06",47.07377526409438
"ZC3","2024-07-06",13.011789691083168
"ZS2","2024-07-06",0
"ZS1","2024-07-06",0
"ZC2","2024-07-06",1.9889253260945283
"ZC4","2024-07-06",16.30122878966892
"ZS3","2024-07-06",0
"ZC1","2024-07-11",39.281643172412636
"ZC3","2024-07-11",6.324104388384198
"ZS2","2024-07-11",0
"ZS1","2024-07-11",0
"ZC2","2024-07-11",1.7556563063673922
"ZC4","2024-07-11",15.248870981728267
"ZS3","2024-07-11",0
"ZC1","2024-07-16",44.66087072434066
"ZC3","2024-07-16",7.7343576317869465
"ZS2","2024-07-16",0
"ZS1","2024-07-16",0
"ZC2","2024-07-16",1.8293202073338564
"ZC4","2024-07-16",13.938582338508045
"ZS3","2024-07-16",0
"ZC1","2024-07-26",43.67578584343203
"ZC3","2024-07-26",7.547058372897519
"ZS2","2024-07-26",0
"ZS1","2024-07-26",0
"ZC2","2024-07-26",1.4487233856737922
"ZC4","2024-07-26",12.628293695287821
"ZS3","2024-07-26",0
"ZC1","2024-07-31",54.81056550853406
"ZC3","2024-07-31",6.985160596229237
"ZS2","2024-07-31",0
"ZS1","2024-07-31",0
"ZC2","2024-07-31",1.3136729005686083
"ZC4","2024-07-31",13.732237670284388
"ZS3","2024-07-31",0
"ZC1","2024-08-05",41.20753945643625
"ZC3","2024-08-05",2.3026791239935496
"ZS2","2024-08-05",0
"ZS1","2024-08-05",0
"ZC2","2024-08-05",1.3013955837408644
"ZC4","2024-08-05",13.45367236818245
"ZS3","2024-08-05",0
"ZC1","2024-08-10",40.355275008908556
"ZC3","2024-08-10",2.225555899744962
"ZS2","2024-08-10",0
"ZS1","2024-08-10",0
"ZC2","2024-08-10",0.9085214452530562
"ZC4","2024-08-10",12.51480412776481
"ZS3","2024-08-10",0
"ZC1","2024-08-15",42.1262141206544
"ZC3","2024-08-15",2.853559297197748
"ZS2","2024-08-15",0
"ZS1","2024-08-15",0
"ZC2","2024-08-15",1.1417904649801922
"ZC4","2024-08-15",12.886224530567393
"ZS3","2024-08-15",0
"ZC1","2024-08-20",35.92792722954393
"ZC3","2024-08-20",1.6636581230766794
"ZS2","2024-08-20",0
"ZS1","2024-08-20",0
"ZC2","2024-08-20",0.7734709601478721
"ZC4","2024-08-20",13.09256919879105
"ZS3","2024-08-20",0
"ZC1","2024-08-25",39.137754369583284
"ZC3","2024-08-25",1.0246371221598092
"ZS2","2024-08-25",0
"ZS1","2024-08-25",0
"ZC2","2024-08-25",0.7734709601478721
"ZC4","2024-08-25",13.814775537573851
"ZS3","2024-08-25",0
"ZC1","2024-08-30",34.8432270235996
"ZC3","2024-08-30",0.5398625697401145
"ZS2","2024-08-30",0
"ZS1","2024-08-30",0
"ZC2","2024-08-30",0.6015885245594561
"ZC4","2024-08-30",12.040211390850398
"ZS3","2024-08-30",0
"ZC1","2024-09-04",36.890875371555744
"ZC3","2024-09-04",0.3084928969943512
"ZS2","2024-09-04",0
"ZS1","2024-09-04",0
"ZC2","2024-09-04",0.6752524255259201
"ZC4","2024-09-04",12.060845857672765
"ZS3","2024-09-04",0
"ZC1","2024-09-09",35.496260821055884
"ZC3","2024-09-09",0.22035206928167939
"ZS2","2024-09-09",0
"ZS1","2024-09-09",0
"ZC2","2024-09-09",0.5279246235929921
"ZC4","2024-09-09",13.690968736639658
"ZS3","2024-09-09",0
"ZC1","2024-09-14",34.06844116221079
"ZC3","2024-09-14",0.033052810392251906
"ZS2","2024-09-14",0
"ZS1","2024-09-14",0
"ZC2","2024-09-14",0.44198340579878403
"ZC4","2024-09-14",11.885452889682655
"ZS3","2024-09-14",0
"ZC1","2024-09-19",29.475067841119994
"ZC3","2024-09-19",0
"ZS2","2024-09-19",0
"ZS1","2024-09-19",0
"ZC2","2024-09-19",0.35604218800457604
"ZC4","2024-09-19",11.14261208407749
"ZS3","2024-09-19",0
"ZC1","2024-09-29",30.52656293871909
"ZC3","2024-09-29",0
"ZS2","2024-09-29",0
"ZS1","2024-09-29",0
"ZC2","2024-09-29",0.11049585144969601
"ZC4","2024-09-29",10.92595018244265
"ZS3","2024-09-29",0
"ZC1","2024-10-04",29.674298491191397
"ZC3","2024-10-04",0.01101760346408397
"ZS2","2024-10-04",0
"ZS1","2024-10-04",0
"ZC2","2024-10-04",0.15960511876067202
"ZC4","2024-10-04",10.92595018244265
"ZS3","2024-10-04",0
"ZC1","2024-10-14",32.57421128667523
"ZC3","2024-10-14",0
"ZS2","2024-10-14",0
"ZS1","2024-10-14",0
"ZC2","2024-10-14",0.18415975241616003
"ZC4","2024-10-14",11.132294850666307
"ZS3","2024-10-14",0
"ZC1","2024-10-19",29.497204580016817
"ZC3","2024-10-19",0
"ZS2","2024-10-19",0
"ZS1","2024-10-19",0
"ZC2","2024-10-19",0.11049585144969601
"ZC4","2024-10-19",10.544212546228884
"ZS3","2024-10-19",0
"ZC1","2024-10-24",29.64109338284616
"ZC3","2024-10-24",0
"ZS2","2024-10-24",0
"ZS1","2024-10-24",0
"ZC2","2024-10-24",0.07366390096646401
"ZC4","2024-10-24",9.925178541557912
"ZS3","2024-10-24",0
"ZC1","2024-10-29",26.254172331632226
"ZC3","2024-10-29",0
"ZS2","2024-10-29",0
"ZS1","2024-10-29",0
"ZC2","2024-10-29",0.13505048510518403
"ZC4","2024-10-29",9.316461770298124
"ZS3","2024-10-29",0
"ZC1","2024-11-03",26.896137759640098
"ZC3","2024-11-03",0
"ZS2","2024-11-03",0
"ZS1","2024-11-03",0
"ZC2","2024-11-03",0.13505048510518403
"ZC4","2024-11-03",8.883137967028444
"ZS3","2024-11-03",0
"ZC1","2024-11-08",26.48660809004887
"ZC3","2024-11-08",0
"ZS2","2024-11-08",0
"ZS1","2024-11-08",0
"ZC2","2024-11-08",0.12277316827744002
"ZC4","2024-11-08",8.129979928012094
"ZS3","2024-11-08",0
"ZC1","2024-11-13",27.150710256953563
"ZC3","2024-11-13",0
"ZS2","2024-11-13",0
"ZS1","2024-11-13",0
"ZC2","2024-11-13",0.12277316827744002
"ZC4","2024-11-13",7.634752724275317
"ZS3","2024-11-13",0
"ZC1","2024-11-18",27.11750514860833
"ZC3","2024-11-18",0
"ZS2","2024-11-18",0
"ZS1","2024-11-18",0
"ZC2","2024-11-18",0.08594121779420802
"ZC4","2024-11-18",6.964132552548431
"ZS3","2024-11-18",0
"ZC1","2024-11-23",26.519813198394104
"ZC3","2024-11-23",0
"ZS2","2024-11-23",0
"ZS1","2024-11-23",0
"ZC2","2024-11-23",0.14732780193292802
"ZC4","2024-11-23",6.5101742824563855
"ZS3","2024-11-23",0
"ZC1","2024-11-28",24.52750669768002
"ZC3","2024-11-28",0
"ZS2","2024-11-28",0
"ZS1","2024-11-28",0
"ZC2","2024-11-28",0.13505048510518403
"ZC4","2024-11-28",4.766561835966482
"ZS3","2024-11-28",0
"ZC1","2024-12-03",20.97456010473991
"ZC3","2024-12-03",0
"ZS2","2024-12-03",0
"ZS1","2024-12-03",0
"ZC2","2024-12-03",0.11049585144969601
"ZC4","2024-12-03",3.827693595548841
"ZS3","2024-12-03",0
"ZC1","2024-12-08",22.778704324830997
"ZC3","2024-12-08",0
"ZS2","2024-12-08",0
"ZS1","2024-12-08",0
"ZC2","2024-12-08",0.09821853462195201
"ZC4","2024-12-08",3.0848527899436755
"ZS3","2024-12-08",0
"ZC1","2024-12-13",22.811909433176233
"ZC3","2024-12-13",0
"ZS2","2024-12-13",0
"ZS1","2024-12-13",0
"ZC2","2024-12-13",0.09821853462195201
"ZC4","2024-12-13",3.1777078906443212
"ZS3","2024-12-13",0
"ZC1","2024-12-18",20.565030435148685
"ZC3","2024-12-18",0
"ZS2","2024-12-18",0
"ZS1","2024-12-18",0
"ZC2","2024-12-18",0.09821853462195201
"ZC4","2024-12-18",2.4039153848056065
"ZS3","2024-12-18",0
"ZC1","2024-12-23",22.358106285791358
"ZC3","2024-12-23",0
"ZS2","2024-12-23",0
"ZS1","2024-12-23",0
"ZC2","2024-12-23",0.12277316827744002
"ZC4","2024-12-23",2.6824806869075437
"ZS3","2024-12-23",0
"ZC1","2024-12-28",22.501995088620706
"ZC3","2024-12-28",0
"ZS2","2024-12-28",0
"ZS1","2024-12-28",0
"ZC2","2024-12-28",0.09821853462195201
"ZC4","2024-12-28",2.6515289866739953
"ZS3","2024-12-28",0
"ZC1","2025-01-02",23.79699431408486
"ZC3","2025-01-02",0
"ZS2","2025-01-02",0
"ZS1","2025-01-02",0
"ZC2","2025-01-02",0.09821853462195201
"ZC4","2025-01-02",2.7856530210193724
"ZS3","2025-01-02",0
"ZC1","2025-01-17",25.722890598108474
"ZC3","2025-01-17",0
"ZS2","2025-01-17",0
"ZS1","2025-01-17",0
"ZC2","2025-01-17",0.14732780193292802
"ZC4","2025-01-17",2.7237496205522755
"ZS3","2025-01-17",0
"ZC1","2025-01-22",25.64541201196959
"ZC3","2025-01-22",0
"ZS2","2025-01-22",0
"ZS1","2025-01-22",0
"ZC2","2025-01-22",0.11049585144969601
"ZC4","2025-01-22",2.527722185739801
"ZS3","2025-01-22",0
"ZC1","2025-01-27",25.06985680065219
"ZC3","2025-01-27",0
"ZS2","2025-01-27",0
"ZS1","2025-01-27",0
"ZC2","2025-01-27",0.11049585144969601
"ZC4","2025-01-27",2.0531294488253895
"ZS3","2025-01-27",0
"ZC1","2025-02-01",25.269087450723596
"ZC3","2025-02-01",0
"ZS2","2025-02-01",0
"ZS1","2025-02-01",0
"ZC2","2025-02-01",0.09821853462195201
"ZC4","2025-02-01",1.8674192474240978
"ZS3","2025-02-01",0
"ZC1","2025-02-06",26.22096722328699
"ZC3","2025-02-06",0
"ZS2","2025-02-06",0
"ZS1","2025-02-06",0
"ZC2","2025-02-06",0.09821853462195201
"ZC4","2025-02-06",2.8475564214864697
"ZS3","2025-02-06",0
"ZC1","2025-02-16",30.006349574643743
"ZC3","2025-02-16",0
"ZS2","2025-02-16",0
"ZS1","2025-02-16",0
"ZC2","2025-02-16",0.4542607226265281
"ZC4","2025-02-16",3.7348384948481956
"ZS3","2025-02-16",0
"ZC1","2025-02-21",30.980366086103963
"ZC3","2025-02-21",0
"ZS2","2025-02-21",0
"ZS1","2025-02-21",0
"ZC2","2025-02-21",0.09821853462195201
"ZC4","2025-02-21",3.4356387259238925
"ZS3","2025-02-21",0
"ZC1","2025-02-26",29.917802619056452
"ZC3","2025-02-26",0
"ZS2","2025-02-26",0
"ZS1","2025-02-26",0
"ZC2","2025-02-26",0.04910926731097601
"ZC4","2025-02-26",2.372963684572058
"ZS3","2025-02-26",0
"ZC1","2025-03-08",30.692588480445266
"ZC3","2025-03-08",0.11017603464083969
"ZS2","2025-03-08",0
"ZS1","2025-03-08",0
"ZC2","2025-03-08",0.11049585144969601
"ZC4","2025-03-08",2.6927979203187267
"ZS3","2025-03-08",0
"ZC1","2025-03-18",30.338400658096095
"ZC3","2025-03-18",0.13221124156900763
"ZS2","2025-03-18",0
"ZS1","2025-03-18",0
"ZC2","2025-03-18",0.09821853462195201
"ZC4","2025-03-18",2.527722185739801
"ZS3","2025-03-18",0
"ZC1","2025-03-20",30.39374250533815
"ZC3","2025-03-20",0.19831686235351142
"ZS2","2025-03-20",0
"ZS1","2025-03-20",0
"ZC2","2025-03-20",0.11049585144969601
"ZC4","2025-03-20",2.568991119384532
"ZS3","2025-03-20",0
