id,date,savi,tipo,id_zona,mean_ndvi
2,2016-07-23,0.1848713603450932,bs,ZS3,0.24044239644649304
2,2016-08-12,0.1655257604611663,bs,ZS3,0.24044239644649304
2,2016-09-01,0.1718109664366862,bs,ZS3,0.24044239644649304
2,2016-09-21,0.17417489761503252,bs,ZS3,0.24044239644649304
2,2016-10-11,0.2040170587426056,bs,ZS3,0.24044239644649304
2,2016-10-31,0.24770890704708592,bs,ZS3,0.24044239644649304
2,2016-11-10,0.26833153727217357,bs,ZS3,0.24044239644649304
2,2016-11-30,0.24063675235691104,bs,ZS3,0.24044239644649304
2,2016-12-10,0.2594690912413761,bs,ZS3,0.24044239644649304
2,2016-12-20,0.29052508637889923,bs,ZS3,0.24044239644649304
2,2017-01-19,0.3405889884763124,bs,ZS3,0.24044239644649304
2,2017-01-29,0.367205120390125,bs,ZS3,0.24044239644649304
2,2017-02-18,0.3433953568753961,bs,ZS3,0.24044239644649304
2,2017-02-28,0.43986887932800656,bs,ZS3,0.24044239644649304
2,2017-03-20,0.3742527625143409,bs,ZS3,0.24044239644649304
2,2017-04-09,0.3060577404461256,bs,ZS3,0.24044239644649304
2,2017-05-19,0.26536633338796917,bs,ZS3,0.24044239644649304
2,2017-06-28,0.18413781895010564,bs,ZS3,0.24044239644649304
2,2017-07-13,0.15777042985356635,bs,ZS3,0.24044239644649304
2,2017-07-18,0.16098976630517794,bs,ZS3,0.24044239644649304
2,2017-08-02,0.1445236858262882,bs,ZS3,0.24044239644649304
2,2017-08-07,0.13712752436096595,bs,ZS3,0.24044239644649304
2,2017-08-22,0.08692770228682353,bs,ZS3,0.24044239644649304
2,2017-08-27,0.1397035776653383,bs,ZS3,0.24044239644649304
2,2017-09-11,0.12179878765095624,bs,ZS3,0.24044239644649304
2,2017-09-16,0.13529873850561436,bs,ZS3,0.24044239644649304
2,2017-10-01,0.1573450916686006,bs,ZS3,0.24044239644649304
2,2017-10-06,0.14494458267360327,bs,ZS3,0.24044239644649304
2,2017-10-21,0.1673467557508632,bs,ZS3,0.24044239644649304
2,2017-10-26,0.1704175881358137,bs,ZS3,0.24044239644649304
2,2017-11-10,0.18640141708679656,bs,ZS3,0.24044239644649304
2,2017-11-15,0.22105691424438317,bs,ZS3,0.24044239644649304
2,2017-11-20,0.22239328201539535,bs,ZS3,0.24044239644649304
2,2017-11-30,0.2090004327131112,bs,ZS3,0.24044239644649304
2,2017-12-05,0.2503806228373702,bs,ZS3,0.24044239644649304
2,2017-12-10,0.20545551618696303,bs,ZS3,0.24044239644649304
2,2017-12-20,0.2061561642361298,bs,ZS3,0.24044239644649304
2,2017-12-25,0.2832378433965036,bs,ZS3,0.24044239644649304
2,2017-12-30,0.30260481270156286,bs,ZS3,0.24044239644649304
2,2018-01-14,0.3133740596758722,bs,ZS3,0.24044239644649304
2,2018-01-19,0.2919638848705542,bs,ZS3,0.24044239644649304
2,2018-01-29,0.2657583629327255,bs,ZS3,0.24044239644649304
2,2018-02-08,0.4366062264796442,bs,ZS3,0.24044239644649304
2,2018-02-23,0.40164083865086597,bs,ZS3,0.24044239644649304
2,2018-02-28,0.37139749864056554,bs,ZS3,0.24044239644649304
2,2018-03-05,0.3700666627337621,bs,ZS3,0.24044239644649304
2,2018-03-10,0.3519192884006925,bs,ZS3,0.24044239644649304
2,2018-03-15,0.3405614487487546,bs,ZS3,0.24044239644649304
2,2018-03-20,0.37115395885834845,bs,ZS3,0.24044239644649304
2,2018-03-25,0.35339897411709215,bs,ZS3,0.24044239644649304
2,2018-04-04,0.3068119891008174,bs,ZS3,0.24044239644649304
2,2018-04-09,0.31468777484608623,bs,ZS3,0.24044239644649304
2,2018-04-14,0.32062793257255406,bs,ZS3,0.24044239644649304
2,2018-04-19,0.3081062315570213,bs,ZS3,0.24044239644649304
2,2018-04-24,0.2593897540694806,bs,ZS3,0.24044239644649304
2,2018-04-29,0.17078962992281813,bs,ZS3,0.24044239644649304
2,2018-05-04,0.26146254920441314,bs,ZS3,0.24044239644649304
2,2018-05-09,0.2331993432599219,bs,ZS3,0.24044239644649304
2,2018-05-14,0.23413694472009805,bs,ZS3,0.24044239644649304
2,2018-05-19,0.2347464671654198,bs,ZS3,0.24044239644649304
2,2018-05-24,0.24754969063133112,bs,ZS3,0.24044239644649304
2,2018-05-29,0.2044121753700084,bs,ZS3,0.24044239644649304
2,2018-06-08,0.1850013487995684,bs,ZS3,0.24044239644649304
2,2018-06-13,0.19031283600430088,bs,ZS3,0.24044239644649304
2,2018-06-18,0.1848333601674449,bs,ZS3,0.24044239644649304
2,2018-06-23,0.19720970789129488,bs,ZS3,0.24044239644649304
2,2018-07-03,0.18033979321452692,bs,ZS3,0.24044239644649304
2,2018-07-08,0.18016826287105137,bs,ZS3,0.24044239644649304
2,2018-07-13,0.1779031152812187,bs,ZS3,0.24044239644649304
2,2018-07-28,0.16889580093312595,bs,ZS3,0.24044239644649304
2,2018-08-07,0.1857740585774059,bs,ZS3,0.24044239644649304
2,2018-08-12,0.1820272712337769,bs,ZS3,0.24044239644649304
2,2018-08-17,0.18317767100361715,bs,ZS3,0.24044239644649304
2,2018-08-22,0.15763907025332985,bs,ZS3,0.24044239644649304
2,2018-08-27,0.17203331388255266,bs,ZS3,0.24044239644649304
2,2018-09-01,0.15626745189622784,bs,ZS3,0.24044239644649304
2,2018-09-06,0.18367661410447375,bs,ZS3,0.24044239644649304
2,2018-09-11,0.1645703894529474,bs,ZS3,0.24044239644649304
2,2018-09-16,0.1627815287565916,bs,ZS3,0.24044239644649304
2,2018-09-21,0.17902037277850022,bs,ZS3,0.24044239644649304
2,2018-09-26,0.1498236538913708,bs,ZS3,0.24044239644649304
2,2018-10-01,0.1766383120277527,bs,ZS3,0.24044239644649304
2,2018-10-11,0.17046553391352398,bs,ZS3,0.24044239644649304
2,2018-10-16,0.16320800245689465,bs,ZS3,0.24044239644649304
2,2018-10-21,0.20621245284776232,bs,ZS3,0.24044239644649304
2,2018-10-26,0.16843659221867707,bs,ZS3,0.24044239644649304
2,2018-10-31,0.20277486194149055,bs,ZS3,0.24044239644649304
2,2018-11-10,0.2491057375876377,bs,ZS3,0.24044239644649304
2,2018-11-15,0.1818396560684084,bs,ZS3,0.24044239644649304
2,2018-11-20,0.2596336070751737,bs,ZS3,0.24044239644649304
2,2018-11-25,0.1929579649449356,bs,ZS3,0.24044239644649304
2,2018-11-30,0.26951976478275075,bs,ZS3,0.24044239644649304
2,2018-12-05,0.19109416018624004,bs,ZS3,0.24044239644649304
2,2018-12-10,0.2552104899930987,bs,ZS3,0.24044239644649304
2,2018-12-15,0.1499308720364586,bs,ZS3,0.24044239644649304
2,2018-12-20,0.26798935398015966,bs,ZS3,0.24044239644649304
2,2018-12-25,0.19371727748691095,bs,ZS3,0.24044239644649304
2,2019-01-09,0.30515516799179276,bs,ZS3,0.24044239644649304
2,2019-01-29,0.3415231909809448,bs,ZS3,0.24044239644649304
2,2019-02-13,0.41234551755705223,bs,ZS3,0.24044239644649304
2,2019-02-18,0.3717563339672413,bs,ZS3,0.24044239644649304
2,2019-02-23,0.38684658553502743,bs,ZS3,0.24044239644649304
2,2019-02-28,0.37502259172239294,bs,ZS3,0.24044239644649304
2,2019-03-05,0.38268751140580326,bs,ZS3,0.24044239644649304
2,2019-03-10,0.3651129539605376,bs,ZS3,0.24044239644649304
2,2019-03-15,0.354234383310679,bs,ZS3,0.24044239644649304
2,2019-03-20,0.31627378585629085,bs,ZS3,0.24044239644649304
2,2019-03-25,0.3441448785884819,bs,ZS3,0.24044239644649304
2,2019-03-30,0.26877654313805344,bs,ZS3,0.24044239644649304
2,2019-04-04,0.3317634106061533,bs,ZS3,0.24044239644649304
2,2019-04-09,0.29030104056535533,bs,ZS3,0.24044239644649304
2,2019-04-14,0.3216259981015132,bs,ZS3,0.24044239644649304
2,2019-04-19,0.2842941271813712,bs,ZS3,0.24044239644649304
2,2019-04-24,0.27224228952486806,bs,ZS3,0.24044239644649304
2,2019-04-29,0.24198569166075037,bs,ZS3,0.24044239644649304
2,2019-05-04,0.2738923270715811,bs,ZS3,0.24044239644649304
2,2019-05-09,0.20668929823585064,bs,ZS3,0.24044239644649304
2,2019-05-14,0.2556714687862229,bs,ZS3,0.24044239644649304
2,2019-05-19,0.241236781362392,bs,ZS3,0.24044239644649304
2,2019-05-24,0.2388447184812591,bs,ZS3,0.24044239644649304
2,2019-05-29,0.2110173752723616,bs,ZS3,0.24044239644649304
2,2019-06-03,0.234712378440745,bs,ZS3,0.24044239644649304
2,2019-06-08,0.22435094976323955,bs,ZS3,0.24044239644649304
2,2019-06-18,0.20679193059030185,bs,ZS3,0.24044239644649304
2,2019-06-23,0.1955991545173703,bs,ZS3,0.24044239644649304
2,2019-06-28,0.19138176262972137,bs,ZS3,0.24044239644649304
2,2019-07-03,0.19500250431298344,bs,ZS3,0.24044239644649304
2,2019-07-08,0.2079629124625034,bs,ZS3,0.24044239644649304
2,2019-07-18,0.17904488100942342,bs,ZS3,0.24044239644649304
2,2019-07-28,0.18049886621315192,bs,ZS3,0.24044239644649304
2,2019-08-02,0.16274755577839056,bs,ZS3,0.24044239644649304
2,2019-08-07,0.1629412057549659,bs,ZS3,0.24044239644649304
2,2019-08-12,0.162942134083173,bs,ZS3,0.24044239644649304
2,2019-08-17,0.15077562460735514,bs,ZS3,0.24044239644649304
2,2019-08-22,0.17123116206879288,bs,ZS3,0.24044239644649304
2,2019-08-27,0.16592754995266332,bs,ZS3,0.24044239644649304
2,2019-09-01,0.17623849188952212,bs,ZS3,0.24044239644649304
2,2019-09-06,0.1512093854101289,bs,ZS3,0.24044239644649304
2,2019-09-11,0.19474858595817549,bs,ZS3,0.24044239644649304
2,2019-09-16,0.17596871667259154,bs,ZS3,0.24044239644649304
2,2019-09-21,0.17512119546204208,bs,ZS3,0.24044239644649304
2,2019-09-26,0.17500613798183157,bs,ZS3,0.24044239644649304
2,2019-10-06,0.21177157879363223,bs,ZS3,0.24044239644649304
2,2019-10-11,0.19703780816732125,bs,ZS3,0.24044239644649304
2,2019-10-16,0.1990907812719689,bs,ZS3,0.24044239644649304
2,2019-10-21,0.2134656272147413,bs,ZS3,0.24044239644649304
2,2019-10-26,0.2353023320765256,bs,ZS3,0.24044239644649304
2,2019-11-05,0.2667089781770249,bs,ZS3,0.24044239644649304
2,2019-11-10,0.2385302977924836,bs,ZS3,0.24044239644649304
2,2019-11-15,0.28570011408164275,bs,ZS3,0.24044239644649304
2,2019-11-20,0.27854163448169317,bs,ZS3,0.24044239644649304
2,2019-11-25,0.31643815274959164,bs,ZS3,0.24044239644649304
2,2019-11-30,0.3170900123304562,bs,ZS3,0.24044239644649304
2,2019-12-05,0.2337050416208575,bs,ZS3,0.24044239644649304
2,2019-12-10,0.3175198696746804,bs,ZS3,0.24044239644649304
2,2019-12-15,0.28935651684866665,bs,ZS3,0.24044239644649304
2,2019-12-20,0.27913003709538087,bs,ZS3,0.24044239644649304
2,2019-12-25,0.3096577946768061,bs,ZS3,0.24044239644649304
2,2019-12-30,0.32630201517927243,bs,ZS3,0.24044239644649304
2,2020-01-04,0.3096704092720029,bs,ZS3,0.24044239644649304
2,2020-01-09,0.3333507552396383,bs,ZS3,0.24044239644649304
2,2020-01-14,0.2902881536819637,bs,ZS3,0.24044239644649304
2,2020-01-19,0.3593436645396536,bs,ZS3,0.24044239644649304
2,2020-01-24,0.3818115099993884,bs,ZS3,0.24044239644649304
2,2020-01-29,0.36927406326541246,bs,ZS3,0.24044239644649304
2,2020-02-03,0.35320038415908706,bs,ZS3,0.24044239644649304
2,2020-02-13,0.3492363232435435,bs,ZS3,0.24044239644649304
2,2020-02-18,0.37057891958472633,bs,ZS3,0.24044239644649304
2,2020-02-23,0.3981292019877229,bs,ZS3,0.24044239644649304
2,2020-02-28,0.38598924917634825,bs,ZS3,0.24044239644649304
2,2020-03-04,0.3722365038560411,bs,ZS3,0.24044239644649304
2,2020-03-14,0.374524140431446,bs,ZS3,0.24044239644649304
2,2020-03-19,0.33908974430393846,bs,ZS3,0.24044239644649304
2,2020-03-24,0.33610810194423857,bs,ZS3,0.24044239644649304
2,2020-03-29,0.3641559617452323,bs,ZS3,0.24044239644649304
2,2020-04-13,0.30981449183446963,bs,ZS3,0.24044239644649304
2,2020-04-18,0.3013608788325955,bs,ZS3,0.24044239644649304
2,2020-04-23,0.294927188350136,bs,ZS3,0.24044239644649304
2,2020-04-28,0.2810062092023563,bs,ZS3,0.24044239644649304
2,2020-05-08,0.2501200192030725,bs,ZS3,0.24044239644649304
2,2020-05-13,0.25426143859834294,bs,ZS3,0.24044239644649304
2,2020-05-18,0.26352539843291933,bs,ZS3,0.24044239644649304
2,2020-05-23,0.2368963875813191,bs,ZS3,0.24044239644649304
2,2020-05-28,0.23780585319046857,bs,ZS3,0.24044239644649304
2,2020-06-02,0.2221987426699773,bs,ZS3,0.24044239644649304
2,2020-06-12,0.18624735212644616,bs,ZS3,0.24044239644649304
2,2020-06-22,0.20176963185337335,bs,ZS3,0.24044239644649304
2,2020-06-27,0.1984974510330024,bs,ZS3,0.24044239644649304
2,2020-07-02,0.20290230629696812,bs,ZS3,0.24044239644649304
2,2020-07-07,0.18899829870598545,bs,ZS3,0.24044239644649304
2,2020-07-12,0.1772385194286592,bs,ZS3,0.24044239644649304
2,2020-07-17,0.1595574750044371,bs,ZS3,0.24044239644649304
2,2020-07-22,0.14191065426024263,bs,ZS3,0.24044239644649304
2,2020-07-27,0.16594641313742436,bs,ZS3,0.24044239644649304
2,2020-08-01,0.17229679893789643,bs,ZS3,0.24044239644649304
2,2020-08-06,0.17142006844898566,bs,ZS3,0.24044239644649304
2,2020-08-11,0.15241003053205868,bs,ZS3,0.24044239644649304
2,2020-08-16,0.1308838719197285,bs,ZS3,0.24044239644649304
2,2020-08-21,0.16257893963871345,bs,ZS3,0.24044239644649304
2,2020-09-05,0.1750674846625767,bs,ZS3,0.24044239644649304
2,2020-09-10,0.16224474206854408,bs,ZS3,0.24044239644649304
2,2020-09-15,0.1542328669670382,bs,ZS3,0.24044239644649304
2,2020-09-20,0.16774062610989904,bs,ZS3,0.24044239644649304
2,2020-09-25,0.1542806621150351,bs,ZS3,0.24044239644649304
2,2020-09-30,0.17360818959472726,bs,ZS3,0.24044239644649304
2,2020-10-05,0.16659404502541758,bs,ZS3,0.24044239644649304
2,2020-10-10,0.20298606818506015,bs,ZS3,0.24044239644649304
2,2020-10-15,0.21237659523236213,bs,ZS3,0.24044239644649304
2,2020-10-20,0.23836287649517224,bs,ZS3,0.24044239644649304
2,2020-10-25,0.224271118863693,bs,ZS3,0.24044239644649304
2,2020-10-30,0.2571145405634999,bs,ZS3,0.24044239644649304
2,2020-11-09,0.28358493261583884,bs,ZS3,0.24044239644649304
2,2020-11-14,0.27296298074614683,bs,ZS3,0.24044239644649304
2,2020-11-19,0.3017015394881083,bs,ZS3,0.24044239644649304
2,2020-11-29,0.2762902019446522,bs,ZS3,0.24044239644649304
2,2020-12-04,0.2720474599930206,bs,ZS3,0.24044239644649304
2,2020-12-09,0.2831703400963363,bs,ZS3,0.24044239644649304
2,2020-12-24,0.2706897458830957,bs,ZS3,0.24044239644649304
2,2020-12-29,0.31702028805947036,bs,ZS3,0.24044239644649304
2,2021-01-08,0.3536604987932422,bs,ZS3,0.24044239644649304
2,2021-01-13,0.308525452576203,bs,ZS3,0.24044239644649304
2,2021-01-18,0.2938055858948354,bs,ZS3,0.24044239644649304
2,2021-01-28,0.33901002705713834,bs,ZS3,0.24044239644649304
2,2021-02-07,0.3553156411210977,bs,ZS3,0.24044239644649304
2,2021-02-12,0.3219488766743156,bs,ZS3,0.24044239644649304
2,2021-02-17,0.3444705882352941,bs,ZS3,0.24044239644649304
2,2021-02-22,0.29803510610427036,bs,ZS3,0.24044239644649304
2,2021-02-27,0.3314708299096138,bs,ZS3,0.24044239644649304
2,2021-03-04,0.31210952355082305,bs,ZS3,0.24044239644649304
2,2021-03-09,0.32850398827934235,bs,ZS3,0.24044239644649304
2,2021-03-14,0.30366234192806696,bs,ZS3,0.24044239644649304
2,2021-03-24,0.32335708630245447,bs,ZS3,0.24044239644649304
2,2021-03-29,0.2815216818588967,bs,ZS3,0.24044239644649304
2,2021-04-03,0.30925589836660616,bs,ZS3,0.24044239644649304
2,2021-04-08,0.2925796161690111,bs,ZS3,0.24044239644649304
2,2021-04-13,0.29629436597696357,bs,ZS3,0.24044239644649304
2,2021-04-18,0.31988245788948944,bs,ZS3,0.24044239644649304
2,2021-04-28,0.253299845027521,bs,ZS3,0.24044239644649304
2,2021-05-03,0.26653974297953353,bs,ZS3,0.24044239644649304
2,2021-05-08,0.2423438246377581,bs,ZS3,0.24044239644649304
2,2021-05-18,0.28507642108878584,bs,ZS3,0.24044239644649304
2,2021-05-23,0.26644022495684616,bs,ZS3,0.24044239644649304
2,2021-06-02,0.25784868759650026,bs,ZS3,0.24044239644649304
2,2021-06-07,0.2310408609382882,bs,ZS3,0.24044239644649304
2,2021-06-12,0.23920873275336615,bs,ZS3,0.24044239644649304
2,2021-06-17,0.22337020607557975,bs,ZS3,0.24044239644649304
2,2021-07-02,0.17618819011041767,bs,ZS3,0.24044239644649304
2,2021-07-07,0.2062722442874091,bs,ZS3,0.24044239644649304
2,2021-07-22,0.2096729102599944,bs,ZS3,0.24044239644649304
2,2021-07-27,0.18549606381314843,bs,ZS3,0.24044239644649304
2,2021-08-06,0.20239687550157828,bs,ZS3,0.24044239644649304
2,2021-08-16,0.17559997944395908,bs,ZS3,0.24044239644649304
2,2021-08-21,0.16967175219602404,bs,ZS3,0.24044239644649304
2,2021-08-26,0.17682656826568266,bs,ZS3,0.24044239644649304
2,2021-08-31,0.1773841546972542,bs,ZS3,0.24044239644649304
2,2021-09-05,0.1628646127031322,bs,ZS3,0.24044239644649304
2,2021-09-10,0.1744917361415826,bs,ZS3,0.24044239644649304
2,2021-09-15,0.16556357302811645,bs,ZS3,0.24044239644649304
2,2021-09-25,0.18911954187544736,bs,ZS3,0.24044239644649304
2,2021-09-30,0.18033331750629125,bs,ZS3,0.24044239644649304
2,2021-10-05,0.19509579972961633,bs,ZS3,0.24044239644649304
2,2021-10-10,0.20108214002518776,bs,ZS3,0.24044239644649304
2,2021-10-15,0.20186377963546664,bs,ZS3,0.24044239644649304
2,2021-10-20,0.20366334338047765,bs,ZS3,0.24044239644649304
2,2021-10-25,0.22396248534583824,bs,ZS3,0.24044239644649304
2,2021-10-30,0.23134223471539,bs,ZS3,0.24044239644649304
2,2021-11-04,0.24167018135807675,bs,ZS3,0.24044239644649304
2,2021-11-09,0.2443649710601854,bs,ZS3,0.24044239644649304
2,2021-11-14,0.270020964360587,bs,ZS3,0.24044239644649304
2,2021-11-19,0.2663799283154122,bs,ZS3,0.24044239644649304
2,2021-11-24,0.2707576115175832,bs,ZS3,0.24044239644649304
2,2021-11-29,0.28398791540785495,bs,ZS3,0.24044239644649304
2,2021-12-04,0.2733841238633571,bs,ZS3,0.24044239644649304
2,2021-12-09,0.3020305841062923,bs,ZS3,0.24044239644649304
2,2021-12-14,0.2974043114826221,bs,ZS3,0.24044239644649304
2,2021-12-29,0.4549221412818285,bs,ZS3,0.24044239644649304
2,2022-01-03,0.4035453597497393,bs,ZS3,0.24044239644649304
2,2022-01-08,0.3209054593874833,bs,ZS3,0.24044239644649304
2,2022-01-18,0.4513952992970248,bs,ZS3,0.24044239644649304
2,2022-01-23,0.41560024375380866,bs,ZS3,0.24044239644649304
2,2022-01-28,0.38516992790937177,bs,ZS3,0.24044239644649304
2,2022-02-02,0.3744754546060082,bs,ZS3,0.24044239644649304
2,2022-02-07,0.40488601394209633,bs,ZS3,0.24044239644649304
2,2022-02-12,0.3991661046048195,bs,ZS3,0.24044239644649304
2,2022-02-17,0.3866900834221916,bs,ZS3,0.24044239644649304
2,2022-02-22,0.3880507302999339,bs,ZS3,0.24044239644649304
2,2022-02-27,0.3652414641648723,bs,ZS3,0.24044239644649304
2,2022-03-04,0.37844595861724073,bs,ZS3,0.24044239644649304
2,2022-03-09,0.40130383000062686,bs,ZS3,0.24044239644649304
2,2022-03-14,0.37236962488563585,bs,ZS3,0.24044239644649304
2,2022-03-19,0.36563223165015135,bs,ZS3,0.24044239644649304
2,2022-03-24,0.34621400845837436,bs,ZS3,0.24044239644649304
2,2022-03-29,0.3324963503649635,bs,ZS3,0.24044239644649304
2,2022-04-03,0.24405439405738932,bs,ZS3,0.24044239644649304
2,2022-04-08,0.3131877628622458,bs,ZS3,0.24044239644649304
2,2022-04-13,0.3158160687215766,bs,ZS3,0.24044239644649304
2,2022-04-18,0.30568278201865984,bs,ZS3,0.24044239644649304
2,2022-04-23,0.27669986758017157,bs,ZS3,0.24044239644649304
2,2022-04-28,0.2701858246998849,bs,ZS3,0.24044239644649304
2,2022-05-03,0.27430768373544323,bs,ZS3,0.24044239644649304
2,2022-05-08,0.2557691248554277,bs,ZS3,0.24044239644649304
2,2022-05-13,0.24787670847629223,bs,ZS3,0.24044239644649304
2,2022-05-18,0.2339951047049225,bs,ZS3,0.24044239644649304
2,2022-05-23,0.23962952568060625,bs,ZS3,0.24044239644649304
2,2022-05-28,0.225037012666557,bs,ZS3,0.24044239644649304
2,2022-06-02,0.2199924065737376,bs,ZS3,0.24044239644649304
2,2022-06-07,0.23252512634149108,bs,ZS3,0.24044239644649304
2,2022-06-12,0.22280029729575207,bs,ZS3,0.24044239644649304
2,2022-06-17,0.21930158040514852,bs,ZS3,0.24044239644649304
2,2022-06-22,0.17771069431385164,bs,ZS3,0.24044239644649304
2,2022-07-02,0.21346696937814935,bs,ZS3,0.24044239644649304
2,2022-07-07,0.1822752313205327,bs,ZS3,0.24044239644649304
2,2022-07-12,0.20113468986961977,bs,ZS3,0.24044239644649304
2,2022-07-17,0.19051060973720896,bs,ZS3,0.24044239644649304
2,2022-07-27,0.18185214589268203,bs,ZS3,0.24044239644649304
2,2022-08-01,0.18249801113762928,bs,ZS3,0.24044239644649304
2,2022-08-06,0.17860637585620848,bs,ZS3,0.24044239644649304
2,2022-08-11,0.17276453620768178,bs,ZS3,0.24044239644649304
2,2022-08-16,0.18110633998484463,bs,ZS3,0.24044239644649304
2,2022-08-21,0.17225757190124713,bs,ZS3,0.24044239644649304
2,2022-08-26,0.1778044751464184,bs,ZS3,0.24044239644649304
2,2022-08-31,0.1773841546972542,bs,ZS3,0.24044239644649304
2,2022-09-05,0.15957919691806194,bs,ZS3,0.24044239644649304
2,2022-09-10,0.1596241772597096,bs,ZS3,0.24044239644649304
2,2022-09-15,0.1786144723521188,bs,ZS3,0.24044239644649304
2,2022-09-20,0.1672064581621308,bs,ZS3,0.24044239644649304
2,2022-09-25,0.1675857431069267,bs,ZS3,0.24044239644649304
2,2022-09-30,0.16476534296028883,bs,ZS3,0.24044239644649304
2,2022-10-05,0.15327553433167973,bs,ZS3,0.24044239644649304
2,2022-10-10,0.17221617013214607,bs,ZS3,0.24044239644649304
2,2022-10-15,0.17568258988790175,bs,ZS3,0.24044239644649304
2,2022-10-20,0.1865270698443312,bs,ZS3,0.24044239644649304
2,2022-10-25,0.1846602751146311,bs,ZS3,0.24044239644649304
2,2022-10-30,0.2006988120195667,bs,ZS3,0.24044239644649304
2,2022-11-04,0.20239465807045823,bs,ZS3,0.24044239644649304
2,2022-11-09,0.207678960715398,bs,ZS3,0.24044239644649304
2,2022-11-14,0.21751504689030937,bs,ZS3,0.24044239644649304
2,2022-11-19,0.23812858943829668,bs,ZS3,0.24044239644649304
2,2022-11-24,0.23095589284864632,bs,ZS3,0.24044239644649304
2,2022-11-29,0.28546738432669994,bs,ZS3,0.24044239644649304
2,2022-12-04,0.2917305884099569,bs,ZS3,0.24044239644649304
2,2022-12-09,0.2629964729335992,bs,ZS3,0.24044239644649304
2,2022-12-14,0.3331228110466785,bs,ZS3,0.24044239644649304
2,2022-12-19,0.3243158060618795,bs,ZS3,0.24044239644649304
2,2022-12-24,0.3160910639615921,bs,ZS3,0.24044239644649304
2,2022-12-29,0.3076765294087483,bs,ZS3,0.24044239644649304
2,2023-01-03,0.303433671154137,bs,ZS3,0.24044239644649304
2,2023-01-08,0.3571228030770958,bs,ZS3,0.24044239644649304
2,2023-01-13,0.3069471066673574,bs,ZS3,0.24044239644649304
2,2023-01-18,0.28411984612884,bs,ZS3,0.24044239644649304
2,2023-01-23,0.32113669141605683,bs,ZS3,0.24044239644649304
2,2023-01-28,0.2891331420217662,bs,ZS3,0.24044239644649304
2,2023-02-02,0.31884860226958206,bs,ZS3,0.24044239644649304
2,2023-02-12,0.3078373731210827,bs,ZS3,0.24044239644649304
2,2023-02-17,0.2956069302150941,bs,ZS3,0.24044239644649304
2,2023-02-22,0.29295700342917436,bs,ZS3,0.24044239644649304
2,2023-02-27,0.27701284741772025,bs,ZS3,0.24044239644649304
2,2023-03-04,0.27981723648968015,bs,ZS3,0.24044239644649304
2,2023-03-09,0.28129409920033455,bs,ZS3,0.24044239644649304
2,2023-03-19,0.27953667953667954,bs,ZS3,0.24044239644649304
2,2023-03-24,0.27807144001281436,bs,ZS3,0.24044239644649304
2,2023-03-29,0.2705561788748197,bs,ZS3,0.24044239644649304
2,2023-04-03,0.29372255231206407,bs,ZS3,0.24044239644649304
2,2023-04-08,0.2452674472584722,bs,ZS3,0.24044239644649304
2,2023-04-13,0.2515129151291513,bs,ZS3,0.24044239644649304
2,2023-04-23,0.23175717927750253,bs,ZS3,0.24044239644649304
2,2023-04-28,0.21581893404721345,bs,ZS3,0.24044239644649304
2,2023-05-08,0.23796610169491525,bs,ZS3,0.24044239644649304
2,2023-05-13,0.24210149009165857,bs,ZS3,0.24044239644649304
2,2023-05-18,0.24488546502729452,bs,ZS3,0.24044239644649304
2,2023-05-23,0.22725241995532391,bs,ZS3,0.24044239644649304
2,2023-05-28,0.1938485396743345,bs,ZS3,0.24044239644649304
2,2023-06-02,0.21133276951395452,bs,ZS3,0.24044239644649304
2,2023-06-07,0.19817802432693776,bs,ZS3,0.24044239644649304
2,2023-06-12,0.18867649204727857,bs,ZS3,0.24044239644649304
2,2023-06-17,0.18002680299796495,bs,ZS3,0.24044239644649304
2,2023-06-22,0.1755573825990231,bs,ZS3,0.24044239644649304
2,2023-06-27,0.1727047868470828,bs,ZS3,0.24044239644649304
2,2023-07-02,0.17756737072104878,bs,ZS3,0.24044239644649304
2,2023-07-07,0.1703309637022739,bs,ZS3,0.24044239644649304
2,2023-07-12,0.18123339393091875,bs,ZS3,0.24044239644649304
2,2023-07-17,0.1644089547982319,bs,ZS3,0.24044239644649304
2,2023-07-22,0.15294556649097438,bs,ZS3,0.24044239644649304
2,2023-07-27,0.1718201490742967,bs,ZS3,0.24044239644649304
2,2023-08-01,0.15759663944871857,bs,ZS3,0.24044239644649304
2,2023-08-06,0.150494954808474,bs,ZS3,0.24044239644649304
2,2023-08-16,0.16968807686846216,bs,ZS3,0.24044239644649304
2,2023-08-21,0.15939620551170197,bs,ZS3,0.24044239644649304
2,2023-08-26,0.16051737775089564,bs,ZS3,0.24044239644649304
2,2023-08-31,0.14979624338376504,bs,ZS3,0.24044239644649304
2,2023-09-05,0.15239029861208467,bs,ZS3,0.24044239644649304
2,2023-09-10,0.15433423106769523,bs,ZS3,0.24044239644649304
2,2023-09-15,0.16882997752602852,bs,ZS3,0.24044239644649304
2,2023-09-20,0.15260193737328226,bs,ZS3,0.24044239644649304
2,2023-09-25,0.15799553143951484,bs,ZS3,0.24044239644649304
2,2023-09-30,0.18589542542228593,bs,ZS3,0.24044239644649304
2,2023-10-05,0.18375182030801815,bs,ZS3,0.24044239644649304
2,2023-10-10,0.20972278023302532,bs,ZS3,0.24044239644649304
2,2023-10-15,0.1852484821227794,bs,ZS3,0.24044239644649304
2,2023-10-20,0.21000958947897164,bs,ZS3,0.24044239644649304
2,2023-10-25,0.22054690636570456,bs,ZS3,0.24044239644649304
2,2023-10-30,0.24163137954089592,bs,ZS3,0.24044239644649304
2,2023-11-04,0.2396972245584525,bs,ZS3,0.24044239644649304
2,2023-11-14,0.24975798644724104,bs,ZS3,0.24044239644649304
2,2023-11-19,0.25536490300613773,bs,ZS3,0.24044239644649304
2,2023-11-24,0.2452576348715189,bs,ZS3,0.24044239644649304
2,2023-11-29,0.25674044265593565,bs,ZS3,0.24044239644649304
2,2023-12-04,0.26156370570757015,bs,ZS3,0.24044239644649304
2,2023-12-09,0.25348004772636884,bs,ZS3,0.24044239644649304
2,2023-12-24,0.2479038694346052,bs,ZS3,0.24044239644649304
2,2024-01-03,0.2623958475618085,bs,ZS3,0.24044239644649304
2,2024-01-08,0.2651695486189086,bs,ZS3,0.24044239644649304
2,2024-01-13,0.2446986480987476,bs,ZS3,0.24044239644649304
2,2024-01-18,0.2270285163245626,bs,ZS3,0.24044239644649304
2,2024-01-23,0.24197756923781188,bs,ZS3,0.24044239644649304
2,2024-01-28,0.3050430504305043,bs,ZS3,0.24044239644649304
2,2024-02-02,0.2696913979028972,bs,ZS3,0.24044239644649304
2,2024-02-17,0.2520266432591522,bs,ZS3,0.24044239644649304
2,2024-02-22,0.2666632824001218,bs,ZS3,0.24044239644649304
2,2024-03-03,0.24482917113528416,bs,ZS3,0.24044239644649304
2,2024-03-08,0.26677974315483405,bs,ZS3,0.24044239644649304
2,2024-03-13,0.2288020176544767,bs,ZS3,0.24044239644649304
2,2024-03-18,0.25011027790030876,bs,ZS3,0.24044239644649304
2,2024-03-23,0.24563140438592143,bs,ZS3,0.24044239644649304
2,2024-04-02,0.24643235338611263,bs,ZS3,0.24044239644649304
2,2024-04-07,0.23896711279168115,bs,ZS3,0.24044239644649304
2,2024-04-12,0.23567896918543677,bs,ZS3,0.24044239644649304
2,2024-04-17,0.2467645403856975,bs,ZS3,0.24044239644649304
2,2024-04-22,0.21397401815719513,bs,ZS3,0.24044239644649304
2,2024-04-27,0.20584842253097255,bs,ZS3,0.24044239644649304
2,2024-05-02,0.20588371126402805,bs,ZS3,0.24044239644649304
2,2024-05-12,0.17913375924342273,bs,ZS3,0.24044239644649304
2,2024-05-22,0.1835427322838556,bs,ZS3,0.24044239644649304
2,2024-05-27,0.1798157984503679,bs,ZS3,0.24044239644649304
2,2024-06-01,0.1898977929195675,bs,ZS3,0.24044239644649304
2,2024-06-06,0.17667246953494156,bs,ZS3,0.24044239644649304
2,2024-06-11,0.1883835127225832,bs,ZS3,0.24044239644649304
2,2024-06-16,0.18202047174009792,bs,ZS3,0.24044239644649304
2,2024-06-21,0.17306292756295183,bs,ZS3,0.24044239644649304
2,2024-07-01,0.1812266304083912,bs,ZS3,0.24044239644649304
2,2024-07-06,0.18119724837781137,bs,ZS3,0.24044239644649304
2,2024-07-11,0.18776567156886695,bs,ZS3,0.24044239644649304
2,2024-07-16,0.17237888647866956,bs,ZS3,0.24044239644649304
2,2024-07-26,0.18494240131103293,bs,ZS3,0.24044239644649304
2,2024-07-31,0.16311619300659486,bs,ZS3,0.24044239644649304
2,2024-08-05,0.175894398059611,bs,ZS3,0.24044239644649304
2,2024-08-10,0.17962664208342938,bs,ZS3,0.24044239644649304
2,2024-08-15,0.16087333851002605,bs,ZS3,0.24044239644649304
2,2024-08-20,0.1657210294584903,bs,ZS3,0.24044239644649304
2,2024-08-25,0.1717813857763549,bs,ZS3,0.24044239644649304
2,2024-08-30,0.1669656409548779,bs,ZS3,0.24044239644649304
2,2024-09-04,0.17215017064846416,bs,ZS3,0.24044239644649304
2,2024-09-09,0.17385168662084036,bs,ZS3,0.24044239644649304
2,2024-09-14,0.17651832814824836,bs,ZS3,0.24044239644649304
2,2024-09-19,0.1543688001087104,bs,ZS3,0.24044239644649304
2,2024-09-29,0.17082422241063858,bs,ZS3,0.24044239644649304
2,2024-10-04,0.1528865295288653,bs,ZS3,0.24044239644649304
2,2024-10-14,0.1766674413200093,bs,ZS3,0.24044239644649304
2,2024-10-19,0.1856370442257036,bs,ZS3,0.24044239644649304
2,2024-10-24,0.18679950186799504,bs,ZS3,0.24044239644649304
2,2024-10-29,0.17613299931678433,bs,ZS3,0.24044239644649304
2,2024-11-03,0.1785600437178378,bs,ZS3,0.24044239644649304
2,2024-11-08,0.16944154606904685,bs,ZS3,0.24044239644649304
2,2024-11-13,0.16829834706980557,bs,ZS3,0.24044239644649304
2,2024-11-18,0.1557103195143758,bs,ZS3,0.24044239644649304
2,2024-11-28,0.1717813857763549,bs,ZS3,0.24044239644649304
2,2024-12-03,0.17387788111605337,bs,ZS3,0.24044239644649304
2,2024-12-08,0.17783329548035431,bs,ZS3,0.24044239644649304
2,2024-12-13,0.16886113750509027,bs,ZS3,0.24044239644649304
2,2024-12-18,0.17241849679443458,bs,ZS3,0.24044239644649304
2,2024-12-23,0.15655064725734147,bs,ZS3,0.24044239644649304
2,2024-12-28,0.17815380382446003,bs,ZS3,0.24044239644649304
2,2025-01-02,0.16136268049908875,bs,ZS3,0.24044239644649304
2,2025-01-12,0.174045159179094,bs,ZS3,0.24044239644649304
2,2025-01-17,0.17039464311155433,bs,ZS3,0.24044239644649304
2,2025-01-22,0.1834221823842997,bs,ZS3,0.24044239644649304
2,2025-01-27,0.16571778101915025,bs,ZS3,0.24044239644649304
2,2025-02-01,0.17437064428957472,bs,ZS3,0.24044239644649304
2,2025-02-06,0.17473290335286298,bs,ZS3,0.24044239644649304
2,2025-02-11,0.1534785664089951,bs,ZS3,0.24044239644649304
2,2025-02-16,0.23493026784151252,bs,ZS3,0.24044239644649304
2,2025-02-21,0.1952727844452597,bs,ZS3,0.24044239644649304
2,2025-02-26,0.19170526096685228,bs,ZS3,0.24044239644649304
2,2025-03-03,0.19498665550264271,bs,ZS3,0.24044239644649304
2,2025-03-08,0.19814419016837825,bs,ZS3,0.24044239644649304
2,2025-03-13,0.19518702858022471,bs,ZS3,0.24044239644649304
2,2025-03-18,0.1978190754108432,bs,ZS3,0.24044239644649304
2,2025-03-20,0.19316849349987253,bs,ZS3,0.24044239644649304
2,2025-03-23,0.21009395697489347,bs,ZS3,0.24044239644649304
2,2025-03-28,0.19532478069063436,bs,ZS3,0.24044239644649304
4,2016-07-23,0.24132817878515067,bs,ZS3,0.25493415198729835
4,2016-08-12,0.24726052534997117,bs,ZS3,0.25493415198729835
4,2016-09-01,0.2356587571769727,bs,ZS3,0.25493415198729835
4,2016-09-21,0.23545858505167505,bs,ZS3,0.25493415198729835
4,2016-10-11,0.2821409227436112,bs,ZS3,0.25493415198729835
4,2016-10-31,0.3184122845139794,bs,ZS3,0.25493415198729835
4,2016-11-10,0.31289935142925773,bs,ZS3,0.25493415198729835
4,2016-11-30,0.30921290322580647,bs,ZS3,0.25493415198729835
4,2016-12-10,0.29439992322088393,bs,ZS3,0.25493415198729835
4,2016-12-20,0.3424734191382205,bs,ZS3,0.25493415198729835
4,2017-01-19,0.3451165066356798,bs,ZS3,0.25493415198729835
4,2017-01-29,0.39275103980986337,bs,ZS3,0.25493415198729835
4,2017-02-18,0.37831339784816975,bs,ZS3,0.25493415198729835
4,2017-02-28,0.44639376218323584,bs,ZS3,0.25493415198729835
4,2017-03-20,0.39487244735670207,bs,ZS3,0.25493415198729835
4,2017-04-09,0.3493382396581399,bs,ZS3,0.25493415198729835
4,2017-05-19,0.30571245559890525,bs,ZS3,0.25493415198729835
4,2017-06-28,0.19403299773338256,bs,ZS3,0.25493415198729835
4,2017-07-13,0.16980008929014334,bs,ZS3,0.25493415198729835
4,2017-07-18,0.16302320019134178,bs,ZS3,0.25493415198729835
4,2017-08-02,0.1459413991308005,bs,ZS3,0.25493415198729835
4,2017-08-07,0.15198763871330245,bs,ZS3,0.25493415198729835
4,2017-08-22,0.1378659526840188,bs,ZS3,0.25493415198729835
4,2017-08-27,0.14891158663400655,bs,ZS3,0.25493415198729835
4,2017-09-11,0.13689647428699753,bs,ZS3,0.25493415198729835
4,2017-09-16,0.1485650723025584,bs,ZS3,0.25493415198729835
4,2017-10-01,0.17187853554781193,bs,ZS3,0.25493415198729835
4,2017-10-06,0.17708190892930398,bs,ZS3,0.25493415198729835
4,2017-10-21,0.18813896879840675,bs,ZS3,0.25493415198729835
4,2017-10-26,0.1775560239150071,bs,ZS3,0.25493415198729835
4,2017-11-10,0.18096362180162712,bs,ZS3,0.25493415198729835
4,2017-11-15,0.2239669792274216,bs,ZS3,0.25493415198729835
4,2017-11-20,0.19447935173549424,bs,ZS3,0.25493415198729835
4,2017-11-30,0.20220375883058608,bs,ZS3,0.25493415198729835
4,2017-12-05,0.2389604308124561,bs,ZS3,0.25493415198729835
4,2017-12-10,0.20227796374385948,bs,ZS3,0.25493415198729835
4,2017-12-20,0.22823462576338588,bs,ZS3,0.25493415198729835
4,2017-12-25,0.25722975908849516,bs,ZS3,0.25493415198729835
4,2017-12-30,0.28874046752728905,bs,ZS3,0.25493415198729835
4,2018-01-14,0.324188385916781,bs,ZS3,0.25493415198729835
4,2018-01-19,0.2996178343949044,bs,ZS3,0.25493415198729835
4,2018-01-29,0.2623673469387755,bs,ZS3,0.25493415198729835
4,2018-02-08,0.4052945831235163,bs,ZS3,0.25493415198729835
4,2018-02-23,0.3717626890344701,bs,ZS3,0.25493415198729835
4,2018-02-28,0.33518440272831534,bs,ZS3,0.25493415198729835
4,2018-03-05,0.34762560632373196,bs,ZS3,0.25493415198729835
4,2018-03-10,0.32648687265583143,bs,ZS3,0.25493415198729835
4,2018-03-15,0.35184410305457586,bs,ZS3,0.25493415198729835
4,2018-03-20,0.3284310841814224,bs,ZS3,0.25493415198729835
4,2018-03-25,0.34973106907596546,bs,ZS3,0.25493415198729835
4,2018-04-04,0.37117849327914976,bs,ZS3,0.25493415198729835
4,2018-04-09,0.30180976174517093,bs,ZS3,0.25493415198729835
4,2018-04-14,0.31744994355653255,bs,ZS3,0.25493415198729835
4,2018-04-19,0.29139538975893015,bs,ZS3,0.25493415198729835
4,2018-04-24,0.285547201336675,bs,ZS3,0.25493415198729835
4,2018-04-29,0.17771562956842304,bs,ZS3,0.25493415198729835
4,2018-05-04,0.3022006584647375,bs,ZS3,0.25493415198729835
4,2018-05-09,0.2524677932072946,bs,ZS3,0.25493415198729835
4,2018-05-14,0.23297274430410347,bs,ZS3,0.25493415198729835
4,2018-05-19,0.26591404459844636,bs,ZS3,0.25493415198729835
4,2018-05-24,0.2466784512744483,bs,ZS3,0.25493415198729835
4,2018-05-29,0.24124027485944688,bs,ZS3,0.25493415198729835
4,2018-06-08,0.2096187312134156,bs,ZS3,0.25493415198729835
4,2018-06-13,0.14324587975560918,bs,ZS3,0.25493415198729835
4,2018-06-18,0.19396353608089473,bs,ZS3,0.25493415198729835
4,2018-06-23,0.17370869953470883,bs,ZS3,0.25493415198729835
4,2018-07-03,0.16603643863870746,bs,ZS3,0.25493415198729835
4,2018-07-08,0.15664853939073103,bs,ZS3,0.25493415198729835
4,2018-07-13,0.1634322773759042,bs,ZS3,0.25493415198729835
4,2018-07-28,0.2065679870557919,bs,ZS3,0.25493415198729835
4,2018-08-07,0.18994014606556475,bs,ZS3,0.25493415198729835
4,2018-08-12,0.19096905668472144,bs,ZS3,0.25493415198729835
4,2018-08-17,0.17025440313111545,bs,ZS3,0.25493415198729835
4,2018-08-22,0.15009864926392472,bs,ZS3,0.25493415198729835
4,2018-08-27,0.1660996893950599,bs,ZS3,0.25493415198729835
4,2018-09-01,0.14263781605335124,bs,ZS3,0.25493415198729835
4,2018-09-06,0.17810320091030524,bs,ZS3,0.25493415198729835
4,2018-09-11,0.1742591773551526,bs,ZS3,0.25493415198729835
4,2018-09-16,0.16428337005954335,bs,ZS3,0.25493415198729835
4,2018-09-21,0.16825518463527947,bs,ZS3,0.25493415198729835
4,2018-09-26,0.14077219052673476,bs,ZS3,0.25493415198729835
4,2018-10-01,0.18298808783428216,bs,ZS3,0.25493415198729835
4,2018-10-11,0.15016701360313697,bs,ZS3,0.25493415198729835
4,2018-10-16,0.1246194269508279,bs,ZS3,0.25493415198729835
4,2018-10-21,0.1856017997750281,bs,ZS3,0.25493415198729835
4,2018-10-26,0.16355579427957567,bs,ZS3,0.25493415198729835
4,2018-10-31,0.16976690514654974,bs,ZS3,0.25493415198729835
4,2018-11-10,0.21980333866910587,bs,ZS3,0.25493415198729835
4,2018-11-15,0.17649335569603924,bs,ZS3,0.25493415198729835
4,2018-11-20,0.2171280676618755,bs,ZS3,0.25493415198729835
4,2018-11-25,0.20502128780230872,bs,ZS3,0.25493415198729835
4,2018-11-30,0.23730565080558036,bs,ZS3,0.25493415198729835
4,2018-12-05,0.21494556967515288,bs,ZS3,0.25493415198729835
4,2018-12-10,0.2613798499562756,bs,ZS3,0.25493415198729835
4,2018-12-15,0.20109817702613655,bs,ZS3,0.25493415198729835
4,2018-12-20,0.25193929173693086,bs,ZS3,0.25493415198729835
4,2018-12-25,0.2335238966384633,bs,ZS3,0.25493415198729835
4,2019-01-09,0.28356932941490787,bs,ZS3,0.25493415198729835
4,2019-01-29,0.296500030224264,bs,ZS3,0.25493415198729835
4,2019-02-13,0.4044232732221844,bs,ZS3,0.25493415198729835
4,2019-02-18,0.3851057115809403,bs,ZS3,0.25493415198729835
4,2019-02-23,0.39989493729069536,bs,ZS3,0.25493415198729835
4,2019-02-28,0.368546216909694,bs,ZS3,0.25493415198729835
4,2019-03-05,0.37682165163081194,bs,ZS3,0.25493415198729835
4,2019-03-10,0.36904691123134553,bs,ZS3,0.25493415198729835
4,2019-03-15,0.35350494562880136,bs,ZS3,0.25493415198729835
4,2019-03-20,0.33935639304766824,bs,ZS3,0.25493415198729835
4,2019-03-25,0.3646278999698704,bs,ZS3,0.25493415198729835
4,2019-03-30,0.31694843872209855,bs,ZS3,0.25493415198729835
4,2019-04-04,0.34960286182016614,bs,ZS3,0.25493415198729835
4,2019-04-09,0.313627878033603,bs,ZS3,0.25493415198729835
4,2019-04-14,0.3092801387684302,bs,ZS3,0.25493415198729835
4,2019-04-19,0.2746792930683257,bs,ZS3,0.25493415198729835
4,2019-04-24,0.28392825845650527,bs,ZS3,0.25493415198729835
4,2019-04-29,0.29039932030586235,bs,ZS3,0.25493415198729835
4,2019-05-04,0.2885377765010054,bs,ZS3,0.25493415198729835
4,2019-05-09,0.20983274201723265,bs,ZS3,0.25493415198729835
4,2019-05-14,0.2451761373694459,bs,ZS3,0.25493415198729835
4,2019-05-19,0.2611063829787234,bs,ZS3,0.25493415198729835
4,2019-05-24,0.23769527969091217,bs,ZS3,0.25493415198729835
4,2019-05-29,0.24325735166173656,bs,ZS3,0.25493415198729835
4,2019-06-03,0.23691902114734367,bs,ZS3,0.25493415198729835
4,2019-06-08,0.2417179956717163,bs,ZS3,0.25493415198729835
4,2019-06-18,0.20990928863190284,bs,ZS3,0.25493415198729835
4,2019-06-23,0.21441671761240483,bs,ZS3,0.25493415198729835
4,2019-06-28,0.1725824262501972,bs,ZS3,0.25493415198729835
4,2019-07-03,0.21407708607754425,bs,ZS3,0.25493415198729835
4,2019-07-08,0.2197197481136892,bs,ZS3,0.25493415198729835
4,2019-07-18,0.18111177525403463,bs,ZS3,0.25493415198729835
4,2019-07-28,0.1725760294902265,bs,ZS3,0.25493415198729835
4,2019-08-02,0.1515765659612575,bs,ZS3,0.25493415198729835
4,2019-08-07,0.1586138892801803,bs,ZS3,0.25493415198729835
4,2019-08-12,0.15310458262895782,bs,ZS3,0.25493415198729835
4,2019-08-17,0.1275960363784444,bs,ZS3,0.25493415198729835
4,2019-08-22,0.15346285714285715,bs,ZS3,0.25493415198729835
4,2019-08-27,0.1645674740484429,bs,ZS3,0.25493415198729835
4,2019-09-01,0.17628852106042256,bs,ZS3,0.25493415198729835
4,2019-09-06,0.14111429200616604,bs,ZS3,0.25493415198729835
4,2019-09-11,0.18900487856056236,bs,ZS3,0.25493415198729835
4,2019-09-16,0.17325365339225632,bs,ZS3,0.25493415198729835
4,2019-09-21,0.18635050919592644,bs,ZS3,0.25493415198729835
4,2019-09-26,0.1816895000252768,bs,ZS3,0.25493415198729835
4,2019-10-06,0.21817902656226013,bs,ZS3,0.25493415198729835
4,2019-10-11,0.20267667539137735,bs,ZS3,0.25493415198729835
4,2019-10-16,0.2040994330571304,bs,ZS3,0.25493415198729835
4,2019-10-21,0.1958920468115596,bs,ZS3,0.25493415198729835
4,2019-10-26,0.2443979973752005,bs,ZS3,0.25493415198729835
4,2019-11-05,0.2507903055848262,bs,ZS3,0.25493415198729835
4,2019-11-10,0.25524987022792694,bs,ZS3,0.25493415198729835
4,2019-11-15,0.27408465973488394,bs,ZS3,0.25493415198729835
4,2019-11-20,0.2608505467800729,bs,ZS3,0.25493415198729835
4,2019-11-25,0.2758271926022251,bs,ZS3,0.25493415198729835
4,2019-11-30,0.32050715022851245,bs,ZS3,0.25493415198729835
4,2019-12-05,0.2100782206140584,bs,ZS3,0.25493415198729835
4,2019-12-10,0.3178370442867629,bs,ZS3,0.25493415198729835
4,2019-12-15,0.2893449741737898,bs,ZS3,0.25493415198729835
4,2019-12-20,0.2792969685359896,bs,ZS3,0.25493415198729835
4,2019-12-25,0.299450957115299,bs,ZS3,0.25493415198729835
4,2019-12-30,0.293069725643601,bs,ZS3,0.25493415198729835
4,2020-01-04,0.3237628509028924,bs,ZS3,0.25493415198729835
4,2020-01-09,0.34463457540380615,bs,ZS3,0.25493415198729835
4,2020-01-14,0.30785924662842973,bs,ZS3,0.25493415198729835
4,2020-01-19,0.3505211190345584,bs,ZS3,0.25493415198729835
4,2020-01-24,0.3860818064038497,bs,ZS3,0.25493415198729835
4,2020-01-29,0.3814211656281091,bs,ZS3,0.25493415198729835
4,2020-02-03,0.36370044052863443,bs,ZS3,0.25493415198729835
4,2020-02-13,0.3604069667183997,bs,ZS3,0.25493415198729835
4,2020-02-18,0.3668699800712603,bs,ZS3,0.25493415198729835
4,2020-02-23,0.3961713764813126,bs,ZS3,0.25493415198729835
4,2020-02-28,0.4012591316742887,bs,ZS3,0.25493415198729835
4,2020-03-04,0.3754170324846357,bs,ZS3,0.25493415198729835
4,2020-03-14,0.3878939157566303,bs,ZS3,0.25493415198729835
4,2020-03-19,0.35712226898022714,bs,ZS3,0.25493415198729835
4,2020-03-24,0.3661034909048096,bs,ZS3,0.25493415198729835
4,2020-03-29,0.35876325297636674,bs,ZS3,0.25493415198729835
4,2020-04-13,0.33850706269890013,bs,ZS3,0.25493415198729835
4,2020-04-18,0.3162019421886535,bs,ZS3,0.25493415198729835
4,2020-04-23,0.33567139891139663,bs,ZS3,0.25493415198729835
4,2020-04-28,0.2924175640238799,bs,ZS3,0.25493415198729835
4,2020-05-08,0.2719245653240312,bs,ZS3,0.25493415198729835
4,2020-05-13,0.30588629884286433,bs,ZS3,0.25493415198729835
4,2020-05-18,0.30778158184877846,bs,ZS3,0.25493415198729835
4,2020-05-23,0.2899838897839009,bs,ZS3,0.25493415198729835
4,2020-05-28,0.30738499500616884,bs,ZS3,0.25493415198729835
4,2020-06-02,0.2585831519008541,bs,ZS3,0.25493415198729835
4,2020-06-12,0.2434132245453,bs,ZS3,0.25493415198729835
4,2020-06-22,0.24119332546772293,bs,ZS3,0.25493415198729835
4,2020-06-27,0.22096221860439005,bs,ZS3,0.25493415198729835
4,2020-07-02,0.21556983210063163,bs,ZS3,0.25493415198729835
4,2020-07-07,0.21205417363621648,bs,ZS3,0.25493415198729835
4,2020-07-12,0.1990888382687927,bs,ZS3,0.25493415198729835
4,2020-07-17,0.19448646831400235,bs,ZS3,0.25493415198729835
4,2020-07-22,0.1675023715950671,bs,ZS3,0.25493415198729835
4,2020-07-27,0.17796734813943227,bs,ZS3,0.25493415198729835
4,2020-08-01,0.18850962213794073,bs,ZS3,0.25493415198729835
4,2020-08-06,0.2017165346863294,bs,ZS3,0.25493415198729835
4,2020-08-11,0.1728729510078516,bs,ZS3,0.25493415198729835
4,2020-08-16,0.17038734815493925,bs,ZS3,0.25493415198729835
4,2020-08-21,0.1637018897565033,bs,ZS3,0.25493415198729835
4,2020-09-05,0.19802309556622155,bs,ZS3,0.25493415198729835
4,2020-09-10,0.18347180571260016,bs,ZS3,0.25493415198729835
4,2020-09-15,0.17098808689558517,bs,ZS3,0.25493415198729835
4,2020-09-20,0.17175855091061645,bs,ZS3,0.25493415198729835
4,2020-09-25,0.18940378230114047,bs,ZS3,0.25493415198729835
4,2020-09-30,0.1818013600407087,bs,ZS3,0.25493415198729835
4,2020-10-05,0.1966853521813307,bs,ZS3,0.25493415198729835
4,2020-10-10,0.24867363555182015,bs,ZS3,0.25493415198729835
4,2020-10-15,0.24218869074836152,bs,ZS3,0.25493415198729835
4,2020-10-20,0.2740757018073944,bs,ZS3,0.25493415198729835
4,2020-10-25,0.233981544236484,bs,ZS3,0.25493415198729835
4,2020-10-30,0.2855986645758511,bs,ZS3,0.25493415198729835
4,2020-11-09,0.29636447307869307,bs,ZS3,0.25493415198729835
4,2020-11-14,0.30221635109349776,bs,ZS3,0.25493415198729835
4,2020-11-19,0.30258581581732946,bs,ZS3,0.25493415198729835
4,2020-11-29,0.3096148666846216,bs,ZS3,0.25493415198729835
4,2020-12-04,0.297138437741686,bs,ZS3,0.25493415198729835
4,2020-12-09,0.2925661863688488,bs,ZS3,0.25493415198729835
4,2020-12-24,0.2900297386132415,bs,ZS3,0.25493415198729835
4,2020-12-29,0.3311421528348398,bs,ZS3,0.25493415198729835
4,2021-01-08,0.3547967663519701,bs,ZS3,0.25493415198729835
4,2021-01-13,0.3527873045399058,bs,ZS3,0.25493415198729835
4,2021-01-18,0.3653563855814712,bs,ZS3,0.25493415198729835
4,2021-01-28,0.37367267824035055,bs,ZS3,0.25493415198729835
4,2021-02-07,0.3742812336644014,bs,ZS3,0.25493415198729835
4,2021-02-12,0.36652719665271966,bs,ZS3,0.25493415198729835
4,2021-02-17,0.3719076871990702,bs,ZS3,0.25493415198729835
4,2021-02-22,0.32447756358334684,bs,ZS3,0.25493415198729835
4,2021-02-27,0.3613495116898491,bs,ZS3,0.25493415198729835
4,2021-03-04,0.36144170567995937,bs,ZS3,0.25493415198729835
4,2021-03-09,0.3515207267291439,bs,ZS3,0.25493415198729835
4,2021-03-14,0.3490136570561457,bs,ZS3,0.25493415198729835
4,2021-03-24,0.3464736157457157,bs,ZS3,0.25493415198729835
4,2021-03-29,0.32818576339965055,bs,ZS3,0.25493415198729835
4,2021-04-03,0.34832157968970384,bs,ZS3,0.25493415198729835
4,2021-04-08,0.3681553398058252,bs,ZS3,0.25493415198729835
4,2021-04-13,0.34595263542779997,bs,ZS3,0.25493415198729835
4,2021-04-18,0.3748473748473749,bs,ZS3,0.25493415198729835
4,2021-04-28,0.3253390767797893,bs,ZS3,0.25493415198729835
4,2021-05-03,0.32820335466021094,bs,ZS3,0.25493415198729835
4,2021-05-08,0.32067584044591535,bs,ZS3,0.25493415198729835
4,2021-05-18,0.36374370766266856,bs,ZS3,0.25493415198729835
4,2021-05-23,0.3167197739433656,bs,ZS3,0.25493415198729835
4,2021-06-02,0.31692345466822175,bs,ZS3,0.25493415198729835
4,2021-06-07,0.2905791551287339,bs,ZS3,0.25493415198729835
4,2021-06-12,0.2835535361989598,bs,ZS3,0.25493415198729835
4,2021-06-17,0.25555358094899594,bs,ZS3,0.25493415198729835
4,2021-07-02,0.1742751231402021,bs,ZS3,0.25493415198729835
4,2021-07-07,0.2364883105663841,bs,ZS3,0.25493415198729835
4,2021-07-22,0.25575533523777516,bs,ZS3,0.25493415198729835
4,2021-07-27,0.22865329512893984,bs,ZS3,0.25493415198729835
4,2021-08-06,0.2196202877934015,bs,ZS3,0.25493415198729835
4,2021-08-16,0.21590488771466312,bs,ZS3,0.25493415198729835
4,2021-08-21,0.21134421134421133,bs,ZS3,0.25493415198729835
4,2021-08-26,0.18654875494531067,bs,ZS3,0.25493415198729835
4,2021-08-31,0.18923320082379425,bs,ZS3,0.25493415198729835
4,2021-09-05,0.18453748417647337,bs,ZS3,0.25493415198729835
4,2021-09-10,0.20370799536500575,bs,ZS3,0.25493415198729835
4,2021-09-15,0.1922848664688427,bs,ZS3,0.25493415198729835
4,2021-09-25,0.2068074105988798,bs,ZS3,0.25493415198729835
4,2021-09-30,0.20715252812923104,bs,ZS3,0.25493415198729835
4,2021-10-05,0.2307692307692308,bs,ZS3,0.25493415198729835
4,2021-10-10,0.23807183922165984,bs,ZS3,0.25493415198729835
4,2021-10-15,0.2269181676357963,bs,ZS3,0.25493415198729835
4,2021-10-20,0.23184910029427375,bs,ZS3,0.25493415198729835
4,2021-10-25,0.2570578020342347,bs,ZS3,0.25493415198729835
4,2021-10-30,0.24511242603550296,bs,ZS3,0.25493415198729835
4,2021-11-04,0.24029813664596272,bs,ZS3,0.25493415198729835
4,2021-11-09,0.25871717606543265,bs,ZS3,0.25493415198729835
4,2021-11-14,0.3123360878816369,bs,ZS3,0.25493415198729835
4,2021-11-19,0.2799272405486456,bs,ZS3,0.25493415198729835
4,2021-11-24,0.29359972908906196,bs,ZS3,0.25493415198729835
4,2021-11-29,0.33790678092030313,bs,ZS3,0.25493415198729835
4,2021-12-04,0.3205470837918566,bs,ZS3,0.25493415198729835
4,2021-12-09,0.33801267613011365,bs,ZS3,0.25493415198729835
4,2021-12-14,0.3349348655208282,bs,ZS3,0.25493415198729835
4,2021-12-29,0.5121374865735768,bs,ZS3,0.25493415198729835
4,2022-01-03,0.47814656588892535,bs,ZS3,0.25493415198729835
4,2022-01-08,0.3963173752929361,bs,ZS3,0.25493415198729835
4,2022-01-18,0.5198075622040141,bs,ZS3,0.25493415198729835
4,2022-01-23,0.4973848248190872,bs,ZS3,0.25493415198729835
4,2022-01-28,0.4498157381313679,bs,ZS3,0.25493415198729835
4,2022-02-02,0.4363108005258424,bs,ZS3,0.25493415198729835
4,2022-02-07,0.45583669155050544,bs,ZS3,0.25493415198729835
4,2022-02-12,0.4519629747845515,bs,ZS3,0.25493415198729835
4,2022-02-17,0.42705951525445873,bs,ZS3,0.25493415198729835
4,2022-02-22,0.4103416435826408,bs,ZS3,0.25493415198729835
4,2022-02-27,0.4072181411689556,bs,ZS3,0.25493415198729835
4,2022-03-04,0.4177464974018286,bs,ZS3,0.25493415198729835
4,2022-03-09,0.4402503422648152,bs,ZS3,0.25493415198729835
4,2022-03-14,0.39925537956711055,bs,ZS3,0.25493415198729835
4,2022-03-19,0.402377856214007,bs,ZS3,0.25493415198729835
4,2022-03-24,0.3680849794115892,bs,ZS3,0.25493415198729835
4,2022-03-29,0.3672429481346679,bs,ZS3,0.25493415198729835
4,2022-04-03,0.2931657772422104,bs,ZS3,0.25493415198729835
4,2022-04-08,0.3083687612835595,bs,ZS3,0.25493415198729835
4,2022-04-13,0.3379193255664188,bs,ZS3,0.25493415198729835
4,2022-04-18,0.3385984558260152,bs,ZS3,0.25493415198729835
4,2022-04-23,0.30611893134156853,bs,ZS3,0.25493415198729835
4,2022-04-28,0.2809547488811536,bs,ZS3,0.25493415198729835
4,2022-05-03,0.2924317830787712,bs,ZS3,0.25493415198729835
4,2022-05-08,0.2805264034649342,bs,ZS3,0.25493415198729835
4,2022-05-13,0.28353071582754796,bs,ZS3,0.25493415198729835
4,2022-05-18,0.23954436316935615,bs,ZS3,0.25493415198729835
4,2022-05-23,0.26114097451014395,bs,ZS3,0.25493415198729835
4,2022-05-28,0.23452768729641693,bs,ZS3,0.25493415198729835
4,2022-06-02,0.2189473684210526,bs,ZS3,0.25493415198729835
4,2022-06-07,0.2716843386059447,bs,ZS3,0.25493415198729835
4,2022-06-12,0.2420086211722555,bs,ZS3,0.25493415198729835
4,2022-06-17,0.2067552660608289,bs,ZS3,0.25493415198729835
4,2022-06-22,0.1775589233637711,bs,ZS3,0.25493415198729835
4,2022-07-02,0.2280628924290385,bs,ZS3,0.25493415198729835
4,2022-07-07,0.1783423405222486,bs,ZS3,0.25493415198729835
4,2022-07-12,0.1835362436961948,bs,ZS3,0.25493415198729835
4,2022-07-17,0.17331579716498613,bs,ZS3,0.25493415198729835
4,2022-07-27,0.1527978045490488,bs,ZS3,0.25493415198729835
4,2022-08-01,0.17398279130815225,bs,ZS3,0.25493415198729835
4,2022-08-06,0.15421424172075615,bs,ZS3,0.25493415198729835
4,2022-08-11,0.18247791835760324,bs,ZS3,0.25493415198729835
4,2022-08-16,0.16158578263841422,bs,ZS3,0.25493415198729835
4,2022-08-21,0.16612880594920723,bs,ZS3,0.25493415198729835
4,2022-08-26,0.17559645535105656,bs,ZS3,0.25493415198729835
4,2022-08-31,0.17921114114251685,bs,ZS3,0.25493415198729835
4,2022-09-05,0.1550124166775585,bs,ZS3,0.25493415198729835
4,2022-09-10,0.1819900094505198,bs,ZS3,0.25493415198729835
4,2022-09-15,0.1875251509054326,bs,ZS3,0.25493415198729835
4,2022-09-20,0.15687915767214416,bs,ZS3,0.25493415198729835
4,2022-09-25,0.17737400864420294,bs,ZS3,0.25493415198729835
4,2022-09-30,0.16465091909356852,bs,ZS3,0.25493415198729835
4,2022-10-05,0.14759859429910194,bs,ZS3,0.25493415198729835
4,2022-10-10,0.17179314976494292,bs,ZS3,0.25493415198729835
4,2022-10-15,0.17958706661472534,bs,ZS3,0.25493415198729835
4,2022-10-20,0.17787120854605518,bs,ZS3,0.25493415198729835
4,2022-10-25,0.17239590089505774,bs,ZS3,0.25493415198729835
4,2022-10-30,0.15651255883517354,bs,ZS3,0.25493415198729835
4,2022-11-04,0.1857111453066608,bs,ZS3,0.25493415198729835
4,2022-11-09,0.20182274468366132,bs,ZS3,0.25493415198729835
4,2022-11-14,0.22297020695929043,bs,ZS3,0.25493415198729835
4,2022-11-19,0.2168741101364075,bs,ZS3,0.25493415198729835
4,2022-11-24,0.20533333333333337,bs,ZS3,0.25493415198729835
4,2022-11-29,0.3151304872529793,bs,ZS3,0.25493415198729835
4,2022-12-04,0.31792351405314084,bs,ZS3,0.25493415198729835
4,2022-12-09,0.2753764711928869,bs,ZS3,0.25493415198729835
4,2022-12-14,0.3161652218255992,bs,ZS3,0.25493415198729835
4,2022-12-19,0.3651756659864321,bs,ZS3,0.25493415198729835
4,2022-12-24,0.33989370099457983,bs,ZS3,0.25493415198729835
4,2022-12-29,0.3616740813972648,bs,ZS3,0.25493415198729835
4,2023-01-03,0.33994827677204836,bs,ZS3,0.25493415198729835
4,2023-01-08,0.4281569243788914,bs,ZS3,0.25493415198729835
4,2023-01-13,0.36059063706023825,bs,ZS3,0.25493415198729835
4,2023-01-18,0.3156526261050442,bs,ZS3,0.25493415198729835
4,2023-01-23,0.3655742376745512,bs,ZS3,0.25493415198729835
4,2023-01-28,0.32033695714041777,bs,ZS3,0.25493415198729835
4,2023-02-02,0.3752851043920697,bs,ZS3,0.25493415198729835
4,2023-02-12,0.3534717002948488,bs,ZS3,0.25493415198729835
4,2023-02-17,0.33125105520850917,bs,ZS3,0.25493415198729835
4,2023-02-22,0.3550720605419843,bs,ZS3,0.25493415198729835
4,2023-02-27,0.3511505406154699,bs,ZS3,0.25493415198729835
4,2023-03-04,0.31964335469490107,bs,ZS3,0.25493415198729835
4,2023-03-09,0.3260395097655157,bs,ZS3,0.25493415198729835
4,2023-03-19,0.3280767354901642,bs,ZS3,0.25493415198729835
4,2023-03-24,0.3437623538713503,bs,ZS3,0.25493415198729835
4,2023-03-29,0.3378740381875178,bs,ZS3,0.25493415198729835
4,2023-04-03,0.3270173505921234,bs,ZS3,0.25493415198729835
4,2023-04-08,0.30671702185055305,bs,ZS3,0.25493415198729835
4,2023-04-13,0.2972235596212486,bs,ZS3,0.25493415198729835
4,2023-04-23,0.30552242675654656,bs,ZS3,0.25493415198729835
4,2023-04-28,0.28707755575473193,bs,ZS3,0.25493415198729835
4,2023-05-08,0.2691557536918362,bs,ZS3,0.25493415198729835
4,2023-05-13,0.30356058515042783,bs,ZS3,0.25493415198729835
4,2023-05-18,0.2907622412922766,bs,ZS3,0.25493415198729835
4,2023-05-23,0.2619474800195727,bs,ZS3,0.25493415198729835
4,2023-05-28,0.26050603858134325,bs,ZS3,0.25493415198729835
4,2023-06-02,0.2420675263523998,bs,ZS3,0.25493415198729835
4,2023-06-07,0.2293418696760892,bs,ZS3,0.25493415198729835
4,2023-06-12,0.20948997716315657,bs,ZS3,0.25493415198729835
4,2023-06-17,0.20396952894232268,bs,ZS3,0.25493415198729835
4,2023-06-22,0.1986574471306718,bs,ZS3,0.25493415198729835
4,2023-06-27,0.19471190585358397,bs,ZS3,0.25493415198729835
4,2023-07-02,0.1883877398455021,bs,ZS3,0.25493415198729835
4,2023-07-07,0.18587003506075597,bs,ZS3,0.25493415198729835
4,2023-07-12,0.18928656079639725,bs,ZS3,0.25493415198729835
4,2023-07-17,0.1646839615880751,bs,ZS3,0.25493415198729835
4,2023-07-22,0.1702683780630105,bs,ZS3,0.25493415198729835
4,2023-07-27,0.20386651770534803,bs,ZS3,0.25493415198729835
4,2023-08-01,0.18510727808161548,bs,ZS3,0.25493415198729835
4,2023-08-06,0.1695398204872489,bs,ZS3,0.25493415198729835
4,2023-08-16,0.175547703180212,bs,ZS3,0.25493415198729835
4,2023-08-21,0.1685315651333057,bs,ZS3,0.25493415198729835
4,2023-08-26,0.17180803466302452,bs,ZS3,0.25493415198729835
4,2023-08-31,0.17772479251685083,bs,ZS3,0.25493415198729835
4,2023-09-05,0.15379012064648304,bs,ZS3,0.25493415198729835
4,2023-09-10,0.17125957790025542,bs,ZS3,0.25493415198729835
4,2023-09-15,0.1809998615150256,bs,ZS3,0.25493415198729835
4,2023-09-20,0.1529129449406746,bs,ZS3,0.25493415198729835
4,2023-09-25,0.16793454858619206,bs,ZS3,0.25493415198729835
4,2023-09-30,0.1765820215596951,bs,ZS3,0.25493415198729835
4,2023-10-05,0.2071880630110408,bs,ZS3,0.25493415198729835
4,2023-10-10,0.21591894482223545,bs,ZS3,0.25493415198729835
4,2023-10-15,0.2077512183801346,bs,ZS3,0.25493415198729835
4,2023-10-20,0.19953650057937428,bs,ZS3,0.25493415198729835
4,2023-10-25,0.2262868242149563,bs,ZS3,0.25493415198729835
4,2023-10-30,0.2349721749528584,bs,ZS3,0.25493415198729835
4,2023-11-04,0.23207313151729525,bs,ZS3,0.25493415198729835
4,2023-11-14,0.22789383482328965,bs,ZS3,0.25493415198729835
4,2023-11-19,0.24600900532132625,bs,ZS3,0.25493415198729835
4,2023-11-24,0.26083313939958114,bs,ZS3,0.25493415198729835
4,2023-11-29,0.2538008491987399,bs,ZS3,0.25493415198729835
4,2023-12-04,0.2743128226594112,bs,ZS3,0.25493415198729835
4,2023-12-09,0.2613065326633166,bs,ZS3,0.25493415198729835
4,2023-12-24,0.27432803838449715,bs,ZS3,0.25493415198729835
4,2024-01-03,0.2713970829620598,bs,ZS3,0.25493415198729835
4,2024-01-08,0.2726767091541136,bs,ZS3,0.25493415198729835
4,2024-01-13,0.2698819177692417,bs,ZS3,0.25493415198729835
4,2024-01-18,0.2531932327565431,bs,ZS3,0.25493415198729835
4,2024-01-23,0.261622037402048,bs,ZS3,0.25493415198729835
4,2024-01-28,0.29341944492930705,bs,ZS3,0.25493415198729835
4,2024-02-02,0.27023559000153985,bs,ZS3,0.25493415198729835
4,2024-02-17,0.2476048977918951,bs,ZS3,0.25493415198729835
4,2024-02-22,0.25805958747135216,bs,ZS3,0.25493415198729835
4,2024-03-03,0.2422321842634101,bs,ZS3,0.25493415198729835
4,2024-03-08,0.255800379395885,bs,ZS3,0.25493415198729835
4,2024-03-13,0.22729856840146775,bs,ZS3,0.25493415198729835
4,2024-03-18,0.2564408041697692,bs,ZS3,0.25493415198729835
4,2024-03-23,0.2375610001509282,bs,ZS3,0.25493415198729835
4,2024-04-02,0.2457743261763362,bs,ZS3,0.25493415198729835
4,2024-04-07,0.23607294529103173,bs,ZS3,0.25493415198729835
4,2024-04-12,0.24591400553180792,bs,ZS3,0.25493415198729835
4,2024-04-17,0.2469047007449268,bs,ZS3,0.25493415198729835
4,2024-04-22,0.22018213142997783,bs,ZS3,0.25493415198729835
4,2024-04-27,0.1992762603479899,bs,ZS3,0.25493415198729835
4,2024-05-02,0.19989834111177857,bs,ZS3,0.25493415198729835
4,2024-05-12,0.17621754493777847,bs,ZS3,0.25493415198729835
4,2024-05-22,0.19797028974849243,bs,ZS3,0.25493415198729835
4,2024-05-27,0.1807690418897019,bs,ZS3,0.25493415198729835
4,2024-06-01,0.19149564447069245,bs,ZS3,0.25493415198729835
4,2024-06-06,0.19651168487580228,bs,ZS3,0.25493415198729835
4,2024-06-11,0.1862537541233814,bs,ZS3,0.25493415198729835
4,2024-06-16,0.18646349084266692,bs,ZS3,0.25493415198729835
4,2024-06-21,0.17768615086102352,bs,ZS3,0.25493415198729835
4,2024-07-01,0.17785539977989376,bs,ZS3,0.25493415198729835
4,2024-07-06,0.1764200887108313,bs,ZS3,0.25493415198729835
4,2024-07-11,0.18337960566561573,bs,ZS3,0.25493415198729835
4,2024-07-16,0.16681291276035654,bs,ZS3,0.25493415198729835
4,2024-07-26,0.16005249106294403,bs,ZS3,0.25493415198729835
4,2024-07-31,0.1628747997253376,bs,ZS3,0.25493415198729835
4,2024-08-05,0.13774503354821735,bs,ZS3,0.25493415198729835
4,2024-08-10,0.14880667738990566,bs,ZS3,0.25493415198729835
4,2024-08-15,0.14615550290760285,bs,ZS3,0.25493415198729835
4,2024-08-20,0.13315019101171824,bs,ZS3,0.25493415198729835
4,2024-08-25,0.1534483507887532,bs,ZS3,0.25493415198729835
4,2024-08-30,0.14839936060828618,bs,ZS3,0.25493415198729835
4,2024-09-04,0.14989110475295725,bs,ZS3,0.25493415198729835
4,2024-09-09,0.13705583756345177,bs,ZS3,0.25493415198729835
4,2024-09-14,0.1353934239885488,bs,ZS3,0.25493415198729835
4,2024-09-19,0.1372729941701967,bs,ZS3,0.25493415198729835
4,2024-09-29,0.1405691758038684,bs,ZS3,0.25493415198729835
4,2024-10-04,0.1335873171930687,bs,ZS3,0.25493415198729835
4,2024-10-14,0.14828500630352565,bs,ZS3,0.25493415198729835
4,2024-10-19,0.155049786628734,bs,ZS3,0.25493415198729835
4,2024-10-24,0.15635894125242092,bs,ZS3,0.25493415198729835
4,2024-10-29,0.14693614276499678,bs,ZS3,0.25493415198729835
4,2024-11-03,0.14610264118531244,bs,ZS3,0.25493415198729835
4,2024-11-08,0.1450217381946537,bs,ZS3,0.25493415198729835
4,2024-11-13,0.1411703646036071,bs,ZS3,0.25493415198729835
4,2024-11-18,0.12569266117042843,bs,ZS3,0.25493415198729835
4,2024-11-28,0.14734542276600393,bs,ZS3,0.25493415198729835
4,2024-12-03,0.14775105719533554,bs,ZS3,0.25493415198729835
4,2024-12-08,0.15521026126630225,bs,ZS3,0.25493415198729835
4,2024-12-13,0.15417256011315417,bs,ZS3,0.25493415198729835
4,2024-12-18,0.15453716963936986,bs,ZS3,0.25493415198729835
4,2024-12-23,0.1419275162684653,bs,ZS3,0.25493415198729835
4,2024-12-28,0.14668957314655742,bs,ZS3,0.25493415198729835
4,2025-01-02,0.13234704335813913,bs,ZS3,0.25493415198729835
4,2025-01-12,0.1345481887743819,bs,ZS3,0.25493415198729835
4,2025-01-17,0.14210166400729426,bs,ZS3,0.25493415198729835
4,2025-01-22,0.150275303281257,bs,ZS3,0.25493415198729835
4,2025-01-27,0.13864014759483417,bs,ZS3,0.25493415198729835
4,2025-02-01,0.14839843222057034,bs,ZS3,0.25493415198729835
4,2025-02-06,0.13098847786537293,bs,ZS3,0.25493415198729835
4,2025-02-16,0.2092611186580828,bs,ZS3,0.25493415198729835
4,2025-02-21,0.1761873714830232,bs,ZS3,0.25493415198729835
4,2025-02-26,0.1520697167755991,bs,ZS3,0.25493415198729835
4,2025-03-03,0.14732208363903154,bs,ZS3,0.25493415198729835
4,2025-03-08,0.16718175128771157,bs,ZS3,0.25493415198729835
4,2025-03-13,0.15813576301101942,bs,ZS3,0.25493415198729835
4,2025-03-18,0.1665000713979723,bs,ZS3,0.25493415198729835
4,2025-03-20,0.17130265838980238,bs,ZS3,0.25493415198729835
4,2025-03-23,0.15683589138134593,bs,ZS3,0.25493415198729835
4,2025-03-28,0.17427209664480203,bs,ZS3,0.25493415198729835
5,2016-07-23,0.07160651178958345,bs,ZC4,0.18581770694082606
5,2016-08-12,0.0785430692214742,bs,ZC4,0.18581770694082606
5,2016-09-01,0.08837024868294341,bs,ZC4,0.18581770694082606
5,2016-09-21,0.1516677928619694,bs,ZC4,0.18581770694082606
5,2016-10-11,0.16548344537287177,bs,ZC4,0.18581770694082606
5,2016-10-31,0.25620256393902674,bs,ZC4,0.18581770694082606
5,2016-11-10,0.265165648118366,bs,ZC4,0.18581770694082606
5,2016-11-30,0.2975686724521265,bs,ZC4,0.18581770694082606
5,2016-12-10,0.31939238508581574,bs,ZC4,0.18581770694082606
5,2016-12-20,0.330883867866218,bs,ZC4,0.18581770694082606
5,2017-01-19,0.4002017053268543,bs,ZC4,0.18581770694082606
5,2017-01-29,0.43047830923248054,bs,ZC4,0.18581770694082606
5,2017-02-18,0.3901253323205469,bs,ZC4,0.18581770694082606
5,2017-02-28,0.4279614901632482,bs,ZC4,0.18581770694082606
5,2017-03-20,0.4591275221309514,bs,ZC4,0.18581770694082606
5,2017-04-09,0.4189675870348139,bs,ZC4,0.18581770694082606
5,2017-05-19,0.16143606292860024,bs,ZC4,0.18581770694082606
5,2017-06-28,0.04537078223295418,bs,ZC4,0.18581770694082606
5,2017-07-13,0.08425610887720383,bs,ZC4,0.18581770694082606
5,2017-07-18,0.06490681403962609,bs,ZC4,0.18581770694082606
5,2017-11-10,0.10631523085087566,bs,ZC4,0.18581770694082606
5,2017-11-20,0.12542862299223967,bs,ZC4,0.18581770694082606
5,2017-11-30,0.14147298706077144,bs,ZC4,0.18581770694082606
5,2017-12-20,0.1583295971305963,bs,ZC4,0.18581770694082606
5,2017-12-25,0.1998571521329784,bs,ZC4,0.18581770694082606
5,2018-01-14,0.22308257125692543,bs,ZC4,0.18581770694082606
5,2018-01-29,0.18439573697969033,bs,ZC4,0.18581770694082606
5,2018-02-08,0.2652602187233382,bs,ZC4,0.18581770694082606
5,2018-02-23,0.274112780317875,bs,ZC4,0.18581770694082606
5,2018-02-28,0.21822048918823111,bs,ZC4,0.18581770694082606
5,2018-03-05,0.23368376490510123,bs,ZC4,0.18581770694082606
5,2018-03-10,0.2140928912577005,bs,ZC4,0.18581770694082606
5,2018-03-15,0.27823711266086704,bs,ZC4,0.18581770694082606
5,2018-03-20,0.2288403455784224,bs,ZC4,0.18581770694082606
5,2018-03-25,0.26574500768049153,bs,ZC4,0.18581770694082606
5,2018-04-04,0.2891918208373905,bs,ZC4,0.18581770694082606
5,2018-04-09,0.2012973425402804,bs,ZC4,0.18581770694082606
5,2018-04-14,0.2512922183672024,bs,ZC4,0.18581770694082606
5,2018-04-19,0.22770711584737025,bs,ZC4,0.18581770694082606
5,2018-05-04,0.2292639537469424,bs,ZC4,0.18581770694082606
5,2018-05-09,0.2591287395966109,bs,ZC4,0.18581770694082606
5,2018-05-14,0.14166246125009013,bs,ZC4,0.18581770694082606
5,2018-05-19,0.17528289327712449,bs,ZC4,0.18581770694082606
5,2018-05-24,0.11373614886054775,bs,ZC4,0.18581770694082606
5,2018-05-29,0.12210435159125352,bs,ZC4,0.18581770694082606
5,2018-06-08,0.077853576200858,bs,ZC4,0.18581770694082606
5,2018-06-13,0.06028865477132939,bs,ZC4,0.18581770694082606
5,2018-06-18,0.07775871926815323,bs,ZC4,0.18581770694082606
5,2018-07-03,0.04421991084695394,bs,ZC4,0.18581770694082606
5,2018-07-08,0.05909389363099146,bs,ZC4,0.18581770694082606
5,2018-07-13,0.02739801848674378,bs,ZC4,0.18581770694082606
5,2018-07-28,0.02263772954924874,bs,ZC4,0.18581770694082606
5,2018-08-07,0.07099143206854346,bs,ZC4,0.18581770694082606
5,2018-08-12,0.05508785807107747,bs,ZC4,0.18581770694082606
5,2018-08-17,0.05994023554227457,bs,ZC4,0.18581770694082606
5,2018-08-22,0.02496872110101724,bs,ZC4,0.18581770694082606
5,2018-08-27,0.0555769972983404,bs,ZC4,0.18581770694082606
5,2018-09-01,0.04153408139340144,bs,ZC4,0.18581770694082606
5,2018-09-06,0.08130175458914819,bs,ZC4,0.18581770694082606
5,2018-09-11,0.10018619736921136,bs,ZC4,0.18581770694082606
5,2018-09-16,0.09133812949640288,bs,ZC4,0.18581770694082606
5,2018-09-21,0.13337338540102134,bs,ZC4,0.18581770694082606
5,2018-09-26,0.14250309789343246,bs,ZC4,0.18581770694082606
5,2018-10-01,0.12006861063464835,bs,ZC4,0.18581770694082606
5,2018-10-11,0.16041886114381312,bs,ZC4,0.18581770694082606
5,2018-10-16,0.17894614804938844,bs,ZC4,0.18581770694082606
5,2018-10-21,0.17623599417610938,bs,ZC4,0.18581770694082606
5,2018-10-26,0.20991201292871253,bs,ZC4,0.18581770694082606
5,2018-10-31,0.24765513385924592,bs,ZC4,0.18581770694082606
5,2018-11-10,0.25104134286602425,bs,ZC4,0.18581770694082606
5,2018-11-15,0.2509673852957435,bs,ZC4,0.18581770694082606
5,2018-11-20,0.22974576800549693,bs,ZC4,0.18581770694082606
5,2018-11-25,0.27844146296636646,bs,ZC4,0.18581770694082606
5,2018-11-30,0.26614008747307266,bs,ZC4,0.18581770694082606
5,2018-12-05,0.24326892619575544,bs,ZC4,0.18581770694082606
5,2018-12-10,0.25547255602468333,bs,ZC4,0.18581770694082606
5,2018-12-15,0.24911562092720163,bs,ZC4,0.18581770694082606
5,2018-12-20,0.23982306558112695,bs,ZC4,0.18581770694082606
5,2018-12-25,0.2683724146602125,bs,ZC4,0.18581770694082606
5,2019-01-09,0.1950226541466938,bs,ZC4,0.18581770694082606
5,2019-01-29,0.3651043717999212,bs,ZC4,0.18581770694082606
5,2019-02-13,0.32216515211378904,bs,ZC4,0.18581770694082606
5,2019-02-18,0.34817133694739255,bs,ZC4,0.18581770694082606
5,2019-02-23,0.31555522587345153,bs,ZC4,0.18581770694082606
5,2019-02-28,0.35309872777323115,bs,ZC4,0.18581770694082606
5,2019-03-05,0.31754272117672505,bs,ZC4,0.18581770694082606
5,2019-03-10,0.3316322863508948,bs,ZC4,0.18581770694082606
5,2019-03-15,0.33058155819267343,bs,ZC4,0.18581770694082606
5,2019-03-20,0.3607378729218857,bs,ZC4,0.18581770694082606
5,2019-03-25,0.30817240619722447,bs,ZC4,0.18581770694082606
5,2019-03-30,0.31261841606669194,bs,ZC4,0.18581770694082606
5,2019-04-09,0.3763504078782979,bs,ZC4,0.18581770694082606
5,2019-04-14,0.26534095125027823,bs,ZC4,0.18581770694082606
5,2019-04-19,0.3513166830151664,bs,ZC4,0.18581770694082606
5,2019-04-24,0.25402597402597404,bs,ZC4,0.18581770694082606
5,2019-04-29,0.2655367231638418,bs,ZC4,0.18581770694082606
5,2019-05-04,0.22730965216749133,bs,ZC4,0.18581770694082606
5,2019-05-09,0.237211310166199,bs,ZC4,0.18581770694082606
5,2019-05-14,0.13347221188899636,bs,ZC4,0.18581770694082606
5,2019-05-19,0.17412359956631732,bs,ZC4,0.18581770694082606
5,2019-05-24,0.04644162545689099,bs,ZC4,0.18581770694082606
5,2019-05-29,0.09426948165813286,bs,ZC4,0.18581770694082606
5,2019-06-03,0.08291296625222025,bs,ZC4,0.18581770694082606
5,2019-06-08,0.08288712786463912,bs,ZC4,0.18581770694082606
5,2019-06-18,0.04105149441843716,bs,ZC4,0.18581770694082606
5,2019-06-23,0.0650491528968835,bs,ZC4,0.18581770694082606
5,2019-06-28,0.060780919407578383,bs,ZC4,0.18581770694082606
5,2019-07-03,0.07312813796114385,bs,ZC4,0.18581770694082606
5,2019-07-08,0.09207940917406328,bs,ZC4,0.18581770694082606
5,2019-07-18,0.05650512768952343,bs,ZC4,0.18581770694082606
5,2019-07-28,0.06458647877872839,bs,ZC4,0.18581770694082606
5,2019-08-02,0.10071192915436708,bs,ZC4,0.18581770694082606
5,2019-08-07,0.07827430337014361,bs,ZC4,0.18581770694082606
5,2019-08-12,0.08781505859688554,bs,ZC4,0.18581770694082606
5,2019-08-17,0.08321193403647806,bs,ZC4,0.18581770694082606
5,2019-08-22,0.03656652360515021,bs,ZC4,0.18581770694082606
5,2019-08-27,0.11781081561333888,bs,ZC4,0.18581770694082606
5,2019-09-01,0.08912779608115139,bs,ZC4,0.18581770694082606
5,2019-09-06,0.08803445093817287,bs,ZC4,0.18581770694082606
5,2019-09-11,0.04203218680971915,bs,ZC4,0.18581770694082606
5,2019-09-16,0.14273708707738056,bs,ZC4,0.18581770694082606
5,2019-09-21,0.14997126987167209,bs,ZC4,0.18581770694082606
5,2019-09-26,0.21405070640603832,bs,ZC4,0.18581770694082606
5,2019-10-06,0.2048856346789348,bs,ZC4,0.18581770694082606
5,2019-10-11,0.2467958835785087,bs,ZC4,0.18581770694082606
5,2019-10-16,0.2525265206201745,bs,ZC4,0.18581770694082606
5,2019-10-21,0.20625119358329624,bs,ZC4,0.18581770694082606
5,2019-10-26,0.2479912579546185,bs,ZC4,0.18581770694082606
5,2019-11-05,0.2816830117051566,bs,ZC4,0.18581770694082606
5,2019-11-10,0.31915293527974437,bs,ZC4,0.18581770694082606
5,2019-11-15,0.32654749029836505,bs,ZC4,0.18581770694082606
5,2019-11-20,0.32048902259489215,bs,ZC4,0.18581770694082606
5,2019-11-25,0.3186127903277124,bs,ZC4,0.18581770694082606
5,2019-11-30,0.35108239095315025,bs,ZC4,0.18581770694082606
5,2019-12-10,0.33695157621059474,bs,ZC4,0.18581770694082606
5,2019-12-15,0.3680898876404495,bs,ZC4,0.18581770694082606
5,2019-12-20,0.30368037787837043,bs,ZC4,0.18581770694082606
5,2019-12-25,0.30751437446302293,bs,ZC4,0.18581770694082606
5,2019-12-30,0.31422249044457856,bs,ZC4,0.18581770694082606
5,2020-01-04,0.28898241803000474,bs,ZC4,0.18581770694082606
5,2020-01-09,0.31806149460395033,bs,ZC4,0.18581770694082606
5,2020-01-14,0.35034691213849006,bs,ZC4,0.18581770694082606
5,2020-01-19,0.3500256993905573,bs,ZC4,0.18581770694082606
5,2020-01-24,0.39120243769044455,bs,ZC4,0.18581770694082606
5,2020-01-29,0.3897494467842101,bs,ZC4,0.18581770694082606
5,2020-02-03,0.37576305674881305,bs,ZC4,0.18581770694082606
5,2020-02-13,0.3522650439486139,bs,ZC4,0.18581770694082606
5,2020-02-18,0.3500181620050854,bs,ZC4,0.18581770694082606
5,2020-02-23,0.3863885839736554,bs,ZC4,0.18581770694082606
5,2020-02-28,0.3679723671639597,bs,ZC4,0.18581770694082606
5,2020-03-04,0.31477653432176206,bs,ZC4,0.18581770694082606
5,2020-03-14,0.3138802403880965,bs,ZC4,0.18581770694082606
5,2020-03-19,0.3580720835999147,bs,ZC4,0.18581770694082606
5,2020-03-24,0.34565265405286016,bs,ZC4,0.18581770694082606
5,2020-03-29,0.31736616863127864,bs,ZC4,0.18581770694082606
5,2020-04-13,0.3399929651776293,bs,ZC4,0.18581770694082606
5,2020-04-18,0.34382898822849717,bs,ZC4,0.18581770694082606
5,2020-04-23,0.3519601472817847,bs,ZC4,0.18581770694082606
5,2020-04-28,0.30803275060854174,bs,ZC4,0.18581770694082606
5,2020-05-08,0.31726698848867435,bs,ZC4,0.18581770694082606
5,2020-05-13,0.2568213576524233,bs,ZC4,0.18581770694082606
5,2020-05-18,0.2134206717952624,bs,ZC4,0.18581770694082606
5,2020-05-23,0.18213583751910897,bs,ZC4,0.18581770694082606
5,2020-05-28,0.16636224154307008,bs,ZC4,0.18581770694082606
5,2020-06-02,0.1587049215870492,bs,ZC4,0.18581770694082606
5,2020-06-12,0.10687513386164062,bs,ZC4,0.18581770694082606
5,2020-06-22,0.08784614272286892,bs,ZC4,0.18581770694082606
5,2020-06-27,0.05150394305255077,bs,ZC4,0.18581770694082606
5,2020-07-02,0.06920721333787003,bs,ZC4,0.18581770694082606
5,2020-07-07,0.03282903785206004,bs,ZC4,0.18581770694082606
5,2020-07-12,0.07648675516051692,bs,ZC4,0.18581770694082606
5,2020-07-17,0.05537175692146961,bs,ZC4,0.18581770694082606
5,2020-07-27,0.07676153633600441,bs,ZC4,0.18581770694082606
5,2020-08-01,0.08580808834502313,bs,ZC4,0.18581770694082606
5,2020-08-06,0.08495230484942316,bs,ZC4,0.18581770694082606
5,2020-08-11,0.06230368946603534,bs,ZC4,0.18581770694082606
5,2020-08-16,0.09108133712275004,bs,ZC4,0.18581770694082606
5,2020-08-21,0.08598513507499221,bs,ZC4,0.18581770694082606
5,2020-09-05,0.06531619998877729,bs,ZC4,0.18581770694082606
5,2020-09-10,0.06706971471755148,bs,ZC4,0.18581770694082606
5,2020-09-20,0.10494931425163984,bs,ZC4,0.18581770694082606
5,2020-09-25,0.1139330222668478,bs,ZC4,0.18581770694082606
5,2020-09-30,0.12860660395226972,bs,ZC4,0.18581770694082606
5,2020-10-05,0.10544815465729351,bs,ZC4,0.18581770694082606
5,2020-10-10,0.14228747507703465,bs,ZC4,0.18581770694082606
5,2020-10-15,0.15583226515290238,bs,ZC4,0.18581770694082606
5,2020-10-20,0.1782850847665096,bs,ZC4,0.18581770694082606
5,2020-10-25,0.16390457111637224,bs,ZC4,0.18581770694082606
5,2020-10-30,0.20750165832479045,bs,ZC4,0.18581770694082606
5,2020-11-09,0.229953045917434,bs,ZC4,0.18581770694082606
5,2020-11-14,0.22290691473603128,bs,ZC4,0.18581770694082606
5,2020-11-19,0.19866821430753256,bs,ZC4,0.18581770694082606
5,2020-12-04,0.21862199669866111,bs,ZC4,0.18581770694082606
5,2020-12-24,0.19648531223656052,bs,ZC4,0.18581770694082606
5,2020-12-29,0.2057877813504823,bs,ZC4,0.18581770694082606
5,2021-01-08,0.19331742243436756,bs,ZC4,0.18581770694082606
5,2021-01-13,0.21469875023316545,bs,ZC4,0.18581770694082606
5,2021-01-18,0.25741248912388726,bs,ZC4,0.18581770694082606
5,2021-01-28,0.27477323876423654,bs,ZC4,0.18581770694082606
5,2021-02-07,0.2435226293817507,bs,ZC4,0.18581770694082606
5,2021-02-12,0.22504512937086313,bs,ZC4,0.18581770694082606
5,2021-02-17,0.25409670240744486,bs,ZC4,0.18581770694082606
5,2021-02-22,0.207502467917078,bs,ZC4,0.18581770694082606
5,2021-02-27,0.22649888971132495,bs,ZC4,0.18581770694082606
5,2021-03-04,0.22651377992355665,bs,ZC4,0.18581770694082606
5,2021-03-09,0.20212560386473433,bs,ZC4,0.18581770694082606
5,2021-03-14,0.21699643204670777,bs,ZC4,0.18581770694082606
5,2021-03-24,0.229608829099458,bs,ZC4,0.18581770694082606
5,2021-03-29,0.2356348939036713,bs,ZC4,0.18581770694082606
5,2021-04-03,0.24088323854131816,bs,ZC4,0.18581770694082606
5,2021-04-08,0.25181099222436365,bs,ZC4,0.18581770694082606
5,2021-04-13,0.20153623370899704,bs,ZC4,0.18581770694082606
5,2021-04-18,0.22378061544902655,bs,ZC4,0.18581770694082606
5,2021-04-28,0.17664522513607123,bs,ZC4,0.18581770694082606
5,2021-05-03,0.14412994311561922,bs,ZC4,0.18581770694082606
5,2021-05-08,0.15348642423396386,bs,ZC4,0.18581770694082606
5,2021-05-18,0.14630779848171152,bs,ZC4,0.18581770694082606
5,2021-05-23,0.10057702140092031,bs,ZC4,0.18581770694082606
5,2021-06-02,0.10463264841913716,bs,ZC4,0.18581770694082606
5,2021-06-07,0.05992425930051236,bs,ZC4,0.18581770694082606
5,2021-06-12,0.00335922737770312,bs,ZC4,0.18581770694082606
5,2021-06-17,0.00295088877959671,bs,ZC4,0.18581770694082606
5,2021-07-02,0.00991208920880287,bs,ZC4,0.18581770694082606
5,2021-07-07,0.04251435933222395,bs,ZC4,0.18581770694082606
5,2021-07-22,0.05755109011214208,bs,ZC4,0.18581770694082606
5,2021-07-27,0.0299298519095869,bs,ZC4,0.18581770694082606
5,2021-08-06,0.04109821681290687,bs,ZC4,0.18581770694082606
5,2021-08-16,0.0384352848516671,bs,ZC4,0.18581770694082606
5,2021-08-21,0.02870067072219622,bs,ZC4,0.18581770694082606
5,2021-08-26,0.05836799082174099,bs,ZC4,0.18581770694082606
5,2021-08-31,0.07524914544316595,bs,ZC4,0.18581770694082606
5,2021-09-05,0.04027581883717286,bs,ZC4,0.18581770694082606
5,2021-09-10,0.05836361127719265,bs,ZC4,0.18581770694082606
5,2021-09-15,0.10518955097147994,bs,ZC4,0.18581770694082606
5,2021-09-25,0.09221671727665016,bs,ZC4,0.18581770694082606
5,2021-09-30,0.08079503105590062,bs,ZC4,0.18581770694082606
5,2021-10-05,0.10912231119485004,bs,ZC4,0.18581770694082606
5,2021-10-10,0.11747896491506588,bs,ZC4,0.18581770694082606
5,2021-10-15,0.15492492987955783,bs,ZC4,0.18581770694082606
5,2021-10-20,0.0793519333298825,bs,ZC4,0.18581770694082606
5,2021-10-25,0.17753396623273263,bs,ZC4,0.18581770694082606
5,2021-10-30,0.14603892166051052,bs,ZC4,0.18581770694082606
5,2021-11-04,0.1839582983016647,bs,ZC4,0.18581770694082606
5,2021-11-09,0.18426991028675216,bs,ZC4,0.18581770694082606
5,2021-11-14,0.18050746438099563,bs,ZC4,0.18581770694082606
5,2021-11-19,0.2163866750759704,bs,ZC4,0.18581770694082606
5,2021-11-24,0.2531122780105021,bs,ZC4,0.18581770694082606
5,2021-11-29,0.24363312555654495,bs,ZC4,0.18581770694082606
5,2021-12-04,0.2110248731895129,bs,ZC4,0.18581770694082606
5,2021-12-09,0.2679992596705534,bs,ZC4,0.18581770694082606
5,2021-12-14,0.26596224470072805,bs,ZC4,0.18581770694082606
5,2021-12-29,0.3100526677352874,bs,ZC4,0.18581770694082606
5,2022-01-03,0.28838128706347466,bs,ZC4,0.18581770694082606
5,2022-01-08,0.25341556717932706,bs,ZC4,0.18581770694082606
5,2022-01-18,0.3063034273388192,bs,ZC4,0.18581770694082606
5,2022-01-23,0.2940958039361307,bs,ZC4,0.18581770694082606
5,2022-01-28,0.27278825370798243,bs,ZC4,0.18581770694082606
5,2022-02-02,0.32301897939590873,bs,ZC4,0.18581770694082606
5,2022-02-07,0.3028959599570969,bs,ZC4,0.18581770694082606
5,2022-02-12,0.3193957184792726,bs,ZC4,0.18581770694082606
5,2022-02-17,0.29240263885933176,bs,ZC4,0.18581770694082606
5,2022-02-22,0.34317654503269357,bs,ZC4,0.18581770694082606
5,2022-02-27,0.2852741404663539,bs,ZC4,0.18581770694082606
5,2022-03-04,0.2949812945577751,bs,ZC4,0.18581770694082606
5,2022-03-09,0.3263757115749526,bs,ZC4,0.18581770694082606
5,2022-03-14,0.33864485651836707,bs,ZC4,0.18581770694082606
5,2022-03-19,0.32398049332108275,bs,ZC4,0.18581770694082606
5,2022-03-24,0.28897104128157736,bs,ZC4,0.18581770694082606
5,2022-03-29,0.2949625733360307,bs,ZC4,0.18581770694082606
5,2022-04-03,0.22287330773893715,bs,ZC4,0.18581770694082606
5,2022-04-08,0.2952781140944377,bs,ZC4,0.18581770694082606
5,2022-04-13,0.19445019672810104,bs,ZC4,0.18581770694082606
5,2022-04-18,0.18552441291922045,bs,ZC4,0.18581770694082606
5,2022-04-23,0.2068324264756526,bs,ZC4,0.18581770694082606
5,2022-04-28,0.15654066890955867,bs,ZC4,0.18581770694082606
5,2022-05-03,0.12893923789907313,bs,ZC4,0.18581770694082606
5,2022-05-08,0.16805866775310652,bs,ZC4,0.18581770694082606
5,2022-05-13,0.15351329074799094,bs,ZC4,0.18581770694082606
5,2022-05-18,0.08834451755814711,bs,ZC4,0.18581770694082606
5,2022-05-23,0.11146343144688772,bs,ZC4,0.18581770694082606
5,2022-05-28,0.09209914280018608,bs,ZC4,0.18581770694082606
5,2022-06-02,0.02996930853944755,bs,ZC4,0.18581770694082606
5,2022-06-07,0.06667546000131899,bs,ZC4,0.18581770694082606
5,2022-06-12,0.05301362527518296,bs,ZC4,0.18581770694082606
5,2022-06-17,0.0509282076556596,bs,ZC4,0.18581770694082606
5,2022-06-22,0.08192359821294111,bs,ZC4,0.18581770694082606
5,2022-07-02,0.09104210697447568,bs,ZC4,0.18581770694082606
5,2022-07-07,0.09593625498007968,bs,ZC4,0.18581770694082606
5,2022-07-12,0.07003427209059754,bs,ZC4,0.18581770694082606
5,2022-07-17,0.05137936067727339,bs,ZC4,0.18581770694082606
5,2022-08-01,0.05683845152581594,bs,ZC4,0.18581770694082606
5,2022-08-06,0.0509658857377723,bs,ZC4,0.18581770694082606
5,2022-08-11,0.0595243309535281,bs,ZC4,0.18581770694082606
5,2022-08-16,0.05172192513368984,bs,ZC4,0.18581770694082606
5,2022-08-21,0.06053449347420758,bs,ZC4,0.18581770694082606
5,2022-08-26,0.06362633321073924,bs,ZC4,0.18581770694082606
5,2022-08-31,0.05247004414546984,bs,ZC4,0.18581770694082606
5,2022-09-05,0.06387869500342783,bs,ZC4,0.18581770694082606
5,2022-09-10,0.0549942447883361,bs,ZC4,0.18581770694082606
5,2022-09-15,0.0539121158659172,bs,ZC4,0.18581770694082606
5,2022-09-20,0.0651697935001932,bs,ZC4,0.18581770694082606
5,2022-09-30,0.04370257966616085,bs,ZC4,0.18581770694082606
5,2022-10-05,0.04159859243433454,bs,ZC4,0.18581770694082606
5,2022-10-10,0.03317068803437933,bs,ZC4,0.18581770694082606
5,2022-10-15,0.02964505694155182,bs,ZC4,0.18581770694082606
5,2022-10-20,0.04360260677950209,bs,ZC4,0.18581770694082606
5,2022-10-25,0.06133412923444262,bs,ZC4,0.18581770694082606
5,2022-10-30,0.06836960630771723,bs,ZC4,0.18581770694082606
5,2022-11-04,0.05298717880512848,bs,ZC4,0.18581770694082606
5,2022-11-14,0.05140634688010823,bs,ZC4,0.18581770694082606
5,2022-11-19,0.0917045650797306,bs,ZC4,0.18581770694082606
5,2022-11-24,0.09568709621093067,bs,ZC4,0.18581770694082606
5,2022-11-29,0.14647410719680948,bs,ZC4,0.18581770694082606
5,2022-12-04,0.131458469587966,bs,ZC4,0.18581770694082606
5,2022-12-09,0.16390883546674992,bs,ZC4,0.18581770694082606
5,2022-12-14,0.21041709898319155,bs,ZC4,0.18581770694082606
5,2022-12-19,0.20990396550597767,bs,ZC4,0.18581770694082606
5,2022-12-24,0.21918690806004765,bs,ZC4,0.18581770694082606
5,2022-12-29,0.22475125186967548,bs,ZC4,0.18581770694082606
5,2023-01-03,0.2232035072113857,bs,ZC4,0.18581770694082606
5,2023-01-08,0.2505634091374718,bs,ZC4,0.18581770694082606
5,2023-01-13,0.23134182174338885,bs,ZC4,0.18581770694082606
5,2023-01-18,0.2463123863406749,bs,ZC4,0.18581770694082606
5,2023-01-23,0.24885343968095713,bs,ZC4,0.18581770694082606
5,2023-01-28,0.25721202340125077,bs,ZC4,0.18581770694082606
5,2023-02-02,0.2612147947064812,bs,ZC4,0.18581770694082606
5,2023-02-12,0.28888414764241516,bs,ZC4,0.18581770694082606
5,2023-02-17,0.2818639277590129,bs,ZC4,0.18581770694082606
5,2023-02-22,0.289401888772298,bs,ZC4,0.18581770694082606
5,2023-02-27,0.2956394742332568,bs,ZC4,0.18581770694082606
5,2023-03-04,0.2538604076590488,bs,ZC4,0.18581770694082606
5,2023-03-09,0.2610125368226348,bs,ZC4,0.18581770694082606
5,2023-03-19,0.2898441255235872,bs,ZC4,0.18581770694082606
5,2023-03-24,0.2917345421063815,bs,ZC4,0.18581770694082606
5,2023-03-29,0.2970886165615924,bs,ZC4,0.18581770694082606
5,2023-04-03,0.30738999228016,bs,ZC4,0.18581770694082606
5,2023-04-08,0.2964337250051536,bs,ZC4,0.18581770694082606
5,2023-04-13,0.28080497425954404,bs,ZC4,0.18581770694082606
5,2023-04-23,0.2445429074086141,bs,ZC4,0.18581770694082606
5,2023-04-28,0.2333715983523533,bs,ZC4,0.18581770694082606
5,2023-05-08,0.20515529262624127,bs,ZC4,0.18581770694082606
5,2023-05-13,0.1939465792593626,bs,ZC4,0.18581770694082606
5,2023-05-18,0.18953401105273932,bs,ZC4,0.18581770694082606
5,2023-05-23,0.14412702721042275,bs,ZC4,0.18581770694082606
5,2023-05-28,0.14175136299387492,bs,ZC4,0.18581770694082606
5,2023-06-02,0.15451074944745832,bs,ZC4,0.18581770694082606
5,2023-06-07,0.11947168300980587,bs,ZC4,0.18581770694082606
5,2023-06-12,0.11608511682099712,bs,ZC4,0.18581770694082606
5,2023-06-17,0.07858401045513949,bs,ZC4,0.18581770694082606
5,2023-06-22,0.1180559545010628,bs,ZC4,0.18581770694082606
5,2023-06-27,0.11265815471719914,bs,ZC4,0.18581770694082606
5,2023-07-02,0.10644792064097672,bs,ZC4,0.18581770694082606
5,2023-07-07,0.09281978591329,bs,ZC4,0.18581770694082606
5,2023-07-12,0.08330664714762798,bs,ZC4,0.18581770694082606
5,2023-07-17,0.09959580362414278,bs,ZC4,0.18581770694082606
5,2023-07-22,0.078242774566474,bs,ZC4,0.18581770694082606
5,2023-07-27,0.0943360752056404,bs,ZC4,0.18581770694082606
5,2023-08-01,0.10205802132407638,bs,ZC4,0.18581770694082606
5,2023-08-06,0.07495885491995412,bs,ZC4,0.18581770694082606
5,2023-08-16,0.09799868931794124,bs,ZC4,0.18581770694082606
5,2023-08-21,0.09653283779157906,bs,ZC4,0.18581770694082606
5,2023-08-26,0.0696910908819579,bs,ZC4,0.18581770694082606
5,2023-08-31,0.08701512655384155,bs,ZC4,0.18581770694082606
5,2023-09-05,0.07682285141568529,bs,ZC4,0.18581770694082606
5,2023-09-10,0.07727802849754069,bs,ZC4,0.18581770694082606
5,2023-09-15,0.11450257522363784,bs,ZC4,0.18581770694082606
5,2023-09-20,0.0764740534461522,bs,ZC4,0.18581770694082606
5,2023-09-25,0.11048158640226628,bs,ZC4,0.18581770694082606
5,2023-09-30,0.15188611311139424,bs,ZC4,0.18581770694082606
5,2023-10-05,0.16478713645928883,bs,ZC4,0.18581770694082606
5,2023-10-10,0.14560144640940165,bs,ZC4,0.18581770694082606
5,2023-10-15,0.175314689297716,bs,ZC4,0.18581770694082606
5,2023-10-20,0.18639002241508132,bs,ZC4,0.18581770694082606
5,2023-10-25,0.2062080440644902,bs,ZC4,0.18581770694082606
5,2023-10-30,0.20247131509267433,bs,ZC4,0.18581770694082606
5,2023-11-04,0.2266180808606628,bs,ZC4,0.18581770694082606
5,2023-11-14,0.2298292902066487,bs,ZC4,0.18581770694082606
5,2023-11-19,0.21621944660252196,bs,ZC4,0.18581770694082606
5,2023-11-24,0.25723159369100546,bs,ZC4,0.18581770694082606
5,2023-11-29,0.2678930377048182,bs,ZC4,0.18581770694082606
5,2023-12-04,0.2495277557735665,bs,ZC4,0.18581770694082606
5,2023-12-09,0.265342626287547,bs,ZC4,0.18581770694082606
5,2023-12-24,0.27298506522150107,bs,ZC4,0.18581770694082606
5,2024-01-03,0.2891405305681023,bs,ZC4,0.18581770694082606
5,2024-01-08,0.2803540504137002,bs,ZC4,0.18581770694082606
5,2024-01-13,0.2798412801665257,bs,ZC4,0.18581770694082606
5,2024-01-18,0.2768716840243663,bs,ZC4,0.18581770694082606
5,2024-01-23,0.27059055895714,bs,ZC4,0.18581770694082606
5,2024-01-28,0.31438759915581105,bs,ZC4,0.18581770694082606
5,2024-02-02,0.2652774994990984,bs,ZC4,0.18581770694082606
5,2024-02-17,0.2799861735222952,bs,ZC4,0.18581770694082606
5,2024-02-22,0.31659731223139365,bs,ZC4,0.18581770694082606
5,2024-03-03,0.27117948717948714,bs,ZC4,0.18581770694082606
5,2024-03-08,0.29231174649186376,bs,ZC4,0.18581770694082606
5,2024-03-13,0.25443584298143457,bs,ZC4,0.18581770694082606
5,2024-03-18,0.27765553110622126,bs,ZC4,0.18581770694082606
5,2024-03-23,0.2811815466312645,bs,ZC4,0.18581770694082606
5,2024-04-02,0.2840979222382226,bs,ZC4,0.18581770694082606
5,2024-04-07,0.2701459708058388,bs,ZC4,0.18581770694082606
5,2024-04-12,0.24924501711294544,bs,ZC4,0.18581770694082606
5,2024-04-17,0.22108345534407028,bs,ZC4,0.18581770694082606
5,2024-04-22,0.22927837715614705,bs,ZC4,0.18581770694082606
5,2024-04-27,0.19905122123213023,bs,ZC4,0.18581770694082606
5,2024-05-02,0.20172066630056745,bs,ZC4,0.18581770694082606
5,2024-05-22,0.15444274809160308,bs,ZC4,0.18581770694082606
5,2024-05-27,0.13678844519966016,bs,ZC4,0.18581770694082606
5,2024-06-01,0.125566609760405,bs,ZC4,0.18581770694082606
5,2024-06-06,0.1008764085136827,bs,ZC4,0.18581770694082606
5,2024-06-11,0.14136684251081738,bs,ZC4,0.18581770694082606
5,2024-06-16,0.07763733301383814,bs,ZC4,0.18581770694082606
5,2024-06-21,0.11372251705837756,bs,ZC4,0.18581770694082606
5,2024-10-14,0.10074452022700058,bs,ZC4,0.18581770694082606
5,2024-10-19,0.10023578989615212,bs,ZC4,0.18581770694082606
5,2024-10-24,0.11996891996891997,bs,ZC4,0.18581770694082606
5,2024-10-29,0.1421875822844805,bs,ZC4,0.18581770694082606
5,2024-11-03,0.14133860370706694,bs,ZC4,0.18581770694082606
5,2024-11-08,0.14175566553790048,bs,ZC4,0.18581770694082606
5,2024-11-13,0.15120618069059755,bs,ZC4,0.18581770694082606
5,2024-11-18,0.14194012506225445,bs,ZC4,0.18581770694082606
5,2024-11-28,0.17091768243569777,bs,ZC4,0.18581770694082606
5,2024-12-08,0.18211519207461663,bs,ZC4,0.18581770694082606
5,2024-12-13,0.19268665366984564,bs,ZC4,0.18581770694082606
5,2024-12-18,0.16988126578198032,bs,ZC4,0.18581770694082606
5,2024-12-23,0.1803185113305554,bs,ZC4,0.18581770694082606
5,2024-12-28,0.1848130456267501,bs,ZC4,0.18581770694082606
5,2025-01-02,0.18285276577118784,bs,ZC4,0.18581770694082606
5,2025-01-17,0.1857526728031559,bs,ZC4,0.18581770694082606
5,2025-01-22,0.18220744830694688,bs,ZC4,0.18581770694082606
5,2025-01-27,0.17326184509586806,bs,ZC4,0.18581770694082606
5,2025-02-01,0.1766714082503556,bs,ZC4,0.18581770694082606
5,2025-02-06,0.18664841659926584,bs,ZC4,0.18581770694082606
5,2025-02-21,0.18678624427382412,bs,ZC4,0.18581770694082606
5,2025-02-26,0.1937370307489153,bs,ZC4,0.18581770694082606
5,2025-03-03,0.17917860553963705,bs,ZC4,0.18581770694082606
5,2025-03-08,0.17871371656232216,bs,ZC4,0.18581770694082606
5,2025-03-13,0.19793336896490288,bs,ZC4,0.18581770694082606
5,2025-03-18,0.1991316243383097,bs,ZC4,0.18581770694082606
5,2025-03-20,0.1876219187799255,bs,ZC4,0.18581770694082606
5,2025-03-23,0.18884170108790507,bs,ZC4,0.18581770694082606
5,2025-03-28,0.1981082501313715,bs,ZC4,0.18581770694082606
9,2016-07-23,0.13495020662556736,bs,ZC4,0.21038550740863926
9,2016-08-12,0.15611448395490027,bs,ZC4,0.21038550740863926
9,2016-09-01,0.16418192111719193,bs,ZC4,0.21038550740863926
9,2016-09-21,0.20490797546012268,bs,ZC4,0.21038550740863926
9,2016-10-11,0.22690308774075207,bs,ZC4,0.21038550740863926
9,2016-10-31,0.23331250355053115,bs,ZC4,0.21038550740863926
9,2016-11-10,0.24657302420037233,bs,ZC4,0.21038550740863926
9,2016-11-30,0.21958288344604193,bs,ZC4,0.21038550740863926
9,2016-12-10,0.2045336563419277,bs,ZC4,0.21038550740863926
9,2016-12-20,0.2472498690413829,bs,ZC4,0.21038550740863926
9,2017-01-19,0.31515564644399,bs,ZC4,0.21038550740863926
9,2017-01-29,0.3298532525370519,bs,ZC4,0.21038550740863926
9,2017-02-18,0.3003152364273205,bs,ZC4,0.21038550740863926
9,2017-02-28,0.3521670070342636,bs,ZC4,0.21038550740863926
9,2017-03-20,0.3372937741869781,bs,ZC4,0.21038550740863926
9,2017-04-09,0.2935021659446851,bs,ZC4,0.21038550740863926
9,2017-05-19,0.17608265552868765,bs,ZC4,0.21038550740863926
9,2017-06-28,0.146048968520237,bs,ZC4,0.21038550740863926
9,2017-07-13,0.153422013922393,bs,ZC4,0.21038550740863926
9,2017-07-18,0.10727131673601806,bs,ZC4,0.21038550740863926
9,2017-08-02,0.16074665950446518,bs,ZC4,0.21038550740863926
9,2017-08-07,0.13664027223349257,bs,ZC4,0.21038550740863926
9,2017-08-22,0.16932642487046634,bs,ZC4,0.21038550740863926
9,2017-08-27,0.13029765424797948,bs,ZC4,0.21038550740863926
9,2017-09-11,0.13941926651776065,bs,ZC4,0.21038550740863926
9,2017-09-16,0.15323755985842183,bs,ZC4,0.21038550740863926
9,2017-10-01,0.20708104894642976,bs,ZC4,0.21038550740863926
9,2017-10-06,0.18976532354987663,bs,ZC4,0.21038550740863926
9,2017-10-21,0.22331804761605628,bs,ZC4,0.21038550740863926
9,2017-10-26,0.22638522427440633,bs,ZC4,0.21038550740863926
9,2017-11-10,0.21705716963448923,bs,ZC4,0.21038550740863926
9,2017-11-15,0.23184438879506147,bs,ZC4,0.21038550740863926
9,2017-11-20,0.24392195482242876,bs,ZC4,0.21038550740863926
9,2017-11-30,0.24331831368434045,bs,ZC4,0.21038550740863926
9,2017-12-05,0.23710151611229607,bs,ZC4,0.21038550740863926
9,2017-12-10,0.2324776988894957,bs,ZC4,0.21038550740863926
9,2017-12-20,0.2461927246126222,bs,ZC4,0.21038550740863926
9,2017-12-25,0.26164830430233277,bs,ZC4,0.21038550740863926
9,2017-12-30,0.26890912469801154,bs,ZC4,0.21038550740863926
9,2018-01-14,0.283846012156935,bs,ZC4,0.21038550740863926
9,2018-01-19,0.25748358730349935,bs,ZC4,0.21038550740863926
9,2018-01-29,0.24588564366096405,bs,ZC4,0.21038550740863926
9,2018-02-08,0.36835161210521977,bs,ZC4,0.21038550740863926
9,2018-02-23,0.32861417207910676,bs,ZC4,0.21038550740863926
9,2018-02-28,0.3266955691086781,bs,ZC4,0.21038550740863926
9,2018-03-05,0.3187779116750549,bs,ZC4,0.21038550740863926
9,2018-03-10,0.3247546346782988,bs,ZC4,0.21038550740863926
9,2018-03-15,0.3206960845245494,bs,ZC4,0.21038550740863926
9,2018-03-20,0.3245410424140114,bs,ZC4,0.21038550740863926
9,2018-03-25,0.3161495404602308,bs,ZC4,0.21038550740863926
9,2018-04-04,0.31121833534378773,bs,ZC4,0.21038550740863926
9,2018-04-09,0.30302389511524636,bs,ZC4,0.21038550740863926
9,2018-04-14,0.30540741240801994,bs,ZC4,0.21038550740863926
9,2018-04-19,0.3057827726011807,bs,ZC4,0.21038550740863926
9,2018-04-24,0.28461486072328546,bs,ZC4,0.21038550740863926
9,2018-04-29,0.21921412204022744,bs,ZC4,0.21038550740863926
9,2018-05-04,0.2698011344221964,bs,ZC4,0.21038550740863926
9,2018-05-09,0.25523067784304665,bs,ZC4,0.21038550740863926
9,2018-05-14,0.22955422955422955,bs,ZC4,0.21038550740863926
9,2018-05-19,0.21944692239072255,bs,ZC4,0.21038550740863926
9,2018-05-24,0.2241985522233713,bs,ZC4,0.21038550740863926
9,2018-05-29,0.1851694012358832,bs,ZC4,0.21038550740863926
9,2018-06-08,0.16541921307422922,bs,ZC4,0.21038550740863926
9,2018-06-13,0.11995746189294576,bs,ZC4,0.21038550740863926
9,2018-06-18,0.16703033715773913,bs,ZC4,0.21038550740863926
9,2018-07-03,0.16859274912500827,bs,ZC4,0.21038550740863926
9,2018-07-08,0.1407179487179487,bs,ZC4,0.21038550740863926
9,2018-07-13,0.16032077633263697,bs,ZC4,0.21038550740863926
9,2018-07-28,0.12785840707964602,bs,ZC4,0.21038550740863926
9,2018-08-07,0.18306878306878308,bs,ZC4,0.21038550740863926
9,2018-08-12,0.17450315075133302,bs,ZC4,0.21038550740863926
9,2018-08-17,0.1779467680608365,bs,ZC4,0.21038550740863926
9,2018-08-22,0.15886477462437396,bs,ZC4,0.21038550740863926
9,2018-08-27,0.20085957961184608,bs,ZC4,0.21038550740863926
9,2018-09-01,0.15640620056944005,bs,ZC4,0.21038550740863926
9,2018-09-06,0.21866786332457205,bs,ZC4,0.21038550740863926
9,2018-09-11,0.19433049654074572,bs,ZC4,0.21038550740863926
9,2018-09-16,0.19482792144662647,bs,ZC4,0.21038550740863926
9,2018-09-21,0.1972801450589302,bs,ZC4,0.21038550740863926
9,2018-10-01,0.2151876222656945,bs,ZC4,0.21038550740863926
9,2018-10-11,0.19914274434606055,bs,ZC4,0.21038550740863926
9,2018-10-16,0.19821523550617576,bs,ZC4,0.21038550740863926
9,2018-10-21,0.22499575479707928,bs,ZC4,0.21038550740863926
9,2018-10-26,0.2347482488175777,bs,ZC4,0.21038550740863926
9,2018-10-31,0.22809642560266,bs,ZC4,0.21038550740863926
9,2018-11-10,0.2668273272431766,bs,ZC4,0.21038550740863926
9,2018-11-15,0.23974082073434125,bs,ZC4,0.21038550740863926
9,2018-11-20,0.26943721985501634,bs,ZC4,0.21038550740863926
9,2018-11-25,0.27033198665027225,bs,ZC4,0.21038550740863926
9,2018-11-30,0.2660934864232465,bs,ZC4,0.21038550740863926
9,2018-12-05,0.2415979708306912,bs,ZC4,0.21038550740863926
9,2018-12-10,0.25046009703864813,bs,ZC4,0.21038550740863926
9,2018-12-15,0.23111591851451235,bs,ZC4,0.21038550740863926
9,2018-12-20,0.26424700279191987,bs,ZC4,0.21038550740863926
9,2018-12-25,0.25327259096937893,bs,ZC4,0.21038550740863926
9,2019-01-09,0.2444295526888926,bs,ZC4,0.21038550740863926
9,2019-01-29,0.3122952609740118,bs,ZC4,0.21038550740863926
9,2019-02-13,0.34080319502995343,bs,ZC4,0.21038550740863926
9,2019-02-18,0.3003238575026988,bs,ZC4,0.21038550740863926
9,2019-02-23,0.31629185045918,bs,ZC4,0.21038550740863926
9,2019-02-28,0.3120562487075205,bs,ZC4,0.21038550740863926
9,2019-03-05,0.31752360965372506,bs,ZC4,0.21038550740863926
9,2019-03-10,0.30133973205358927,bs,ZC4,0.21038550740863926
9,2019-03-15,0.3065015479876161,bs,ZC4,0.21038550740863926
9,2019-03-20,0.295702119231531,bs,ZC4,0.21038550740863926
9,2019-03-25,0.3081430592038796,bs,ZC4,0.21038550740863926
9,2019-03-30,0.2696830775363763,bs,ZC4,0.21038550740863926
9,2019-04-04,0.3054840128148753,bs,ZC4,0.21038550740863926
9,2019-04-09,0.30123231401186673,bs,ZC4,0.21038550740863926
9,2019-04-14,0.29413753465413484,bs,ZC4,0.21038550740863926
9,2019-04-19,0.27614239821674424,bs,ZC4,0.21038550740863926
9,2019-04-24,0.2661842362605124,bs,ZC4,0.21038550740863926
9,2019-04-29,0.24769743288261808,bs,ZC4,0.21038550740863926
9,2019-05-04,0.2414245425329573,bs,ZC4,0.21038550740863926
9,2019-05-09,0.20852232798824508,bs,ZC4,0.21038550740863926
9,2019-05-14,0.21244944128333448,bs,ZC4,0.21038550740863926
9,2019-05-19,0.2084362277247547,bs,ZC4,0.21038550740863926
9,2019-05-24,0.175831973320088,bs,ZC4,0.21038550740863926
9,2019-05-29,0.1964273445551357,bs,ZC4,0.21038550740863926
9,2019-06-03,0.18416010219288909,bs,ZC4,0.21038550740863926
9,2019-06-08,0.18020392592078796,bs,ZC4,0.21038550740863926
9,2019-06-18,0.16563521312843335,bs,ZC4,0.21038550740863926
9,2019-06-23,0.17334440523147188,bs,ZC4,0.21038550740863926
9,2019-06-28,0.16300554300964892,bs,ZC4,0.21038550740863926
9,2019-07-03,0.15103023436946825,bs,ZC4,0.21038550740863926
9,2019-07-08,0.17094132773905393,bs,ZC4,0.21038550740863926
9,2019-07-18,0.1395017310433779,bs,ZC4,0.21038550740863926
9,2019-07-28,0.1294037478705281,bs,ZC4,0.21038550740863926
9,2019-08-02,0.12994087557297548,bs,ZC4,0.21038550740863926
9,2019-08-07,0.13866296369767905,bs,ZC4,0.21038550740863926
9,2019-08-12,0.120988988718503,bs,ZC4,0.21038550740863926
9,2019-08-17,0.1602731856769005,bs,ZC4,0.21038550740863926
9,2019-08-22,0.1639871382636656,bs,ZC4,0.21038550740863926
9,2019-08-27,0.1872537369441491,bs,ZC4,0.21038550740863926
9,2019-09-01,0.16563000961846747,bs,ZC4,0.21038550740863926
9,2019-09-06,0.1533716861396121,bs,ZC4,0.21038550740863926
9,2019-09-11,0.16118309476968998,bs,ZC4,0.21038550740863926
9,2019-09-16,0.18809956737099504,bs,ZC4,0.21038550740863926
9,2019-09-21,0.1863853139086692,bs,ZC4,0.21038550740863926
9,2019-09-26,0.22237025373947797,bs,ZC4,0.21038550740863926
9,2019-10-06,0.21047449073789157,bs,ZC4,0.21038550740863926
9,2019-10-11,0.23615003876200133,bs,ZC4,0.21038550740863926
9,2019-10-16,0.21204232923999772,bs,ZC4,0.21038550740863926
9,2019-10-21,0.2390854847285402,bs,ZC4,0.21038550740863926
9,2019-10-26,0.2480091664279576,bs,ZC4,0.21038550740863926
9,2019-11-05,0.2400205585060819,bs,ZC4,0.21038550740863926
9,2019-11-10,0.24308967150044392,bs,ZC4,0.21038550740863926
9,2019-11-15,0.25322775004303666,bs,ZC4,0.21038550740863926
9,2019-11-20,0.25342909283569787,bs,ZC4,0.21038550740863926
9,2019-11-25,0.2580316165221826,bs,ZC4,0.21038550740863926
9,2019-11-30,0.2638817259755888,bs,ZC4,0.21038550740863926
9,2019-12-10,0.2645102609288841,bs,ZC4,0.21038550740863926
9,2019-12-15,0.24205133916142324,bs,ZC4,0.21038550740863926
9,2019-12-20,0.2629564024912862,bs,ZC4,0.21038550740863926
9,2019-12-25,0.267743598556453,bs,ZC4,0.21038550740863926
9,2019-12-30,0.2660765578287121,bs,ZC4,0.21038550740863926
9,2020-01-04,0.27906976744186046,bs,ZC4,0.21038550740863926
9,2020-01-09,0.2954358941985986,bs,ZC4,0.21038550740863926
9,2020-01-14,0.25688412493069673,bs,ZC4,0.21038550740863926
9,2020-01-19,0.27202323330106487,bs,ZC4,0.21038550740863926
9,2020-01-24,0.29569779643231897,bs,ZC4,0.21038550740863926
9,2020-01-29,0.3051221961834617,bs,ZC4,0.21038550740863926
9,2020-02-03,0.28784815080555737,bs,ZC4,0.21038550740863926
9,2020-02-13,0.27698458023986294,bs,ZC4,0.21038550740863926
9,2020-02-18,0.2884425419822193,bs,ZC4,0.21038550740863926
9,2020-02-23,0.30524357014687314,bs,ZC4,0.21038550740863926
9,2020-02-28,0.29133017419742374,bs,ZC4,0.21038550740863926
9,2020-03-04,0.27311549660304113,bs,ZC4,0.21038550740863926
9,2020-03-14,0.2847236385886192,bs,ZC4,0.21038550740863926
9,2020-03-19,0.2913787536325476,bs,ZC4,0.21038550740863926
9,2020-03-24,0.2575198913254415,bs,ZC4,0.21038550740863926
9,2020-03-29,0.2774164466482066,bs,ZC4,0.21038550740863926
9,2020-04-13,0.2498941382856451,bs,ZC4,0.21038550740863926
9,2020-04-18,0.2526556834806946,bs,ZC4,0.21038550740863926
9,2020-04-23,0.2498613934577712,bs,ZC4,0.21038550740863926
9,2020-04-28,0.22418860609092617,bs,ZC4,0.21038550740863926
9,2020-05-08,0.2139470190301574,bs,ZC4,0.21038550740863926
9,2020-05-13,0.2022557828331103,bs,ZC4,0.21038550740863926
9,2020-05-18,0.19701954712599187,bs,ZC4,0.21038550740863926
9,2020-05-23,0.1786064769381747,bs,ZC4,0.21038550740863926
9,2020-05-28,0.1586840505302979,bs,ZC4,0.21038550740863926
9,2020-06-02,0.17311906501095692,bs,ZC4,0.21038550740863926
9,2020-06-12,0.17138875986994892,bs,ZC4,0.21038550740863926
9,2020-06-22,0.14893766215552906,bs,ZC4,0.21038550740863926
9,2020-06-27,0.15634134169815356,bs,ZC4,0.21038550740863926
9,2020-07-02,0.1422957600827301,bs,ZC4,0.21038550740863926
9,2020-07-07,0.1197413253598498,bs,ZC4,0.21038550740863926
9,2020-07-12,0.1314020375632407,bs,ZC4,0.21038550740863926
9,2020-07-17,0.1312695652173913,bs,ZC4,0.21038550740863926
9,2020-07-27,0.10484273589615578,bs,ZC4,0.21038550740863926
9,2020-08-01,0.12321615036547162,bs,ZC4,0.21038550740863926
9,2020-08-06,0.12654214625404922,bs,ZC4,0.21038550740863926
9,2020-08-11,0.1432452625144332,bs,ZC4,0.21038550740863926
9,2020-08-16,0.10701742304249018,bs,ZC4,0.21038550740863926
9,2020-08-21,0.0805561234921284,bs,ZC4,0.21038550740863926
9,2020-09-05,0.1329534026148173,bs,ZC4,0.21038550740863926
9,2020-09-10,0.16059158432039788,bs,ZC4,0.21038550740863926
9,2020-09-15,0.17558307663292888,bs,ZC4,0.21038550740863926
9,2020-09-20,0.1752078901566428,bs,ZC4,0.21038550740863926
9,2020-09-25,0.1933142311365807,bs,ZC4,0.21038550740863926
9,2020-09-30,0.16956762408512208,bs,ZC4,0.21038550740863926
9,2020-10-05,0.20624414611301903,bs,ZC4,0.21038550740863926
9,2020-10-10,0.19668150546337515,bs,ZC4,0.21038550740863926
9,2020-10-15,0.21503714710252603,bs,ZC4,0.21038550740863926
9,2020-10-20,0.21663058107554567,bs,ZC4,0.21038550740863926
9,2020-10-25,0.21462032271123704,bs,ZC4,0.21038550740863926
9,2020-10-30,0.2241488565009505,bs,ZC4,0.21038550740863926
9,2020-11-09,0.23168586506270217,bs,ZC4,0.21038550740863926
9,2020-11-14,0.2165292156518688,bs,ZC4,0.21038550740863926
9,2020-11-19,0.2309439236010016,bs,ZC4,0.21038550740863926
9,2020-11-29,0.19165473511965636,bs,ZC4,0.21038550740863926
9,2020-12-04,0.24096177131984087,bs,ZC4,0.21038550740863926
9,2020-12-09,0.21586748038360945,bs,ZC4,0.21038550740863926
9,2020-12-24,0.24362159869098843,bs,ZC4,0.21038550740863926
9,2020-12-29,0.24534707487117308,bs,ZC4,0.21038550740863926
9,2021-01-08,0.27176009456853106,bs,ZC4,0.21038550740863926
9,2021-01-13,0.2488932015282916,bs,ZC4,0.21038550740863926
9,2021-01-18,0.2404766203285792,bs,ZC4,0.21038550740863926
9,2021-01-28,0.2678336156597026,bs,ZC4,0.21038550740863926
9,2021-02-07,0.26516117282826446,bs,ZC4,0.21038550740863926
9,2021-02-12,0.25705329153605017,bs,ZC4,0.21038550740863926
9,2021-02-17,0.26131699846860645,bs,ZC4,0.21038550740863926
9,2021-02-22,0.24190933653557492,bs,ZC4,0.21038550740863926
9,2021-02-27,0.24545979593146375,bs,ZC4,0.21038550740863926
9,2021-03-04,0.2576281849638251,bs,ZC4,0.21038550740863926
9,2021-03-09,0.27425268783792184,bs,ZC4,0.21038550740863926
9,2021-03-14,0.2726412117387188,bs,ZC4,0.21038550740863926
9,2021-03-24,0.2503832709879193,bs,ZC4,0.21038550740863926
9,2021-03-29,0.23387437398177757,bs,ZC4,0.21038550740863926
9,2021-04-03,0.245513815585222,bs,ZC4,0.21038550740863926
9,2021-04-08,0.23230853192650536,bs,ZC4,0.21038550740863926
9,2021-04-13,0.23809805429061448,bs,ZC4,0.21038550740863926
9,2021-04-18,0.23715343080749865,bs,ZC4,0.21038550740863926
9,2021-04-23,0.21216839331696508,bs,ZC4,0.21038550740863926
9,2021-04-28,0.208937573909255,bs,ZC4,0.21038550740863926
9,2021-05-03,0.1895588518589867,bs,ZC4,0.21038550740863926
9,2021-05-08,0.18260212752564992,bs,ZC4,0.21038550740863926
9,2021-05-18,0.20447546704988712,bs,ZC4,0.21038550740863926
9,2021-05-23,0.19123423609675425,bs,ZC4,0.21038550740863926
9,2021-06-02,0.18856901527416065,bs,ZC4,0.21038550740863926
9,2021-06-07,0.15968568500170824,bs,ZC4,0.21038550740863926
9,2021-06-12,0.15917693207625078,bs,ZC4,0.21038550740863926
9,2021-06-17,0.13997923156801662,bs,ZC4,0.21038550740863926
9,2021-07-02,0.10901133877063854,bs,ZC4,0.21038550740863926
9,2021-07-07,0.14037460274528366,bs,ZC4,0.21038550740863926
9,2021-07-22,0.1525670338806901,bs,ZC4,0.21038550740863926
9,2021-07-27,0.11961658789855552,bs,ZC4,0.21038550740863926
9,2021-08-06,0.1689430128507031,bs,ZC4,0.21038550740863926
9,2021-08-16,0.1718299018664614,bs,ZC4,0.21038550740863926
9,2021-08-21,0.17119832274126975,bs,ZC4,0.21038550740863926
9,2021-08-26,0.10244700429418582,bs,ZC4,0.21038550740863926
9,2021-08-31,0.1485446637671462,bs,ZC4,0.21038550740863926
9,2021-09-05,0.14919329326162606,bs,ZC4,0.21038550740863926
9,2021-09-10,0.16957782790847567,bs,ZC4,0.21038550740863926
9,2021-09-15,0.14413635521521645,bs,ZC4,0.21038550740863926
9,2021-09-20,0.1704201081466516,bs,ZC4,0.21038550740863926
9,2021-09-25,0.1674717211861816,bs,ZC4,0.21038550740863926
9,2021-09-30,0.1668947462366871,bs,ZC4,0.21038550740863926
9,2021-10-05,0.1770191905302804,bs,ZC4,0.21038550740863926
9,2021-10-10,0.1765821693395413,bs,ZC4,0.21038550740863926
9,2021-10-15,0.179490143938956,bs,ZC4,0.21038550740863926
9,2021-10-20,0.19103233757849636,bs,ZC4,0.21038550740863926
9,2021-10-25,0.1895130197520612,bs,ZC4,0.21038550740863926
9,2021-10-30,0.1862958816944559,bs,ZC4,0.21038550740863926
9,2021-11-04,0.2008658008658009,bs,ZC4,0.21038550740863926
9,2021-11-09,0.1886370326758905,bs,ZC4,0.21038550740863926
9,2021-11-14,0.19451929140629476,bs,ZC4,0.21038550740863926
9,2021-11-19,0.2002647177303332,bs,ZC4,0.21038550740863926
9,2021-11-24,0.19946854601120673,bs,ZC4,0.21038550740863926
9,2021-11-29,0.20733329477763,bs,ZC4,0.21038550740863926
9,2021-12-04,0.2037962037962038,bs,ZC4,0.21038550740863926
9,2021-12-09,0.21376359422356928,bs,ZC4,0.21038550740863926
9,2021-12-14,0.22047057429028624,bs,ZC4,0.21038550740863926
9,2021-12-29,0.3102607667873236,bs,ZC4,0.21038550740863926
9,2022-01-03,0.2835613584276686,bs,ZC4,0.21038550740863926
9,2022-01-08,0.2586027833552586,bs,ZC4,0.21038550740863926
9,2022-01-18,0.32678778507924233,bs,ZC4,0.21038550740863926
9,2022-01-23,0.3031210238754584,bs,ZC4,0.21038550740863926
9,2022-01-28,0.2881756499199512,bs,ZC4,0.21038550740863926
9,2022-02-02,0.2876621948537497,bs,ZC4,0.21038550740863926
9,2022-02-07,0.2878583114019489,bs,ZC4,0.21038550740863926
9,2022-02-12,0.30030874785591766,bs,ZC4,0.21038550740863926
9,2022-02-17,0.2896795182390808,bs,ZC4,0.21038550740863926
9,2022-02-22,0.3003864144803742,bs,ZC4,0.21038550740863926
9,2022-02-27,0.25567830920194884,bs,ZC4,0.21038550740863926
9,2022-03-04,0.2856154431605895,bs,ZC4,0.21038550740863926
9,2022-03-09,0.29223558182188714,bs,ZC4,0.21038550740863926
9,2022-03-14,0.2664162586357234,bs,ZC4,0.21038550740863926
9,2022-03-19,0.2772098616957306,bs,ZC4,0.21038550740863926
9,2022-03-24,0.2565492911739727,bs,ZC4,0.21038550740863926
9,2022-03-29,0.26543566070398156,bs,ZC4,0.21038550740863926
9,2022-04-03,0.2382119589756821,bs,ZC4,0.21038550740863926
9,2022-04-08,0.2398098256735341,bs,ZC4,0.21038550740863926
9,2022-04-13,0.22726974332042277,bs,ZC4,0.21038550740863926
9,2022-04-18,0.20657799908274913,bs,ZC4,0.21038550740863926
9,2022-04-23,0.19726242713995676,bs,ZC4,0.21038550740863926
9,2022-04-28,0.1834668078628632,bs,ZC4,0.21038550740863926
9,2022-05-03,0.17001680672268907,bs,ZC4,0.21038550740863926
9,2022-05-08,0.18435644856155,bs,ZC4,0.21038550740863926
9,2022-05-13,0.1844171532111939,bs,ZC4,0.21038550740863926
9,2022-05-18,0.153948683772076,bs,ZC4,0.21038550740863926
9,2022-05-23,0.1558785573592339,bs,ZC4,0.21038550740863926
9,2022-05-28,0.1557901682612999,bs,ZC4,0.21038550740863926
9,2022-06-02,0.10264452206144414,bs,ZC4,0.21038550740863926
9,2022-06-07,0.16161255797359972,bs,ZC4,0.21038550740863926
9,2022-06-12,0.1230901656983,bs,ZC4,0.21038550740863926
9,2022-06-17,0.08637897608961011,bs,ZC4,0.21038550740863926
9,2022-06-22,0.08737864077669903,bs,ZC4,0.21038550740863926
9,2022-07-02,0.11586616679635,bs,ZC4,0.21038550740863926
9,2022-07-07,0.10160005740116236,bs,ZC4,0.21038550740863926
9,2022-07-12,0.08941810829027186,bs,ZC4,0.21038550740863926
9,2022-07-17,0.00749707145646232,bs,ZC4,0.21038550740863926
9,2022-08-01,0.15796335192293764,bs,ZC4,0.21038550740863926
9,2022-08-06,0.11648784760236476,bs,ZC4,0.21038550740863926
9,2022-08-11,0.14807098211078382,bs,ZC4,0.21038550740863926
9,2022-08-16,0.10382673593326992,bs,ZC4,0.21038550740863926
9,2022-08-21,0.13222619297876814,bs,ZC4,0.21038550740863926
9,2022-08-26,0.1326750573673597,bs,ZC4,0.21038550740863926
9,2022-08-31,0.15553905353405792,bs,ZC4,0.21038550740863926
9,2022-09-05,0.12944323220947418,bs,ZC4,0.21038550740863926
9,2022-09-10,0.16022487702037946,bs,ZC4,0.21038550740863926
9,2022-09-15,0.14984833164812944,bs,ZC4,0.21038550740863926
9,2022-09-20,0.14377808165657355,bs,ZC4,0.21038550740863926
9,2022-09-25,0.13040954530796517,bs,ZC4,0.21038550740863926
9,2022-09-30,0.1482587064676617,bs,ZC4,0.21038550740863926
9,2022-10-05,0.1666559876978279,bs,ZC4,0.21038550740863926
9,2022-10-10,0.1522076631683537,bs,ZC4,0.21038550740863926
9,2022-10-15,0.2060256978289765,bs,ZC4,0.21038550740863926
9,2022-10-20,0.19439160581702153,bs,ZC4,0.21038550740863926
9,2022-10-25,0.20497812827305772,bs,ZC4,0.21038550740863926
9,2022-10-30,0.20083834517951524,bs,ZC4,0.21038550740863926
9,2022-11-04,0.2130841121495327,bs,ZC4,0.21038550740863926
9,2022-11-14,0.224310852201069,bs,ZC4,0.21038550740863926
9,2022-11-19,0.2219284329279041,bs,ZC4,0.21038550740863926
9,2022-11-24,0.22104882022810937,bs,ZC4,0.21038550740863926
9,2022-11-29,0.2439798394623857,bs,ZC4,0.21038550740863926
9,2022-12-04,0.23682767862581472,bs,ZC4,0.21038550740863926
9,2022-12-09,0.22616407982261644,bs,ZC4,0.21038550740863926
9,2022-12-14,0.2782627208856717,bs,ZC4,0.21038550740863926
9,2022-12-19,0.28374460408478835,bs,ZC4,0.21038550740863926
9,2022-12-24,0.2764120848189153,bs,ZC4,0.21038550740863926
9,2022-12-29,0.2689823813405229,bs,ZC4,0.21038550740863926
9,2023-01-03,0.2572738269561342,bs,ZC4,0.21038550740863926
9,2023-01-08,0.3033099715495108,bs,ZC4,0.21038550740863926
9,2023-01-13,0.2727629256814171,bs,ZC4,0.21038550740863926
9,2023-01-18,0.2526593942679043,bs,ZC4,0.21038550740863926
9,2023-01-23,0.26682545083361686,bs,ZC4,0.21038550740863926
9,2023-01-28,0.2390718873006008,bs,ZC4,0.21038550740863926
9,2023-02-02,0.2950541286351093,bs,ZC4,0.21038550740863926
9,2023-02-12,0.29503858875413447,bs,ZC4,0.21038550740863926
9,2023-02-17,0.2814409100484516,bs,ZC4,0.21038550740863926
9,2023-02-22,0.2634299685644429,bs,ZC4,0.21038550740863926
9,2023-02-27,0.26546303288254275,bs,ZC4,0.21038550740863926
9,2023-03-04,0.2492413514060287,bs,ZC4,0.21038550740863926
9,2023-03-09,0.2569382884418684,bs,ZC4,0.21038550740863926
9,2023-03-19,0.2773702980956867,bs,ZC4,0.21038550740863926
9,2023-03-24,0.27178144242338453,bs,ZC4,0.21038550740863926
9,2023-03-29,0.2780009532239396,bs,ZC4,0.21038550740863926
9,2023-04-03,0.2847686782620942,bs,ZC4,0.21038550740863926
9,2023-04-08,0.2629581061494927,bs,ZC4,0.21038550740863926
9,2023-04-13,0.26016687471256816,bs,ZC4,0.21038550740863926
9,2023-04-23,0.2198581560283688,bs,ZC4,0.21038550740863926
9,2023-04-28,0.2068141063956963,bs,ZC4,0.21038550740863926
9,2023-05-08,0.20221931215107863,bs,ZC4,0.21038550740863926
9,2023-05-13,0.22700933942327356,bs,ZC4,0.21038550740863926
9,2023-05-18,0.20616452337211677,bs,ZC4,0.21038550740863926
9,2023-05-23,0.18261955993614215,bs,ZC4,0.21038550740863926
9,2023-05-28,0.18786653185035387,bs,ZC4,0.21038550740863926
9,2023-06-02,0.18076525336091004,bs,ZC4,0.21038550740863926
9,2023-06-07,0.1818736029262345,bs,ZC4,0.21038550740863926
9,2023-06-12,0.13281410125025622,bs,ZC4,0.21038550740863926
9,2023-06-17,0.1298655592313648,bs,ZC4,0.21038550740863926
9,2023-06-22,0.15267912557754637,bs,ZC4,0.21038550740863926
9,2023-06-27,0.15441329901926687,bs,ZC4,0.21038550740863926
9,2023-07-02,0.12578184067633513,bs,ZC4,0.21038550740863926
9,2023-07-07,0.1435880175025244,bs,ZC4,0.21038550740863926
9,2023-07-12,0.1243777702011592,bs,ZC4,0.21038550740863926
9,2023-07-17,0.13664679482885658,bs,ZC4,0.21038550740863926
9,2023-07-22,0.1356491364253833,bs,ZC4,0.21038550740863926
9,2023-07-27,0.1480945172118739,bs,ZC4,0.21038550740863926
9,2023-08-01,0.13953951297193284,bs,ZC4,0.21038550740863926
9,2023-08-06,0.15193739263218173,bs,ZC4,0.21038550740863926
9,2023-08-16,0.16094544986153153,bs,ZC4,0.21038550740863926
9,2023-08-21,0.16448335356891813,bs,ZC4,0.21038550740863926
9,2023-08-26,0.15922664860538144,bs,ZC4,0.21038550740863926
9,2023-08-31,0.16757672754660138,bs,ZC4,0.21038550740863926
9,2023-09-05,0.1571648690292758,bs,ZC4,0.21038550740863926
9,2023-09-10,0.17713405238828966,bs,ZC4,0.21038550740863926
9,2023-09-15,0.17232994954713998,bs,ZC4,0.21038550740863926
9,2023-09-20,0.1829593226360353,bs,ZC4,0.21038550740863926
9,2023-09-25,0.18128107633811055,bs,ZC4,0.21038550740863926
9,2023-09-30,0.17416147648705788,bs,ZC4,0.21038550740863926
9,2023-10-05,0.1801830737112574,bs,ZC4,0.21038550740863926
9,2023-10-10,0.18382225308106231,bs,ZC4,0.21038550740863926
9,2023-10-15,0.19529868203343417,bs,ZC4,0.21038550740863926
9,2023-10-20,0.2187770656504417,bs,ZC4,0.21038550740863926
9,2023-10-25,0.20972695292869503,bs,ZC4,0.21038550740863926
9,2023-10-30,0.22738598829460507,bs,ZC4,0.21038550740863926
9,2023-11-04,0.20911619458477607,bs,ZC4,0.21038550740863926
9,2023-11-14,0.20771179285111177,bs,ZC4,0.21038550740863926
9,2023-11-19,0.21055975969037027,bs,ZC4,0.21038550740863926
9,2023-11-24,0.2368466054836687,bs,ZC4,0.21038550740863926
9,2023-11-29,0.21566217952298497,bs,ZC4,0.21038550740863926
9,2023-12-04,0.22300796258143551,bs,ZC4,0.21038550740863926
9,2023-12-09,0.22869955156950672,bs,ZC4,0.21038550740863926
9,2023-12-24,0.21432222159123177,bs,ZC4,0.21038550740863926
9,2024-01-03,0.24135886642556473,bs,ZC4,0.21038550740863926
9,2024-01-08,0.238715920086516,bs,ZC4,0.21038550740863926
9,2024-01-13,0.228573106972919,bs,ZC4,0.21038550740863926
9,2024-01-18,0.214426346876678,bs,ZC4,0.21038550740863926
9,2024-01-23,0.24138775010707947,bs,ZC4,0.21038550740863926
9,2024-01-28,0.2734825237631914,bs,ZC4,0.21038550740863926
9,2024-02-02,0.25748906092224844,bs,ZC4,0.21038550740863926
9,2024-02-17,0.25232678386763185,bs,ZC4,0.21038550740863926
9,2024-02-22,0.25183760390190285,bs,ZC4,0.21038550740863926
9,2024-03-03,0.2443747078854243,bs,ZC4,0.21038550740863926
9,2024-03-08,0.2564978182508063,bs,ZC4,0.21038550740863926
9,2024-03-13,0.232756920244592,bs,ZC4,0.21038550740863926
9,2024-03-18,0.248566458346756,bs,ZC4,0.21038550740863926
9,2024-03-23,0.23688783061973095,bs,ZC4,0.21038550740863926
9,2024-04-02,0.23655268946210756,bs,ZC4,0.21038550740863926
9,2024-04-07,0.2301274173727443,bs,ZC4,0.21038550740863926
9,2024-04-12,0.22870041921960657,bs,ZC4,0.21038550740863926
9,2024-04-17,0.221686405219488,bs,ZC4,0.21038550740863926
9,2024-04-22,0.2233565251316731,bs,ZC4,0.21038550740863926
9,2024-04-27,0.20288138938227748,bs,ZC4,0.21038550740863926
9,2024-05-22,0.16394289774562368,bs,ZC4,0.21038550740863926
9,2024-05-27,0.1414621095578891,bs,ZC4,0.21038550740863926
9,2024-06-01,0.14093278277939483,bs,ZC4,0.21038550740863926
9,2024-06-06,0.15247876752913292,bs,ZC4,0.21038550740863926
9,2024-06-11,0.132797575917265,bs,ZC4,0.21038550740863926
9,2024-06-16,0.13875072669724178,bs,ZC4,0.21038550740863926
9,2024-06-21,0.11436364845984964,bs,ZC4,0.21038550740863926
9,2024-07-01,0.1109645941847432,bs,ZC4,0.21038550740863926
9,2024-07-06,0.11765469774689956,bs,ZC4,0.21038550740863926
9,2024-07-11,0.0970766325932678,bs,ZC4,0.21038550740863926
9,2024-07-16,0.08832188420019628,bs,ZC4,0.21038550740863926
9,2024-07-26,0.11075247125277383,bs,ZC4,0.21038550740863926
9,2024-07-31,0.11682586333578251,bs,ZC4,0.21038550740863926
9,2024-08-05,0.12844036697247707,bs,ZC4,0.21038550740863926
9,2024-08-10,0.11643076120279172,bs,ZC4,0.21038550740863926
9,2024-08-15,0.11161436428340343,bs,ZC4,0.21038550740863926
9,2024-08-20,0.1308743680958622,bs,ZC4,0.21038550740863926
9,2024-08-25,0.11382586775256932,bs,ZC4,0.21038550740863926
9,2024-08-30,0.14019904803115535,bs,ZC4,0.21038550740863926
9,2024-09-04,0.1478582949997013,bs,ZC4,0.21038550740863926
9,2024-09-09,0.13473109608585074,bs,ZC4,0.21038550740863926
9,2024-09-14,0.1406837300877036,bs,ZC4,0.21038550740863926
9,2024-09-19,0.15760319256656144,bs,ZC4,0.21038550740863926
9,2024-09-29,0.16039250669045496,bs,ZC4,0.21038550740863926
9,2024-10-04,0.15932343722278075,bs,ZC4,0.21038550740863926
9,2024-10-14,0.1827348310631523,bs,ZC4,0.21038550740863926
9,2024-10-19,0.15949147645189252,bs,ZC4,0.21038550740863926
9,2024-10-24,0.17777393110611045,bs,ZC4,0.21038550740863926
9,2024-10-29,0.1553641704214909,bs,ZC4,0.21038550740863926
9,2024-11-03,0.18129671475751785,bs,ZC4,0.21038550740863926
9,2024-11-08,0.17351987715406927,bs,ZC4,0.21038550740863926
9,2024-11-13,0.16779980574758613,bs,ZC4,0.21038550740863926
9,2024-11-18,0.1755771201253692,bs,ZC4,0.21038550740863926
9,2024-11-23,0.17966968803870323,bs,ZC4,0.21038550740863926
9,2024-11-28,0.16650861828526803,bs,ZC4,0.21038550740863926
9,2024-12-03,0.1770591388243702,bs,ZC4,0.21038550740863926
9,2024-12-08,0.1812978149595465,bs,ZC4,0.21038550740863926
9,2024-12-13,0.1684650584712728,bs,ZC4,0.21038550740863926
9,2024-12-18,0.16305980528511824,bs,ZC4,0.21038550740863926
9,2024-12-23,0.17201719613645244,bs,ZC4,0.21038550740863926
9,2024-12-28,0.1797123216451967,bs,ZC4,0.21038550740863926
9,2025-01-02,0.1816491370794352,bs,ZC4,0.21038550740863926
9,2025-01-17,0.17556828682313805,bs,ZC4,0.21038550740863926
9,2025-01-22,0.1808529463811715,bs,ZC4,0.21038550740863926
9,2025-01-27,0.15924256086564473,bs,ZC4,0.21038550740863926
9,2025-02-01,0.1625883632408918,bs,ZC4,0.21038550740863926
9,2025-02-06,0.1869258705404828,bs,ZC4,0.21038550740863926
9,2025-02-11,0.1830587569822527,bs,ZC4,0.21038550740863926
9,2025-02-16,0.21245498834992588,bs,ZC4,0.21038550740863926
9,2025-02-21,0.1834407872412623,bs,ZC4,0.21038550740863926
9,2025-02-26,0.17111334002006018,bs,ZC4,0.21038550740863926
9,2025-03-03,0.19048242455979575,bs,ZC4,0.21038550740863926
9,2025-03-08,0.18741573033707865,bs,ZC4,0.21038550740863926
9,2025-03-13,0.17137843634236694,bs,ZC4,0.21038550740863926
9,2025-03-18,0.1708658955923726,bs,ZC4,0.21038550740863926
9,2025-03-20,0.19521763497104427,bs,ZC4,0.21038550740863926
9,2025-03-23,0.16530805687203792,bs,ZC4,0.21038550740863926
9,2025-03-28,0.1680830972615675,bs,ZC4,0.21038550740863926
12,2016-07-23,0.29536957146965775,bs,ZC3,0.35752580650147703
12,2016-08-12,0.2821284277486461,bs,ZC3,0.35752580650147703
12,2016-09-01,0.3264186695921013,bs,ZC3,0.35752580650147703
12,2016-09-21,0.3555495834453104,bs,ZC3,0.35752580650147703
12,2016-10-11,0.37175612298071914,bs,ZC3,0.35752580650147703
12,2016-10-31,0.4384710234278668,bs,ZC3,0.35752580650147703
12,2016-11-10,0.4265853093380706,bs,ZC3,0.35752580650147703
12,2016-11-30,0.45803275905966223,bs,ZC3,0.35752580650147703
12,2016-12-10,0.46373564827779334,bs,ZC3,0.35752580650147703
12,2016-12-20,0.47197282213055086,bs,ZC3,0.35752580650147703
12,2017-01-19,0.5753379492251895,bs,ZC3,0.35752580650147703
12,2017-01-29,0.5474012265004524,bs,ZC3,0.35752580650147703
12,2017-02-18,0.5165934374123586,bs,ZC3,0.35752580650147703
12,2017-02-28,0.5645494830132939,bs,ZC3,0.35752580650147703
12,2017-03-20,0.5013047260075384,bs,ZC3,0.35752580650147703
12,2017-04-09,0.487903623975511,bs,ZC3,0.35752580650147703
12,2017-05-19,0.4309917764787477,bs,ZC3,0.35752580650147703
12,2017-06-28,0.2910999543587403,bs,ZC3,0.35752580650147703
12,2017-07-13,0.2991035044824776,bs,ZC3,0.35752580650147703
12,2017-07-18,0.31803840259623184,bs,ZC3,0.35752580650147703
12,2017-08-02,0.2986177518908111,bs,ZC3,0.35752580650147703
12,2017-08-07,0.2784688995215311,bs,ZC3,0.35752580650147703
12,2017-08-22,0.27385287691187177,bs,ZC3,0.35752580650147703
12,2017-08-27,0.3230188679245283,bs,ZC3,0.35752580650147703
12,2017-09-11,0.16286644951140067,bs,ZC3,0.35752580650147703
12,2017-09-16,0.26270614331179476,bs,ZC3,0.35752580650147703
12,2017-10-01,0.309744425211282,bs,ZC3,0.35752580650147703
12,2017-10-06,0.2893346467269634,bs,ZC3,0.35752580650147703
12,2017-10-21,0.2999745784255572,bs,ZC3,0.35752580650147703
12,2017-10-26,0.3126961241624968,bs,ZC3,0.35752580650147703
12,2017-11-10,0.3665763482213093,bs,ZC3,0.35752580650147703
12,2017-11-15,0.33899163921966047,bs,ZC3,0.35752580650147703
12,2017-11-20,0.3916198704103672,bs,ZC3,0.35752580650147703
12,2017-11-30,0.33952081118652383,bs,ZC3,0.35752580650147703
12,2017-12-05,0.3870485678704857,bs,ZC3,0.35752580650147703
12,2017-12-10,0.4033244337266385,bs,ZC3,0.35752580650147703
12,2017-12-20,0.4391125389017167,bs,ZC3,0.35752580650147703
12,2017-12-25,0.4246763976865877,bs,ZC3,0.35752580650147703
12,2017-12-30,0.42817190267549177,bs,ZC3,0.35752580650147703
12,2018-01-14,0.48590939694142543,bs,ZC3,0.35752580650147703
12,2018-01-19,0.4252286952335099,bs,ZC3,0.35752580650147703
12,2018-01-29,0.44061302681992337,bs,ZC3,0.35752580650147703
12,2018-02-08,0.5098905956459278,bs,ZC3,0.35752580650147703
12,2018-02-23,0.5217657253542665,bs,ZC3,0.35752580650147703
12,2018-02-28,0.4232377843517291,bs,ZC3,0.35752580650147703
12,2018-03-05,0.45826302729528534,bs,ZC3,0.35752580650147703
12,2018-03-10,0.3926590702833518,bs,ZC3,0.35752580650147703
12,2018-03-15,0.4510500152176119,bs,ZC3,0.35752580650147703
12,2018-03-20,0.3821637137483916,bs,ZC3,0.35752580650147703
12,2018-03-25,0.42160641733513904,bs,ZC3,0.35752580650147703
12,2018-04-04,0.4883562421901624,bs,ZC3,0.35752580650147703
12,2018-04-09,0.30649874055415616,bs,ZC3,0.35752580650147703
12,2018-04-14,0.4301075268817204,bs,ZC3,0.35752580650147703
12,2018-04-19,0.3525267993874426,bs,ZC3,0.35752580650147703
12,2018-04-24,0.3569023569023569,bs,ZC3,0.35752580650147703
12,2018-04-29,0.46440838564491294,bs,ZC3,0.35752580650147703
12,2018-05-04,0.4160075925340082,bs,ZC3,0.35752580650147703
12,2018-05-09,0.49969693296157114,bs,ZC3,0.35752580650147703
12,2018-05-14,0.3339056660943339,bs,ZC3,0.35752580650147703
12,2018-05-19,0.4741620894518552,bs,ZC3,0.35752580650147703
12,2018-05-24,0.37955252332697903,bs,ZC3,0.35752580650147703
12,2018-05-29,0.3796475270039795,bs,ZC3,0.35752580650147703
12,2018-06-08,0.38999014346730915,bs,ZC3,0.35752580650147703
12,2018-06-13,0.31341939357550286,bs,ZC3,0.35752580650147703
12,2018-06-18,0.34866027125372145,bs,ZC3,0.35752580650147703
12,2018-07-03,0.2458013785069411,bs,ZC3,0.35752580650147703
12,2018-07-08,0.2767359351241764,bs,ZC3,0.35752580650147703
12,2018-07-13,0.2629331262739008,bs,ZC3,0.35752580650147703
12,2018-07-28,0.09605723854467954,bs,ZC3,0.35752580650147703
12,2018-08-07,0.2708991669060615,bs,ZC3,0.35752580650147703
12,2018-08-12,0.25100834818497325,bs,ZC3,0.35752580650147703
12,2018-08-17,0.24308466051969824,bs,ZC3,0.35752580650147703
12,2018-08-22,0.2302552204176334,bs,ZC3,0.35752580650147703
12,2018-08-27,0.24572289690630264,bs,ZC3,0.35752580650147703
12,2018-09-01,0.2682385575589459,bs,ZC3,0.35752580650147703
12,2018-09-06,0.3040021203286509,bs,ZC3,0.35752580650147703
12,2018-09-11,0.27376944772996087,bs,ZC3,0.35752580650147703
12,2018-09-16,0.2850192061459667,bs,ZC3,0.35752580650147703
12,2018-09-21,0.31539491298527444,bs,ZC3,0.35752580650147703
12,2018-10-01,0.3346163940162715,bs,ZC3,0.35752580650147703
12,2018-10-11,0.31872544740288083,bs,ZC3,0.35752580650147703
12,2018-10-16,0.3947299308412851,bs,ZC3,0.35752580650147703
12,2018-10-21,0.3140644109253975,bs,ZC3,0.35752580650147703
12,2018-10-26,0.4010808895189156,bs,ZC3,0.35752580650147703
12,2018-10-31,0.3972993374150801,bs,ZC3,0.35752580650147703
12,2018-11-10,0.40320915084597664,bs,ZC3,0.35752580650147703
12,2018-11-15,0.46129677235075695,bs,ZC3,0.35752580650147703
12,2018-11-20,0.3770378874856487,bs,ZC3,0.35752580650147703
12,2018-11-25,0.4992172391564601,bs,ZC3,0.35752580650147703
12,2018-11-30,0.3906686905808101,bs,ZC3,0.35752580650147703
12,2018-12-05,0.4903150941712041,bs,ZC3,0.35752580650147703
12,2018-12-10,0.465195246179966,bs,ZC3,0.35752580650147703
12,2018-12-15,0.4605662780444793,bs,ZC3,0.35752580650147703
12,2018-12-20,0.34368932038834954,bs,ZC3,0.35752580650147703
12,2018-12-25,0.4636527099922939,bs,ZC3,0.35752580650147703
12,2019-01-09,0.29440066362505185,bs,ZC3,0.35752580650147703
12,2019-01-29,0.555927742552937,bs,ZC3,0.35752580650147703
12,2019-02-13,0.5061066428358654,bs,ZC3,0.35752580650147703
12,2019-02-18,0.5274725274725275,bs,ZC3,0.35752580650147703
12,2019-02-23,0.4570323827936201,bs,ZC3,0.35752580650147703
12,2019-02-28,0.5127649088220798,bs,ZC3,0.35752580650147703
12,2019-03-05,0.442589928057554,bs,ZC3,0.35752580650147703
12,2019-03-10,0.4849017883318675,bs,ZC3,0.35752580650147703
12,2019-03-15,0.4472948211013599,bs,ZC3,0.35752580650147703
12,2019-03-20,0.5052077623067646,bs,ZC3,0.35752580650147703
12,2019-03-25,0.4042593830579696,bs,ZC3,0.35752580650147703
12,2019-03-30,0.4636810486073184,bs,ZC3,0.35752580650147703
12,2019-04-04,0.458801301563976,bs,ZC3,0.35752580650147703
12,2019-04-09,0.5177065767284992,bs,ZC3,0.35752580650147703
12,2019-04-14,0.39367679268641087,bs,ZC3,0.35752580650147703
12,2019-04-19,0.5037231253277399,bs,ZC3,0.35752580650147703
12,2019-04-24,0.3794442784583209,bs,ZC3,0.35752580650147703
12,2019-04-29,0.48044991965720407,bs,ZC3,0.35752580650147703
12,2019-05-04,0.3914183089020483,bs,ZC3,0.35752580650147703
12,2019-05-09,0.3368860564773102,bs,ZC3,0.35752580650147703
12,2019-05-14,0.3418542916134107,bs,ZC3,0.35752580650147703
12,2019-05-19,0.4149289815654276,bs,ZC3,0.35752580650147703
12,2019-05-24,0.34317236039872256,bs,ZC3,0.35752580650147703
12,2019-05-29,0.36072861324948496,bs,ZC3,0.35752580650147703
12,2019-06-03,0.3523742596124887,bs,ZC3,0.35752580650147703
12,2019-06-08,0.40327868852459015,bs,ZC3,0.35752580650147703
12,2019-06-18,0.3870967741935484,bs,ZC3,0.35752580650147703
12,2019-06-23,0.3635428453862771,bs,ZC3,0.35752580650147703
12,2019-06-28,0.33945133261739724,bs,ZC3,0.35752580650147703
12,2019-07-03,0.34037636183558934,bs,ZC3,0.35752580650147703
12,2019-07-08,0.3391952001655115,bs,ZC3,0.35752580650147703
12,2019-07-18,0.3291731669266771,bs,ZC3,0.35752580650147703
12,2019-07-28,0.31293586091739517,bs,ZC3,0.35752580650147703
12,2019-08-02,0.3456515136174952,bs,ZC3,0.35752580650147703
12,2019-08-07,0.34117204402219925,bs,ZC3,0.35752580650147703
12,2019-08-12,0.29090060662622497,bs,ZC3,0.35752580650147703
12,2019-08-17,0.34433650853532016,bs,ZC3,0.35752580650147703
12,2019-08-22,0.2789197557409478,bs,ZC3,0.35752580650147703
12,2019-08-27,0.29126735333631887,bs,ZC3,0.35752580650147703
12,2019-09-01,0.35695514272768464,bs,ZC3,0.35752580650147703
12,2019-09-06,0.3723791711782656,bs,ZC3,0.35752580650147703
12,2019-09-11,0.3266562528714509,bs,ZC3,0.35752580650147703
12,2019-09-16,0.3633406677508849,bs,ZC3,0.35752580650147703
12,2019-09-21,0.3628206378620892,bs,ZC3,0.35752580650147703
12,2019-09-26,0.3528275862068965,bs,ZC3,0.35752580650147703
12,2019-10-06,0.3312999013187405,bs,ZC3,0.35752580650147703
12,2019-10-11,0.35000433388229174,bs,ZC3,0.35752580650147703
12,2019-10-16,0.42339496422930406,bs,ZC3,0.35752580650147703
12,2019-10-21,0.38173539084239816,bs,ZC3,0.35752580650147703
12,2019-10-26,0.3908313908313909,bs,ZC3,0.35752580650147703
12,2019-11-05,0.4522856899633949,bs,ZC3,0.35752580650147703
12,2019-11-10,0.4349168861840312,bs,ZC3,0.35752580650147703
12,2019-11-15,0.4282809455223249,bs,ZC3,0.35752580650147703
12,2019-11-20,0.47108073472874834,bs,ZC3,0.35752580650147703
12,2019-11-25,0.4966641957005189,bs,ZC3,0.35752580650147703
12,2019-11-30,0.47060807961541706,bs,ZC3,0.35752580650147703
12,2019-12-10,0.5047627526039348,bs,ZC3,0.35752580650147703
12,2019-12-15,0.5508435082486718,bs,ZC3,0.35752580650147703
12,2019-12-20,0.5118531735916391,bs,ZC3,0.35752580650147703
12,2019-12-25,0.45948592411260714,bs,ZC3,0.35752580650147703
12,2019-12-30,0.4378703162813986,bs,ZC3,0.35752580650147703
12,2020-01-04,0.4269221321542619,bs,ZC3,0.35752580650147703
12,2020-01-09,0.4753944562899787,bs,ZC3,0.35752580650147703
12,2020-01-14,0.4942728855493448,bs,ZC3,0.35752580650147703
12,2020-01-24,0.5144964655260732,bs,ZC3,0.35752580650147703
12,2020-01-29,0.5372826407309166,bs,ZC3,0.35752580650147703
12,2020-02-03,0.5039120530850748,bs,ZC3,0.35752580650147703
12,2020-02-13,0.48373246827592786,bs,ZC3,0.35752580650147703
12,2020-02-18,0.5026696437239102,bs,ZC3,0.35752580650147703
12,2020-02-23,0.5496866606982991,bs,ZC3,0.35752580650147703
12,2020-02-28,0.5009174311926605,bs,ZC3,0.35752580650147703
12,2020-03-04,0.4635724331926864,bs,ZC3,0.35752580650147703
12,2020-03-14,0.4290600062182609,bs,ZC3,0.35752580650147703
12,2020-03-19,0.5057382582698429,bs,ZC3,0.35752580650147703
12,2020-03-24,0.4801093228059521,bs,ZC3,0.35752580650147703
12,2020-03-29,0.4603282509468777,bs,ZC3,0.35752580650147703
12,2020-04-13,0.455612398435149,bs,ZC3,0.35752580650147703
12,2020-04-18,0.4960425024395533,bs,ZC3,0.35752580650147703
12,2020-04-23,0.45405236257431936,bs,ZC3,0.35752580650147703
12,2020-04-28,0.4366314909622819,bs,ZC3,0.35752580650147703
12,2020-05-08,0.4605101927147154,bs,ZC3,0.35752580650147703
12,2020-05-13,0.4066828804060485,bs,ZC3,0.35752580650147703
12,2020-05-18,0.3860326894502229,bs,ZC3,0.35752580650147703
12,2020-05-23,0.4098533600590779,bs,ZC3,0.35752580650147703
12,2020-05-28,0.34644326276713155,bs,ZC3,0.35752580650147703
12,2020-06-02,0.381735060411451,bs,ZC3,0.35752580650147703
12,2020-06-12,0.1346743529988961,bs,ZC3,0.35752580650147703
12,2020-06-22,0.14794904756339838,bs,ZC3,0.35752580650147703
12,2020-06-27,0.1344443193334084,bs,ZC3,0.35752580650147703
12,2020-07-02,0.17144848414449992,bs,ZC3,0.35752580650147703
12,2020-07-07,0.16193274567417565,bs,ZC3,0.35752580650147703
12,2020-07-12,0.18975801913337084,bs,ZC3,0.35752580650147703
12,2020-07-17,0.17150543661024548,bs,ZC3,0.35752580650147703
12,2020-07-27,0.1477627471383975,bs,ZC3,0.35752580650147703
12,2020-08-01,0.1984301050444419,bs,ZC3,0.35752580650147703
12,2020-08-06,0.14429123000551572,bs,ZC3,0.35752580650147703
12,2020-08-11,0.18015831134564644,bs,ZC3,0.35752580650147703
12,2020-08-16,0.16303307455067534,bs,ZC3,0.35752580650147703
12,2020-08-21,0.1450468058841683,bs,ZC3,0.35752580650147703
12,2020-09-05,0.1775448089279675,bs,ZC3,0.35752580650147703
12,2020-09-10,0.21328627253245935,bs,ZC3,0.35752580650147703
12,2020-09-15,0.1897661809556083,bs,ZC3,0.35752580650147703
12,2020-09-20,0.22955935588565723,bs,ZC3,0.35752580650147703
12,2020-09-25,0.2024050228796425,bs,ZC3,0.35752580650147703
12,2020-09-30,0.25793018983466015,bs,ZC3,0.35752580650147703
12,2020-10-05,0.23260893305667796,bs,ZC3,0.35752580650147703
12,2020-10-10,0.22010779892201077,bs,ZC3,0.35752580650147703
12,2020-10-15,0.2076351016360932,bs,ZC3,0.35752580650147703
12,2020-10-20,0.20341536916122552,bs,ZC3,0.35752580650147703
12,2020-10-25,0.21013585123807688,bs,ZC3,0.35752580650147703
12,2020-10-30,0.32060828526481383,bs,ZC3,0.35752580650147703
12,2020-11-09,0.3366763614481998,bs,ZC3,0.35752580650147703
12,2020-11-14,0.3257614342467149,bs,ZC3,0.35752580650147703
12,2020-11-19,0.2943225684963751,bs,ZC3,0.35752580650147703
12,2020-11-29,0.27234597818995243,bs,ZC3,0.35752580650147703
12,2020-12-04,0.3347601906800272,bs,ZC3,0.35752580650147703
12,2020-12-09,0.3445033510053016,bs,ZC3,0.35752580650147703
12,2020-12-24,0.365768896611642,bs,ZC3,0.35752580650147703
12,2020-12-29,0.3034887019003498,bs,ZC3,0.35752580650147703
12,2021-01-08,0.29276930644367927,bs,ZC3,0.35752580650147703
12,2021-01-13,0.34920137801440654,bs,ZC3,0.35752580650147703
12,2021-01-18,0.37752288518804455,bs,ZC3,0.35752580650147703
12,2021-01-28,0.4182484182484183,bs,ZC3,0.35752580650147703
12,2021-02-07,0.3700904736562001,bs,ZC3,0.35752580650147703
12,2021-02-12,0.3824133088473588,bs,ZC3,0.35752580650147703
12,2021-02-17,0.3947967479674797,bs,ZC3,0.35752580650147703
12,2021-02-22,0.361238166152537,bs,ZC3,0.35752580650147703
12,2021-02-27,0.3205282112845138,bs,ZC3,0.35752580650147703
12,2021-03-04,0.3402725614336302,bs,ZC3,0.35752580650147703
12,2021-03-09,0.3196072220462464,bs,ZC3,0.35752580650147703
12,2021-03-14,0.3420909190014172,bs,ZC3,0.35752580650147703
12,2021-03-24,0.32874119255442213,bs,ZC3,0.35752580650147703
12,2021-03-29,0.3500055450815127,bs,ZC3,0.35752580650147703
12,2021-04-03,0.3309654504359057,bs,ZC3,0.35752580650147703
12,2021-04-08,0.34676461056497787,bs,ZC3,0.35752580650147703
12,2021-04-13,0.27485084437253515,bs,ZC3,0.35752580650147703
12,2021-04-18,0.3310499839451996,bs,ZC3,0.35752580650147703
12,2021-04-23,0.27662216702887304,bs,ZC3,0.35752580650147703
12,2021-04-28,0.32821696480092327,bs,ZC3,0.35752580650147703
12,2021-05-03,0.27786598920292155,bs,ZC3,0.35752580650147703
12,2021-05-08,0.29968961949649386,bs,ZC3,0.35752580650147703
12,2021-05-18,0.2842177967077242,bs,ZC3,0.35752580650147703
12,2021-05-23,0.2704282342362594,bs,ZC3,0.35752580650147703
12,2021-06-02,0.2294500971761747,bs,ZC3,0.35752580650147703
12,2021-06-07,0.26325778720553755,bs,ZC3,0.35752580650147703
12,2021-06-12,0.21682502402049747,bs,ZC3,0.35752580650147703
12,2021-06-17,0.19913419913419916,bs,ZC3,0.35752580650147703
12,2021-07-02,0.17111088232266036,bs,ZC3,0.35752580650147703
12,2021-07-07,0.1929080946965781,bs,ZC3,0.35752580650147703
12,2021-07-22,0.1955180253329003,bs,ZC3,0.35752580650147703
12,2021-07-27,0.251398352486525,bs,ZC3,0.35752580650147703
12,2021-08-06,0.18880273889839896,bs,ZC3,0.35752580650147703
12,2021-08-16,0.16026807084729536,bs,ZC3,0.35752580650147703
12,2021-08-21,0.20149045179319983,bs,ZC3,0.35752580650147703
12,2021-08-26,0.2979549029889879,bs,ZC3,0.35752580650147703
12,2021-08-31,0.28918011480558864,bs,ZC3,0.35752580650147703
12,2021-09-05,0.2806484295845998,bs,ZC3,0.35752580650147703
12,2021-09-10,0.2413102273865571,bs,ZC3,0.35752580650147703
12,2021-09-15,0.24997266265718973,bs,ZC3,0.35752580650147703
12,2021-09-25,0.3101416313449809,bs,ZC3,0.35752580650147703
12,2021-09-30,0.28205386865731863,bs,ZC3,0.35752580650147703
12,2021-10-05,0.3665498247371056,bs,ZC3,0.35752580650147703
12,2021-10-10,0.34978647333399543,bs,ZC3,0.35752580650147703
12,2021-10-15,0.39278131634819535,bs,ZC3,0.35752580650147703
12,2021-10-20,0.32069478908188587,bs,ZC3,0.35752580650147703
12,2021-10-25,0.36762481089258703,bs,ZC3,0.35752580650147703
12,2021-10-30,0.34986309704898083,bs,ZC3,0.35752580650147703
12,2021-11-04,0.403740480092548,bs,ZC3,0.35752580650147703
12,2021-11-09,0.3854764917745547,bs,ZC3,0.35752580650147703
12,2021-11-14,0.4100064379656029,bs,ZC3,0.35752580650147703
12,2021-11-19,0.3887268278912205,bs,ZC3,0.35752580650147703
12,2021-11-24,0.3767180925666199,bs,ZC3,0.35752580650147703
12,2021-11-29,0.3926261943827816,bs,ZC3,0.35752580650147703
12,2021-12-04,0.3697153909919867,bs,ZC3,0.35752580650147703
12,2021-12-09,0.4106530892000392,bs,ZC3,0.35752580650147703
12,2021-12-14,0.46310355299119343,bs,ZC3,0.35752580650147703
12,2021-12-29,0.49241552463646826,bs,ZC3,0.35752580650147703
12,2022-01-03,0.5174599979873201,bs,ZC3,0.35752580650147703
12,2022-01-08,0.4031980568768343,bs,ZC3,0.35752580650147703
12,2022-01-18,0.4926596107886651,bs,ZC3,0.35752580650147703
12,2022-01-28,0.38415965076395386,bs,ZC3,0.35752580650147703
12,2022-02-02,0.47392996108949415,bs,ZC3,0.35752580650147703
12,2022-02-07,0.488642311315817,bs,ZC3,0.35752580650147703
12,2022-02-12,0.5056109071840587,bs,ZC3,0.35752580650147703
12,2022-02-17,0.43590827433160734,bs,ZC3,0.35752580650147703
12,2022-02-22,0.47209426888055706,bs,ZC3,0.35752580650147703
12,2022-02-27,0.430525334162263,bs,ZC3,0.35752580650147703
12,2022-03-04,0.4232951504121615,bs,ZC3,0.35752580650147703
12,2022-03-09,0.4453554860286978,bs,ZC3,0.35752580650147703
12,2022-03-14,0.4442250740375123,bs,ZC3,0.35752580650147703
12,2022-03-19,0.45331894225580144,bs,ZC3,0.35752580650147703
12,2022-03-24,0.498648210230345,bs,ZC3,0.35752580650147703
12,2022-03-29,0.4523224773091298,bs,ZC3,0.35752580650147703
12,2022-04-03,0.41721396474248185,bs,ZC3,0.35752580650147703
12,2022-04-08,0.45450330358177815,bs,ZC3,0.35752580650147703
12,2022-04-13,0.430789560621077,bs,ZC3,0.35752580650147703
12,2022-04-18,0.3893473368342085,bs,ZC3,0.35752580650147703
12,2022-04-23,0.3870853500177075,bs,ZC3,0.35752580650147703
12,2022-04-28,0.4204767937348843,bs,ZC3,0.35752580650147703
12,2022-05-03,0.4020290197003656,bs,ZC3,0.35752580650147703
12,2022-05-08,0.3669981007708636,bs,ZC3,0.35752580650147703
12,2022-05-13,0.33584320673236634,bs,ZC3,0.35752580650147703
12,2022-05-18,0.3530609935498472,bs,ZC3,0.35752580650147703
12,2022-05-23,0.3538281706604325,bs,ZC3,0.35752580650147703
12,2022-05-28,0.3374099897131101,bs,ZC3,0.35752580650147703
12,2022-06-02,0.3139180494412462,bs,ZC3,0.35752580650147703
12,2022-06-07,0.35496330629586714,bs,ZC3,0.35752580650147703
12,2022-06-12,0.302396348421453,bs,ZC3,0.35752580650147703
12,2022-06-17,0.32182402666984167,bs,ZC3,0.35752580650147703
12,2022-06-22,0.3117720230690942,bs,ZC3,0.35752580650147703
12,2022-07-02,0.2743761679674618,bs,ZC3,0.35752580650147703
12,2022-07-07,0.2755066589461494,bs,ZC3,0.35752580650147703
12,2022-07-12,0.341034103410341,bs,ZC3,0.35752580650147703
12,2022-07-17,0.24923702950152593,bs,ZC3,0.35752580650147703
12,2022-08-01,0.33869276476756377,bs,ZC3,0.35752580650147703
12,2022-08-06,0.32213085448695034,bs,ZC3,0.35752580650147703
12,2022-08-11,0.31164839668066796,bs,ZC3,0.35752580650147703
12,2022-08-16,0.29970712658639764,bs,ZC3,0.35752580650147703
12,2022-08-21,0.29622700342999686,bs,ZC3,0.35752580650147703
12,2022-08-26,0.2810290048170544,bs,ZC3,0.35752580650147703
12,2022-08-31,0.3066871637202152,bs,ZC3,0.35752580650147703
12,2022-09-05,0.30848247379010907,bs,ZC3,0.35752580650147703
12,2022-09-10,0.329030193107863,bs,ZC3,0.35752580650147703
12,2022-09-15,0.2335490293678447,bs,ZC3,0.35752580650147703
12,2022-09-20,0.31514581373471307,bs,ZC3,0.35752580650147703
12,2022-09-25,0.28530176147848685,bs,ZC3,0.35752580650147703
12,2022-09-30,0.35835196422868093,bs,ZC3,0.35752580650147703
12,2022-10-05,0.26566247721385394,bs,ZC3,0.35752580650147703
12,2022-10-10,0.314879236656396,bs,ZC3,0.35752580650147703
12,2022-10-15,0.3129066718461688,bs,ZC3,0.35752580650147703
12,2022-10-20,0.3200192030724916,bs,ZC3,0.35752580650147703
12,2022-10-25,0.39926278009506255,bs,ZC3,0.35752580650147703
12,2022-10-30,0.35883460509364784,bs,ZC3,0.35752580650147703
12,2022-11-04,0.35146443514644354,bs,ZC3,0.35752580650147703
12,2022-11-14,0.3852436700245031,bs,ZC3,0.35752580650147703
12,2022-11-19,0.36119261713203976,bs,ZC3,0.35752580650147703
12,2022-11-24,0.41912388130004713,bs,ZC3,0.35752580650147703
12,2022-11-29,0.426921938221652,bs,ZC3,0.35752580650147703
12,2022-12-04,0.3856639884445247,bs,ZC3,0.35752580650147703
12,2022-12-09,0.39537843924410065,bs,ZC3,0.35752580650147703
12,2022-12-14,0.5033602916049664,bs,ZC3,0.35752580650147703
12,2022-12-19,0.4434756762112355,bs,ZC3,0.35752580650147703
12,2022-12-24,0.5205047318611987,bs,ZC3,0.35752580650147703
12,2022-12-29,0.48460403344810626,bs,ZC3,0.35752580650147703
12,2023-01-03,0.4720484152220741,bs,ZC3,0.35752580650147703
12,2023-01-08,0.4948579574381427,bs,ZC3,0.35752580650147703
12,2023-01-13,0.4941423851006308,bs,ZC3,0.35752580650147703
12,2023-01-18,0.4930712213986465,bs,ZC3,0.35752580650147703
12,2023-01-23,0.4427480916030534,bs,ZC3,0.35752580650147703
12,2023-01-28,0.4873298661060086,bs,ZC3,0.35752580650147703
12,2023-02-02,0.477124928693668,bs,ZC3,0.35752580650147703
12,2023-02-12,0.46344605475040257,bs,ZC3,0.35752580650147703
12,2023-02-17,0.4682099771763939,bs,ZC3,0.35752580650147703
12,2023-02-22,0.49063089034261,bs,ZC3,0.35752580650147703
12,2023-02-27,0.4580201164637374,bs,ZC3,0.35752580650147703
12,2023-03-04,0.44965013690295097,bs,ZC3,0.35752580650147703
12,2023-03-09,0.45682741381106134,bs,ZC3,0.35752580650147703
12,2023-03-19,0.5100378570609154,bs,ZC3,0.35752580650147703
12,2023-03-24,0.4427635497319833,bs,ZC3,0.35752580650147703
12,2023-03-29,0.4386908240794857,bs,ZC3,0.35752580650147703
12,2023-04-03,0.4431857993693799,bs,ZC3,0.35752580650147703
12,2023-04-08,0.4464096215068978,bs,ZC3,0.35752580650147703
12,2023-04-13,0.41653264715342553,bs,ZC3,0.35752580650147703
12,2023-04-23,0.43355765940458535,bs,ZC3,0.35752580650147703
12,2023-04-28,0.4317380925315448,bs,ZC3,0.35752580650147703
12,2023-05-08,0.3878146661802262,bs,ZC3,0.35752580650147703
12,2023-05-13,0.3600266933600267,bs,ZC3,0.35752580650147703
12,2023-05-18,0.3789826718837339,bs,ZC3,0.35752580650147703
12,2023-05-23,0.3518373729476153,bs,ZC3,0.35752580650147703
12,2023-05-28,0.31520093185789166,bs,ZC3,0.35752580650147703
12,2023-06-02,0.3548005208949923,bs,ZC3,0.35752580650147703
12,2023-06-07,0.33826117564237945,bs,ZC3,0.35752580650147703
12,2023-06-12,0.3784793348596216,bs,ZC3,0.35752580650147703
12,2023-06-17,0.3638320775026911,bs,ZC3,0.35752580650147703
12,2023-06-22,0.28641285365001745,bs,ZC3,0.35752580650147703
12,2023-06-27,0.3390680186852,bs,ZC3,0.35752580650147703
12,2023-07-02,0.31593312862504264,bs,ZC3,0.35752580650147703
12,2023-07-07,0.3846915209501815,bs,ZC3,0.35752580650147703
12,2023-07-12,0.24651110863012168,bs,ZC3,0.35752580650147703
12,2023-07-17,0.3575909661229611,bs,ZC3,0.35752580650147703
12,2023-07-22,0.25640436530729466,bs,ZC3,0.35752580650147703
12,2023-07-27,0.3296140270978026,bs,ZC3,0.35752580650147703
12,2023-08-01,0.31165217391304345,bs,ZC3,0.35752580650147703
12,2023-08-06,0.326218540936604,bs,ZC3,0.35752580650147703
12,2023-08-16,0.32047858134814655,bs,ZC3,0.35752580650147703
12,2023-08-21,0.30062084740224376,bs,ZC3,0.35752580650147703
12,2023-08-26,0.2326289926289926,bs,ZC3,0.35752580650147703
12,2023-08-31,0.29089402258365277,bs,ZC3,0.35752580650147703
12,2023-09-05,0.276595744680851,bs,ZC3,0.35752580650147703
12,2023-09-10,0.25218643893404674,bs,ZC3,0.35752580650147703
12,2023-09-15,0.3114968883065837,bs,ZC3,0.35752580650147703
12,2023-09-20,0.24369747899159663,bs,ZC3,0.35752580650147703
12,2023-09-25,0.26807074941212555,bs,ZC3,0.35752580650147703
12,2023-09-30,0.32313789249060054,bs,ZC3,0.35752580650147703
12,2023-10-05,0.28166546428939504,bs,ZC3,0.35752580650147703
12,2023-10-10,0.3433472235681752,bs,ZC3,0.35752580650147703
12,2023-10-15,0.25486893357195495,bs,ZC3,0.35752580650147703
12,2023-10-20,0.3917836615471592,bs,ZC3,0.35752580650147703
12,2023-10-25,0.3608135992925224,bs,ZC3,0.35752580650147703
12,2023-10-30,0.3760119940029985,bs,ZC3,0.35752580650147703
12,2023-11-04,0.34268948655256726,bs,ZC3,0.35752580650147703
12,2023-11-14,0.33962845119573026,bs,ZC3,0.35752580650147703
12,2023-11-19,0.3782122342033659,bs,ZC3,0.35752580650147703
12,2023-11-24,0.42779628748215137,bs,ZC3,0.35752580650147703
12,2023-11-29,0.3982055314032004,bs,ZC3,0.35752580650147703
12,2023-12-04,0.40993288590604027,bs,ZC3,0.35752580650147703
12,2023-12-09,0.39650090329942,bs,ZC3,0.35752580650147703
12,2023-12-24,0.4122030740568235,bs,ZC3,0.35752580650147703
12,2024-01-03,0.3847868487043745,bs,ZC3,0.35752580650147703
12,2024-01-08,0.4194973764153549,bs,ZC3,0.35752580650147703
12,2024-01-13,0.38291287630122856,bs,ZC3,0.35752580650147703
12,2024-01-18,0.40578715056400194,bs,ZC3,0.35752580650147703
12,2024-01-23,0.3936522974893415,bs,ZC3,0.35752580650147703
12,2024-01-28,0.4893590847582729,bs,ZC3,0.35752580650147703
12,2024-02-02,0.37147381965752746,bs,ZC3,0.35752580650147703
12,2024-02-17,0.3953955011088816,bs,ZC3,0.35752580650147703
12,2024-02-22,0.470512407347728,bs,ZC3,0.35752580650147703
12,2024-03-03,0.43255674432556745,bs,ZC3,0.35752580650147703
12,2024-03-08,0.3950752666733127,bs,ZC3,0.35752580650147703
12,2024-03-13,0.3938029938239297,bs,ZC3,0.35752580650147703
12,2024-03-18,0.3668754492247664,bs,ZC3,0.35752580650147703
12,2024-03-23,0.3859757989450822,bs,ZC3,0.35752580650147703
12,2024-04-02,0.4055105348460292,bs,ZC3,0.35752580650147703
12,2024-04-07,0.40776045755298873,bs,ZC3,0.35752580650147703
12,2024-04-12,0.38503174768398046,bs,ZC3,0.35752580650147703
12,2024-04-17,0.3522714951751057,bs,ZC3,0.35752580650147703
12,2024-04-22,0.31007262393432267,bs,ZC3,0.35752580650147703
12,2024-04-27,0.31711574124577285,bs,ZC3,0.35752580650147703
12,2024-05-02,0.36461979000954503,bs,ZC3,0.35752580650147703
12,2024-05-22,0.26803897952480016,bs,ZC3,0.35752580650147703
12,2024-05-27,0.29173928197978394,bs,ZC3,0.35752580650147703
12,2024-06-01,0.3059004504999451,bs,ZC3,0.35752580650147703
12,2024-06-06,0.2495248742314142,bs,ZC3,0.35752580650147703
12,2024-06-11,0.2836676217765043,bs,ZC3,0.35752580650147703
12,2024-06-16,0.26327123936685687,bs,ZC3,0.35752580650147703
12,2024-06-21,0.2504762972094587,bs,ZC3,0.35752580650147703
12,2024-07-01,0.2964587903478534,bs,ZC3,0.35752580650147703
12,2024-07-06,0.2539869420956866,bs,ZC3,0.35752580650147703
12,2024-07-11,0.17707018736045044,bs,ZC3,0.35752580650147703
12,2024-07-16,0.2634943926213185,bs,ZC3,0.35752580650147703
12,2024-07-26,0.27197346600331673,bs,ZC3,0.35752580650147703
12,2024-07-31,0.2229707344008835,bs,ZC3,0.35752580650147703
12,2024-08-05,0.18974467634283293,bs,ZC3,0.35752580650147703
12,2024-08-10,0.28813390455315335,bs,ZC3,0.35752580650147703
12,2024-08-15,0.21737327666632117,bs,ZC3,0.35752580650147703
12,2024-08-20,0.2368823229750382,bs,ZC3,0.35752580650147703
12,2024-08-25,0.20369048832704656,bs,ZC3,0.35752580650147703
12,2024-08-30,0.27315495442516907,bs,ZC3,0.35752580650147703
12,2024-09-04,0.24784963364128704,bs,ZC3,0.35752580650147703
12,2024-09-09,0.2674244690397846,bs,ZC3,0.35752580650147703
12,2024-09-14,0.19847997661502487,bs,ZC3,0.35752580650147703
12,2024-09-19,0.2206009407698954,bs,ZC3,0.35752580650147703
12,2024-09-24,0.21924978191334688,bs,ZC3,0.35752580650147703
12,2024-09-29,0.2595125710432521,bs,ZC3,0.35752580650147703
12,2024-10-04,0.19372121439984963,bs,ZC3,0.35752580650147703
12,2024-10-14,0.2251556662515567,bs,ZC3,0.35752580650147703
12,2024-10-19,0.26708463949843264,bs,ZC3,0.35752580650147703
12,2024-10-24,0.24949074484102385,bs,ZC3,0.35752580650147703
12,2024-10-29,0.2624688854061031,bs,ZC3,0.35752580650147703
12,2024-11-03,0.25042180978598705,bs,ZC3,0.35752580650147703
12,2024-11-08,0.2362970972303086,bs,ZC3,0.35752580650147703
12,2024-11-13,0.2318828521507613,bs,ZC3,0.35752580650147703
12,2024-11-18,0.24050732012839585,bs,ZC3,0.35752580650147703
12,2024-11-23,0.20675332666717944,bs,ZC3,0.35752580650147703
12,2024-11-28,0.22624716995862287,bs,ZC3,0.35752580650147703
12,2024-12-03,0.25824545658514697,bs,ZC3,0.35752580650147703
12,2024-12-23,0.25175370226032734,bs,ZC3,0.35752580650147703
12,2025-01-17,0.2621975095935469,bs,ZC3,0.35752580650147703
12,2025-01-22,0.2383124287343215,bs,ZC3,0.35752580650147703
12,2025-01-27,0.25615505500261915,bs,ZC3,0.35752580650147703
12,2025-02-01,0.24897288414133115,bs,ZC3,0.35752580650147703
12,2025-02-06,0.23193121078317452,bs,ZC3,0.35752580650147703
12,2025-02-11,0.25827984595635434,bs,ZC3,0.35752580650147703
12,2025-02-16,0.2448390677025527,bs,ZC3,0.35752580650147703
12,2025-02-21,0.22066019417475727,bs,ZC3,0.35752580650147703
12,2025-02-26,0.22330558858501787,bs,ZC3,0.35752580650147703
12,2025-03-03,0.24559662614735792,bs,ZC3,0.35752580650147703
12,2025-03-08,0.26081622638423163,bs,ZC3,0.35752580650147703
12,2025-03-13,0.25002252455176144,bs,ZC3,0.35752580650147703
12,2025-03-18,0.2628693790149893,bs,ZC3,0.35752580650147703
12,2025-03-20,0.28639013263495816,bs,ZC3,0.35752580650147703
12,2025-03-23,0.26151272343048343,bs,ZC3,0.35752580650147703
12,2025-03-28,0.24585987261146497,bs,ZC3,0.35752580650147703
14,2016-07-23,0.20615384615384613,bs,ZC3,0.2753588421709659
14,2016-08-12,0.2028056997680327,bs,ZC3,0.2753588421709659
14,2016-09-01,0.23744091458722655,bs,ZC3,0.2753588421709659
14,2016-09-21,0.21911372130272289,bs,ZC3,0.2753588421709659
14,2016-10-11,0.21920858212731503,bs,ZC3,0.2753588421709659
14,2016-10-31,0.24809119260135495,bs,ZC3,0.2753588421709659
14,2016-11-10,0.25278965481280635,bs,ZC3,0.2753588421709659
14,2016-11-30,0.2775464265616207,bs,ZC3,0.2753588421709659
14,2016-12-10,0.2963920858657701,bs,ZC3,0.2753588421709659
14,2016-12-20,0.2654979406484317,bs,ZC3,0.2753588421709659
14,2017-01-19,0.3733003708281829,bs,ZC3,0.2753588421709659
14,2017-01-29,0.4554260632662328,bs,ZC3,0.2753588421709659
14,2017-02-18,0.31731857627971327,bs,ZC3,0.2753588421709659
14,2017-02-28,0.3286107831562377,bs,ZC3,0.2753588421709659
14,2017-03-20,0.36675267231846664,bs,ZC3,0.2753588421709659
14,2017-04-09,0.3041798384264138,bs,ZC3,0.2753588421709659
14,2017-05-19,0.24972294052456595,bs,ZC3,0.2753588421709659
14,2017-06-28,0.22593624264933457,bs,ZC3,0.2753588421709659
14,2017-07-13,0.21219438575309385,bs,ZC3,0.2753588421709659
14,2017-07-18,0.21940601721969624,bs,ZC3,0.2753588421709659
14,2017-08-02,0.2285601500049344,bs,ZC3,0.2753588421709659
14,2017-08-07,0.3003357411740767,bs,ZC3,0.2753588421709659
14,2017-08-22,0.11693723413490754,bs,ZC3,0.2753588421709659
14,2017-08-27,0.19516144394704257,bs,ZC3,0.2753588421709659
14,2017-09-11,0.15711436746726784,bs,ZC3,0.2753588421709659
14,2017-09-16,0.2777068813193285,bs,ZC3,0.2753588421709659
14,2017-10-01,0.30982885085574574,bs,ZC3,0.2753588421709659
14,2017-10-06,0.24829419583517945,bs,ZC3,0.2753588421709659
14,2017-10-21,0.25759132953377556,bs,ZC3,0.2753588421709659
14,2017-10-26,0.32811196589118546,bs,ZC3,0.2753588421709659
14,2017-11-10,0.37427554651753936,bs,ZC3,0.2753588421709659
14,2017-11-15,0.3068887888338586,bs,ZC3,0.2753588421709659
14,2017-11-20,0.2836082189256427,bs,ZC3,0.2753588421709659
14,2017-11-30,0.24901583047156375,bs,ZC3,0.2753588421709659
14,2017-12-05,0.338579253977915,bs,ZC3,0.2753588421709659
14,2017-12-10,0.27199063653551814,bs,ZC3,0.2753588421709659
14,2017-12-20,0.27886524822695036,bs,ZC3,0.2753588421709659
14,2017-12-25,0.37774953563398184,bs,ZC3,0.2753588421709659
14,2017-12-30,0.32903225806451614,bs,ZC3,0.2753588421709659
14,2018-01-14,0.376005561624789,bs,ZC3,0.2753588421709659
14,2018-01-19,0.3923145665773011,bs,ZC3,0.2753588421709659
14,2018-01-29,0.3375836786738923,bs,ZC3,0.2753588421709659
14,2018-02-08,0.39047742269375085,bs,ZC3,0.2753588421709659
14,2018-02-23,0.42254980997351144,bs,ZC3,0.2753588421709659
14,2018-02-28,0.2314443601690324,bs,ZC3,0.2753588421709659
14,2018-03-05,0.2485133020344288,bs,ZC3,0.2753588421709659
14,2018-03-10,0.21035007610350076,bs,ZC3,0.2753588421709659
14,2018-03-15,0.3743178170144462,bs,ZC3,0.2753588421709659
14,2018-03-20,0.2312186122783643,bs,ZC3,0.2753588421709659
14,2018-03-25,0.279983240808631,bs,ZC3,0.2753588421709659
14,2018-04-04,0.31554160125588693,bs,ZC3,0.2753588421709659
14,2018-04-09,0.14579205339451456,bs,ZC3,0.2753588421709659
14,2018-04-14,0.29547110879750127,bs,ZC3,0.2753588421709659
14,2018-04-19,0.15585209330752775,bs,ZC3,0.2753588421709659
14,2018-04-24,0.23943799395062937,bs,ZC3,0.2753588421709659
14,2018-04-29,0.3296323452393422,bs,ZC3,0.2753588421709659
14,2018-05-04,0.314725697786333,bs,ZC3,0.2753588421709659
14,2018-05-09,0.4399046277229869,bs,ZC3,0.2753588421709659
14,2018-05-14,0.21937441154932524,bs,ZC3,0.2753588421709659
14,2018-05-19,0.3730989105813828,bs,ZC3,0.2753588421709659
14,2018-05-24,0.25539906103286386,bs,ZC3,0.2753588421709659
14,2018-05-29,0.31747278644372123,bs,ZC3,0.2753588421709659
14,2018-06-08,0.2914900554287578,bs,ZC3,0.2753588421709659
14,2018-06-13,0.17785338694710795,bs,ZC3,0.2753588421709659
14,2018-06-18,0.294037227889368,bs,ZC3,0.2753588421709659
14,2018-07-03,0.1649620253164557,bs,ZC3,0.2753588421709659
14,2018-07-08,0.255580006287331,bs,ZC3,0.2753588421709659
14,2018-07-13,0.19858514401212732,bs,ZC3,0.2753588421709659
14,2018-07-28,0.087940386828119,bs,ZC3,0.2753588421709659
14,2018-08-07,0.3287366076164209,bs,ZC3,0.2753588421709659
14,2018-08-12,0.16886157448053848,bs,ZC3,0.2753588421709659
14,2018-08-17,0.213924928196494,bs,ZC3,0.2753588421709659
14,2018-08-22,0.12167121483014962,bs,ZC3,0.2753588421709659
14,2018-08-27,0.1838756677999029,bs,ZC3,0.2753588421709659
14,2018-09-01,0.21739967279376385,bs,ZC3,0.2753588421709659
14,2018-09-06,0.19343595701423175,bs,ZC3,0.2753588421709659
14,2018-09-11,0.16391498677369334,bs,ZC3,0.2753588421709659
14,2018-09-16,0.26520488143665044,bs,ZC3,0.2753588421709659
14,2018-09-21,0.26428770560356846,bs,ZC3,0.2753588421709659
14,2018-10-01,0.2125772641762967,bs,ZC3,0.2753588421709659
14,2018-10-11,0.20558172606879388,bs,ZC3,0.2753588421709659
14,2018-10-21,0.16917778734395178,bs,ZC3,0.2753588421709659
14,2018-10-26,0.33778684344722076,bs,ZC3,0.2753588421709659
14,2018-10-31,0.2702800688842563,bs,ZC3,0.2753588421709659
14,2018-11-10,0.2717880794701987,bs,ZC3,0.2753588421709659
14,2018-11-15,0.5445848992142125,bs,ZC3,0.2753588421709659
14,2018-11-20,0.2707992068281748,bs,ZC3,0.2753588421709659
14,2018-11-25,0.4840887174541948,bs,ZC3,0.2753588421709659
14,2018-11-30,0.3066147859922179,bs,ZC3,0.2753588421709659
14,2018-12-05,0.4159804818542238,bs,ZC3,0.2753588421709659
14,2018-12-10,0.45610339875538536,bs,ZC3,0.2753588421709659
14,2018-12-15,0.38065993546372434,bs,ZC3,0.2753588421709659
14,2018-12-20,0.2471882029492627,bs,ZC3,0.2753588421709659
14,2018-12-25,0.31541992978665945,bs,ZC3,0.2753588421709659
14,2019-01-09,0.16378196848359597,bs,ZC3,0.2753588421709659
14,2019-01-29,0.5943790353209267,bs,ZC3,0.2753588421709659
14,2019-02-13,0.5159280592453274,bs,ZC3,0.2753588421709659
14,2019-02-18,0.5562331417849186,bs,ZC3,0.2753588421709659
14,2019-02-23,0.42222705997605314,bs,ZC3,0.2753588421709659
14,2019-02-28,0.5098174302445746,bs,ZC3,0.2753588421709659
14,2019-03-05,0.3710179126890486,bs,ZC3,0.2753588421709659
14,2019-03-10,0.4002822711974813,bs,ZC3,0.2753588421709659
14,2019-03-15,0.3537393499526664,bs,ZC3,0.2753588421709659
14,2019-03-20,0.44713584288052377,bs,ZC3,0.2753588421709659
14,2019-03-25,0.3042341871406168,bs,ZC3,0.2753588421709659
14,2019-03-30,0.3842987961724458,bs,ZC3,0.2753588421709659
14,2019-04-04,0.31032357473035443,bs,ZC3,0.2753588421709659
14,2019-04-09,0.43720418271876726,bs,ZC3,0.2753588421709659
14,2019-04-14,0.3268373587643827,bs,ZC3,0.2753588421709659
14,2019-04-19,0.44874715261959,bs,ZC3,0.2753588421709659
14,2019-04-24,0.32605304212168484,bs,ZC3,0.2753588421709659
14,2019-04-29,0.3910536991566137,bs,ZC3,0.2753588421709659
14,2019-05-04,0.25929456625357483,bs,ZC3,0.2753588421709659
14,2019-05-09,0.3573267659241016,bs,ZC3,0.2753588421709659
14,2019-05-14,0.24705882352941175,bs,ZC3,0.2753588421709659
14,2019-05-19,0.35588329592818213,bs,ZC3,0.2753588421709659
14,2019-05-24,0.27492922302610884,bs,ZC3,0.2753588421709659
14,2019-05-29,0.3317783593127773,bs,ZC3,0.2753588421709659
14,2019-06-03,0.2886644729377057,bs,ZC3,0.2753588421709659
14,2019-06-08,0.3480146813480147,bs,ZC3,0.2753588421709659
14,2019-06-18,0.343593174974908,bs,ZC3,0.2753588421709659
14,2019-06-23,0.3083169005915787,bs,ZC3,0.2753588421709659
14,2019-06-28,0.280040390440929,bs,ZC3,0.2753588421709659
14,2019-07-03,0.3168078917414949,bs,ZC3,0.2753588421709659
14,2019-07-08,0.2658011615989067,bs,ZC3,0.2753588421709659
14,2019-07-18,0.3655110912941701,bs,ZC3,0.2753588421709659
14,2019-07-28,0.3444031830238727,bs,ZC3,0.2753588421709659
14,2019-08-02,0.33806479575251924,bs,ZC3,0.2753588421709659
14,2019-08-07,0.43187144291931706,bs,ZC3,0.2753588421709659
14,2019-08-12,0.35842018650575974,bs,ZC3,0.2753588421709659
14,2019-08-17,0.33703099510603585,bs,ZC3,0.2753588421709659
14,2019-08-22,0.25059004617752695,bs,ZC3,0.2753588421709659
14,2019-08-27,0.2646085997794928,bs,ZC3,0.2753588421709659
14,2019-09-01,0.3307898979043525,bs,ZC3,0.2753588421709659
14,2019-09-06,0.30068404877565186,bs,ZC3,0.2753588421709659
14,2019-09-11,0.2695732624031456,bs,ZC3,0.2753588421709659
14,2019-09-16,0.3174391463821274,bs,ZC3,0.2753588421709659
14,2019-09-21,0.3864143847690681,bs,ZC3,0.2753588421709659
14,2019-09-26,0.2669947708397416,bs,ZC3,0.2753588421709659
14,2019-10-06,0.2730535340444622,bs,ZC3,0.2753588421709659
14,2019-10-11,0.3381438955019488,bs,ZC3,0.2753588421709659
14,2019-10-16,0.2931867228445175,bs,ZC3,0.2753588421709659
14,2019-10-21,0.2701436283997148,bs,ZC3,0.2753588421709659
14,2019-10-26,0.3492788212099201,bs,ZC3,0.2753588421709659
14,2019-11-05,0.3737694506192442,bs,ZC3,0.2753588421709659
14,2019-11-10,0.5130871280028684,bs,ZC3,0.2753588421709659
14,2019-11-15,0.41147829690251736,bs,ZC3,0.2753588421709659
14,2019-11-20,0.47720295622512793,bs,ZC3,0.2753588421709659
14,2019-11-25,0.3927138005557271,bs,ZC3,0.2753588421709659
14,2019-11-30,0.4166579906298803,bs,ZC3,0.2753588421709659
14,2019-12-10,0.4505294683923414,bs,ZC3,0.2753588421709659
14,2019-12-15,0.5414749130093164,bs,ZC3,0.2753588421709659
14,2019-12-20,0.35636761923727966,bs,ZC3,0.2753588421709659
14,2019-12-25,0.3947932618683001,bs,ZC3,0.2753588421709659
14,2019-12-30,0.3593950775921716,bs,ZC3,0.2753588421709659
14,2020-01-04,0.34730824202000954,bs,ZC3,0.2753588421709659
14,2020-01-09,0.3658754593306187,bs,ZC3,0.2753588421709659
14,2020-01-14,0.4204768293941583,bs,ZC3,0.2753588421709659
14,2020-01-19,0.43644716692189894,bs,ZC3,0.2753588421709659
14,2020-01-24,0.4833974134917861,bs,ZC3,0.2753588421709659
14,2020-01-29,0.4612267867191897,bs,ZC3,0.2753588421709659
14,2020-02-03,0.4107495581661296,bs,ZC3,0.2753588421709659
14,2020-02-13,0.40648406931246506,bs,ZC3,0.2753588421709659
14,2020-02-18,0.37288855837671303,bs,ZC3,0.2753588421709659
14,2020-02-23,0.4264625478403499,bs,ZC3,0.2753588421709659
14,2020-02-28,0.3751992349378387,bs,ZC3,0.2753588421709659
14,2020-03-04,0.30215173249823213,bs,ZC3,0.2753588421709659
14,2020-03-14,0.29779036827195465,bs,ZC3,0.2753588421709659
14,2020-03-19,0.35039152972317195,bs,ZC3,0.2753588421709659
14,2020-03-24,0.3093679579354008,bs,ZC3,0.2753588421709659
14,2020-03-29,0.27166504381694256,bs,ZC3,0.2753588421709659
14,2020-04-13,0.33745525545069965,bs,ZC3,0.2753588421709659
14,2020-04-18,0.3366244627715182,bs,ZC3,0.2753588421709659
14,2020-04-23,0.33315672353502174,bs,ZC3,0.2753588421709659
14,2020-04-28,0.28993423252703154,bs,ZC3,0.2753588421709659
14,2020-05-08,0.3614830072090629,bs,ZC3,0.2753588421709659
14,2020-05-13,0.2785923753665689,bs,ZC3,0.2753588421709659
14,2020-05-18,0.2569032979318055,bs,ZC3,0.2753588421709659
14,2020-05-23,0.2632794457274827,bs,ZC3,0.2753588421709659
14,2020-05-28,0.24141018466703973,bs,ZC3,0.2753588421709659
14,2020-06-02,0.2699110183456004,bs,ZC3,0.2753588421709659
14,2020-06-12,0.168372511528512,bs,ZC3,0.2753588421709659
14,2020-06-22,0.19455857856746253,bs,ZC3,0.2753588421709659
14,2020-06-27,0.13533091866973987,bs,ZC3,0.2753588421709659
14,2020-07-02,0.21108148835052745,bs,ZC3,0.2753588421709659
14,2020-07-07,0.17155854001949528,bs,ZC3,0.2753588421709659
14,2020-07-12,0.2100036332808526,bs,ZC3,0.2753588421709659
14,2020-07-17,0.2260491360056424,bs,ZC3,0.2753588421709659
14,2020-07-27,0.2312656866260309,bs,ZC3,0.2753588421709659
14,2020-08-01,0.3110117089856598,bs,ZC3,0.2753588421709659
14,2020-08-06,0.2621474910631537,bs,ZC3,0.2753588421709659
14,2020-08-11,0.3240418118466899,bs,ZC3,0.2753588421709659
14,2020-08-16,0.2582131167414232,bs,ZC3,0.2753588421709659
14,2020-08-21,0.2844259451959764,bs,ZC3,0.2753588421709659
14,2020-09-05,0.29047550639275965,bs,ZC3,0.2753588421709659
14,2020-09-10,0.28968202465931214,bs,ZC3,0.2753588421709659
14,2020-09-20,0.311702786377709,bs,ZC3,0.2753588421709659
14,2020-09-25,0.32155712571657113,bs,ZC3,0.2753588421709659
14,2020-09-30,0.30121267440344246,bs,ZC3,0.2753588421709659
14,2020-10-05,0.2751161247511612,bs,ZC3,0.2753588421709659
14,2020-10-10,0.24140365029746896,bs,ZC3,0.2753588421709659
14,2020-10-15,0.19571266618571576,bs,ZC3,0.2753588421709659
14,2020-10-20,0.18524051389303853,bs,ZC3,0.2753588421709659
14,2020-10-25,0.10848833915588708,bs,ZC3,0.2753588421709659
14,2020-10-30,0.30142431268632,bs,ZC3,0.2753588421709659
14,2020-11-09,0.26211754810219745,bs,ZC3,0.2753588421709659
14,2020-11-14,0.323989488174196,bs,ZC3,0.2753588421709659
14,2020-11-19,0.2292188910057154,bs,ZC3,0.2753588421709659
14,2020-11-29,0.25766871165644173,bs,ZC3,0.2753588421709659
14,2020-12-04,0.2410458072058667,bs,ZC3,0.2753588421709659
14,2020-12-09,0.3144965978549187,bs,ZC3,0.2753588421709659
14,2020-12-24,0.25900877100285324,bs,ZC3,0.2753588421709659
14,2020-12-29,0.2294517176887489,bs,ZC3,0.2753588421709659
14,2021-01-08,0.1874458457687494,bs,ZC3,0.2753588421709659
14,2021-01-13,0.25045782613379297,bs,ZC3,0.2753588421709659
14,2021-01-18,0.3414430406181477,bs,ZC3,0.2753588421709659
14,2021-01-28,0.3778556750876345,bs,ZC3,0.2753588421709659
14,2021-02-07,0.28130063735551475,bs,ZC3,0.2753588421709659
14,2021-02-12,0.31175586637382957,bs,ZC3,0.2753588421709659
14,2021-02-17,0.3792125269488256,bs,ZC3,0.2753588421709659
14,2021-02-22,0.2804513773647528,bs,ZC3,0.2753588421709659
14,2021-02-27,0.19888103029663257,bs,ZC3,0.2753588421709659
14,2021-03-04,0.22327923894795745,bs,ZC3,0.2753588421709659
14,2021-03-09,0.16459850271767,bs,ZC3,0.2753588421709659
14,2021-03-14,0.17379875933130062,bs,ZC3,0.2753588421709659
14,2021-03-24,0.2388643143709495,bs,ZC3,0.2753588421709659
14,2021-03-29,0.2095861863649896,bs,ZC3,0.2753588421709659
14,2021-04-03,0.2580235144582142,bs,ZC3,0.2753588421709659
14,2021-04-08,0.23251766151325892,bs,ZC3,0.2753588421709659
14,2021-04-13,0.18092270579957784,bs,ZC3,0.2753588421709659
14,2021-04-18,0.1716729457285409,bs,ZC3,0.2753588421709659
14,2021-04-23,0.20463282405125677,bs,ZC3,0.2753588421709659
14,2021-04-28,0.19906346517883827,bs,ZC3,0.2753588421709659
14,2021-05-03,0.2558399463507321,bs,ZC3,0.2753588421709659
14,2021-05-08,0.2481705377028317,bs,ZC3,0.2753588421709659
14,2021-05-18,0.16749681454882429,bs,ZC3,0.2753588421709659
14,2021-05-23,0.1881802223522528,bs,ZC3,0.2753588421709659
14,2021-06-02,0.23571179140961468,bs,ZC3,0.2753588421709659
14,2021-06-07,0.15037924590524349,bs,ZC3,0.2753588421709659
14,2021-06-12,0.1316211878009631,bs,ZC3,0.2753588421709659
14,2021-06-17,0.12936855822769813,bs,ZC3,0.2753588421709659
14,2021-07-02,0.13016461353973618,bs,ZC3,0.2753588421709659
14,2021-07-07,0.12388140161725068,bs,ZC3,0.2753588421709659
14,2021-07-22,0.2036346130701649,bs,ZC3,0.2753588421709659
14,2021-07-27,0.1840699920463584,bs,ZC3,0.2753588421709659
14,2021-08-06,0.16027443482172984,bs,ZC3,0.2753588421709659
14,2021-08-16,0.15878341811884403,bs,ZC3,0.2753588421709659
14,2021-08-21,0.07581779272393763,bs,ZC3,0.2753588421709659
14,2021-08-26,0.25794240908476407,bs,ZC3,0.2753588421709659
14,2021-08-31,0.35012338510669183,bs,ZC3,0.2753588421709659
14,2021-09-05,0.23347659426181905,bs,ZC3,0.2753588421709659
14,2021-09-10,0.21611302023673157,bs,ZC3,0.2753588421709659
14,2021-09-15,0.24891597328020623,bs,ZC3,0.2753588421709659
14,2021-09-25,0.273721297533714,bs,ZC3,0.2753588421709659
14,2021-09-30,0.30197955751067407,bs,ZC3,0.2753588421709659
14,2021-10-05,0.2694610778443114,bs,ZC3,0.2753588421709659
14,2021-10-10,0.3264555132080431,bs,ZC3,0.2753588421709659
14,2021-10-15,0.2526503871351995,bs,ZC3,0.2753588421709659
14,2021-10-20,0.30813572645093673,bs,ZC3,0.2753588421709659
14,2021-10-25,0.298331252128505,bs,ZC3,0.2753588421709659
14,2021-10-30,0.2916096954630205,bs,ZC3,0.2753588421709659
14,2021-11-04,0.3058303270103573,bs,ZC3,0.2753588421709659
14,2021-11-09,0.2670690305545077,bs,ZC3,0.2753588421709659
14,2021-11-14,0.3325479636486032,bs,ZC3,0.2753588421709659
14,2021-11-19,0.29671546315659986,bs,ZC3,0.2753588421709659
14,2021-11-24,0.3120494335736354,bs,ZC3,0.2753588421709659
14,2021-11-29,0.3659153911052187,bs,ZC3,0.2753588421709659
14,2021-12-04,0.2620281273131014,bs,ZC3,0.2753588421709659
14,2021-12-09,0.3588482303539292,bs,ZC3,0.2753588421709659
14,2021-12-14,0.34492786041829776,bs,ZC3,0.2753588421709659
14,2021-12-29,0.33177387914230017,bs,ZC3,0.2753588421709659
14,2022-01-03,0.37363283546983417,bs,ZC3,0.2753588421709659
14,2022-01-08,0.3144396299332475,bs,ZC3,0.2753588421709659
14,2022-01-18,0.4378060724779628,bs,ZC3,0.2753588421709659
14,2022-01-23,0.298689027991024,bs,ZC3,0.2753588421709659
14,2022-01-28,0.30316512012202873,bs,ZC3,0.2753588421709659
14,2022-02-02,0.34798085184730576,bs,ZC3,0.2753588421709659
14,2022-02-07,0.4090368608799049,bs,ZC3,0.2753588421709659
14,2022-02-12,0.36007439553626786,bs,ZC3,0.2753588421709659
14,2022-02-17,0.3844829868926255,bs,ZC3,0.2753588421709659
14,2022-02-22,0.38541018299514507,bs,ZC3,0.2753588421709659
14,2022-02-27,0.37417518437055247,bs,ZC3,0.2753588421709659
14,2022-03-04,0.309021113243762,bs,ZC3,0.2753588421709659
14,2022-03-09,0.2931545700657471,bs,ZC3,0.2753588421709659
14,2022-03-14,0.35860520406815477,bs,ZC3,0.2753588421709659
14,2022-03-19,0.4045286859178221,bs,ZC3,0.2753588421709659
14,2022-03-24,0.3278133687900399,bs,ZC3,0.2753588421709659
14,2022-03-29,0.3550863723608445,bs,ZC3,0.2753588421709659
14,2022-04-03,0.3260550279056105,bs,ZC3,0.2753588421709659
14,2022-04-08,0.4277726001863933,bs,ZC3,0.2753588421709659
14,2022-04-13,0.4078315478389361,bs,ZC3,0.2753588421709659
14,2022-04-18,0.3325222046477674,bs,ZC3,0.2753588421709659
14,2022-04-23,0.33999771506911913,bs,ZC3,0.2753588421709659
14,2022-04-28,0.4279983955074208,bs,ZC3,0.2753588421709659
14,2022-05-03,0.3824935638102244,bs,ZC3,0.2753588421709659
14,2022-05-08,0.3462295081967213,bs,ZC3,0.2753588421709659
14,2022-05-13,0.32978345757898475,bs,ZC3,0.2753588421709659
14,2022-05-18,0.30025569219530013,bs,ZC3,0.2753588421709659
14,2022-05-23,0.3763205828779599,bs,ZC3,0.2753588421709659
14,2022-05-28,0.42009760981103744,bs,ZC3,0.2753588421709659
14,2022-06-02,0.3027223230490018,bs,ZC3,0.2753588421709659
14,2022-06-07,0.36498993963782694,bs,ZC3,0.2753588421709659
14,2022-06-12,0.3229722064662507,bs,ZC3,0.2753588421709659
14,2022-06-17,0.3710260566014213,bs,ZC3,0.2753588421709659
14,2022-06-22,0.3256743256743257,bs,ZC3,0.2753588421709659
14,2022-07-02,0.2674768379256407,bs,ZC3,0.2753588421709659
14,2022-07-07,0.418492138153474,bs,ZC3,0.2753588421709659
14,2022-07-12,0.360810294305007,bs,ZC3,0.2753588421709659
14,2022-07-17,0.3943957051198115,bs,ZC3,0.2753588421709659
14,2022-08-01,0.42885558944437074,bs,ZC3,0.2753588421709659
14,2022-08-06,0.42593885243613017,bs,ZC3,0.2753588421709659
14,2022-08-11,0.322515975441674,bs,ZC3,0.2753588421709659
14,2022-08-16,0.3740291592860063,bs,ZC3,0.2753588421709659
14,2022-08-21,0.3893609161433321,bs,ZC3,0.2753588421709659
14,2022-08-26,0.3775815040914405,bs,ZC3,0.2753588421709659
14,2022-08-31,0.32350493401498037,bs,ZC3,0.2753588421709659
14,2022-09-05,0.3800135043889264,bs,ZC3,0.2753588421709659
14,2022-09-10,0.2586583463338534,bs,ZC3,0.2753588421709659
14,2022-09-15,0.3794802315556103,bs,ZC3,0.2753588421709659
14,2022-09-20,0.2721581548599671,bs,ZC3,0.2753588421709659
14,2022-09-25,0.33859540087010565,bs,ZC3,0.2753588421709659
14,2022-09-30,0.3335706657173371,bs,ZC3,0.2753588421709659
14,2022-10-05,0.3216479942175642,bs,ZC3,0.2753588421709659
14,2022-10-10,0.2595931830676196,bs,ZC3,0.2753588421709659
14,2022-10-15,0.3257269046742731,bs,ZC3,0.2753588421709659
14,2022-10-20,0.3322380430814166,bs,ZC3,0.2753588421709659
14,2022-10-25,0.3659977840699249,bs,ZC3,0.2753588421709659
14,2022-10-30,0.2966559982341905,bs,ZC3,0.2753588421709659
14,2022-11-04,0.3606823720552396,bs,ZC3,0.2753588421709659
14,2022-11-14,0.31929364037704333,bs,ZC3,0.2753588421709659
14,2022-11-19,0.3762400489895897,bs,ZC3,0.2753588421709659
14,2022-11-24,0.4043303734338889,bs,ZC3,0.2753588421709659
14,2022-11-29,0.3518539646320593,bs,ZC3,0.2753588421709659
14,2022-12-04,0.3221766596475673,bs,ZC3,0.2753588421709659
14,2022-12-09,0.389192810092665,bs,ZC3,0.2753588421709659
14,2022-12-14,0.45169385194479295,bs,ZC3,0.2753588421709659
14,2022-12-19,0.4005805515239477,bs,ZC3,0.2753588421709659
14,2022-12-24,0.4519897772909821,bs,ZC3,0.2753588421709659
14,2022-12-29,0.4489672665780891,bs,ZC3,0.2753588421709659
14,2023-01-03,0.4121580547112462,bs,ZC3,0.2753588421709659
14,2023-01-08,0.3672322995904037,bs,ZC3,0.2753588421709659
14,2023-01-13,0.3895870736086176,bs,ZC3,0.2753588421709659
14,2023-01-18,0.4092958723551856,bs,ZC3,0.2753588421709659
14,2023-01-23,0.4061560658891427,bs,ZC3,0.2753588421709659
14,2023-01-28,0.3728075631297425,bs,ZC3,0.2753588421709659
14,2023-02-02,0.3670823558464008,bs,ZC3,0.2753588421709659
14,2023-02-12,0.45288345207689207,bs,ZC3,0.2753588421709659
14,2023-02-17,0.4445280180518992,bs,ZC3,0.2753588421709659
14,2023-02-22,0.44631718646317187,bs,ZC3,0.2753588421709659
14,2023-02-27,0.44066390041493775,bs,ZC3,0.2753588421709659
14,2023-03-04,0.3981973083096678,bs,ZC3,0.2753588421709659
14,2023-03-09,0.4043303734338889,bs,ZC3,0.2753588421709659
14,2023-03-19,0.4419128361372367,bs,ZC3,0.2753588421709659
14,2023-03-24,0.4404488306070029,bs,ZC3,0.2753588421709659
14,2023-03-29,0.390946049884628,bs,ZC3,0.2753588421709659
14,2023-04-03,0.5075947695152556,bs,ZC3,0.2753588421709659
14,2023-04-08,0.3671002647634396,bs,ZC3,0.2753588421709659
14,2023-04-13,0.39933562700201686,bs,ZC3,0.2753588421709659
14,2023-04-23,0.3404280760492646,bs,ZC3,0.2753588421709659
14,2023-04-28,0.3359327403436091,bs,ZC3,0.2753588421709659
14,2023-05-08,0.3896653417104758,bs,ZC3,0.2753588421709659
14,2023-05-13,0.3427248166730992,bs,ZC3,0.2753588421709659
14,2023-05-18,0.3254036731172193,bs,ZC3,0.2753588421709659
14,2023-05-23,0.3096509240246407,bs,ZC3,0.2753588421709659
14,2023-05-28,0.28802624384909786,bs,ZC3,0.2753588421709659
14,2023-06-02,0.34954321855235415,bs,ZC3,0.2753588421709659
14,2023-06-07,0.31759805623047555,bs,ZC3,0.2753588421709659
14,2023-06-12,0.3131976362442548,bs,ZC3,0.2753588421709659
14,2023-06-17,0.2505939727397774,bs,ZC3,0.2753588421709659
14,2023-06-22,0.2976661662344752,bs,ZC3,0.2753588421709659
14,2023-06-27,0.36745586423977006,bs,ZC3,0.2753588421709659
14,2023-07-02,0.33670459334176145,bs,ZC3,0.2753588421709659
14,2023-07-07,0.28285602196939974,bs,ZC3,0.2753588421709659
14,2023-07-12,0.24064171122994657,bs,ZC3,0.2753588421709659
14,2023-07-17,0.23968976978948664,bs,ZC3,0.2753588421709659
14,2023-07-22,0.2750254249600465,bs,ZC3,0.2753588421709659
14,2023-07-27,0.25806451612903225,bs,ZC3,0.2753588421709659
14,2023-08-01,0.31265400782722136,bs,ZC3,0.2753588421709659
14,2023-08-06,0.19777632439502943,bs,ZC3,0.2753588421709659
14,2023-08-16,0.201618165209448,bs,ZC3,0.2753588421709659
14,2023-08-21,0.3349117520447697,bs,ZC3,0.2753588421709659
14,2023-08-26,0.25014618173313063,bs,ZC3,0.2753588421709659
14,2023-08-31,0.29995702621400944,bs,ZC3,0.2753588421709659
14,2023-09-05,0.2516601165469576,bs,ZC3,0.2753588421709659
14,2023-09-10,0.23092079337974517,bs,ZC3,0.2753588421709659
14,2023-09-15,0.25892961705117695,bs,ZC3,0.2753588421709659
14,2023-09-20,0.3143389695113833,bs,ZC3,0.2753588421709659
14,2023-09-25,0.2403049386808087,bs,ZC3,0.2753588421709659
14,2023-09-30,0.27330424434748113,bs,ZC3,0.2753588421709659
14,2023-10-05,0.26050976497848394,bs,ZC3,0.2753588421709659
14,2023-10-10,0.2180016515276631,bs,ZC3,0.2753588421709659
14,2023-10-15,0.2729005612623107,bs,ZC3,0.2753588421709659
14,2023-10-20,0.24448040688937697,bs,ZC3,0.2753588421709659
14,2023-10-25,0.28878412454774693,bs,ZC3,0.2753588421709659
14,2023-10-30,0.2756948551153164,bs,ZC3,0.2753588421709659
14,2023-11-04,0.2588222197484137,bs,ZC3,0.2753588421709659
14,2023-11-14,0.32901700258979844,bs,ZC3,0.2753588421709659
14,2023-11-19,0.25056353066793213,bs,ZC3,0.2753588421709659
14,2023-11-24,0.30203191367236826,bs,ZC3,0.2753588421709659
14,2023-11-29,0.25832151042235074,bs,ZC3,0.2753588421709659
14,2023-12-04,0.3087915501708605,bs,ZC3,0.2753588421709659
14,2023-12-09,0.23054998416552308,bs,ZC3,0.2753588421709659
14,2023-12-24,0.2319094184251158,bs,ZC3,0.2753588421709659
14,2024-01-03,0.23295628248242128,bs,ZC3,0.2753588421709659
14,2024-01-08,0.22849695916594268,bs,ZC3,0.2753588421709659
14,2024-01-13,0.2497806376133372,bs,ZC3,0.2753588421709659
14,2024-01-18,0.24473147518694768,bs,ZC3,0.2753588421709659
14,2024-01-23,0.19538937306719145,bs,ZC3,0.2753588421709659
14,2024-01-28,0.267530203014074,bs,ZC3,0.2753588421709659
14,2024-02-02,0.20691741454068777,bs,ZC3,0.2753588421709659
14,2024-02-17,0.2187920853620636,bs,ZC3,0.2753588421709659
14,2024-02-22,0.1946862634256642,bs,ZC3,0.2753588421709659
14,2024-03-03,0.18175549206974684,bs,ZC3,0.2753588421709659
14,2024-03-08,0.20551625324617173,bs,ZC3,0.2753588421709659
14,2024-03-13,0.16251909082741892,bs,ZC3,0.2753588421709659
14,2024-03-18,0.17190578158458242,bs,ZC3,0.2753588421709659
14,2024-03-23,0.18313728857216452,bs,ZC3,0.2753588421709659
14,2024-04-02,0.1519150029988861,bs,ZC3,0.2753588421709659
14,2024-04-07,0.16231763234681118,bs,ZC3,0.2753588421709659
14,2024-04-12,0.11873483390511257,bs,ZC3,0.2753588421709659
14,2024-04-17,0.16716047022842395,bs,ZC3,0.2753588421709659
14,2024-04-22,0.1286780475250922,bs,ZC3,0.2753588421709659
14,2024-04-27,0.11509932645579336,bs,ZC3,0.2753588421709659
14,2024-05-02,0.11059153612345102,bs,ZC3,0.2753588421709659
14,2024-05-22,0.11419077108979683,bs,ZC3,0.2753588421709659
14,2024-05-27,0.12004634994206258,bs,ZC3,0.2753588421709659
14,2024-06-01,0.11548640628759324,bs,ZC3,0.2753588421709659
14,2024-06-06,0.11747348273387032,bs,ZC3,0.2753588421709659
14,2024-06-11,0.11666268228544108,bs,ZC3,0.2753588421709659
14,2024-06-16,0.11831626848691695,bs,ZC3,0.2753588421709659
14,2024-06-21,0.10936922280559049,bs,ZC3,0.2753588421709659
14,2024-07-01,0.12093694305355174,bs,ZC3,0.2753588421709659
14,2024-07-06,0.10864090316977856,bs,ZC3,0.2753588421709659
14,2024-07-11,0.07182931647570132,bs,ZC3,0.2753588421709659
14,2024-07-16,0.11505791505791504,bs,ZC3,0.2753588421709659
14,2024-07-26,0.13450826408547165,bs,ZC3,0.2753588421709659
14,2024-07-31,0.15882183078255846,bs,ZC3,0.2753588421709659
14,2024-08-05,0.12319274531610916,bs,ZC3,0.2753588421709659
14,2024-08-10,0.0989700302021219,bs,ZC3,0.2753588421709659
14,2024-08-15,0.09260269701457637,bs,ZC3,0.2753588421709659
14,2024-08-20,0.08684735248504542,bs,ZC3,0.2753588421709659
14,2024-08-25,0.09971466029150922,bs,ZC3,0.2753588421709659
14,2024-08-30,0.07842010771992819,bs,ZC3,0.2753588421709659
14,2024-09-04,0.07671939237683785,bs,ZC3,0.2753588421709659
14,2024-09-09,0.08886027044430135,bs,ZC3,0.2753588421709659
14,2024-09-14,0.08614157527417747,bs,ZC3,0.2753588421709659
14,2024-09-19,0.07822533566841798,bs,ZC3,0.2753588421709659
14,2024-09-24,0.06227906677807057,bs,ZC3,0.2753588421709659
14,2024-09-29,0.08827497590748475,bs,ZC3,0.2753588421709659
14,2024-10-04,0.07454947834334492,bs,ZC3,0.2753588421709659
14,2024-10-14,0.07946881735382048,bs,ZC3,0.2753588421709659
14,2024-10-19,0.0921429936914548,bs,ZC3,0.2753588421709659
14,2024-10-24,0.0898478088136422,bs,ZC3,0.2753588421709659
14,2024-10-29,0.08541377017469624,bs,ZC3,0.2753588421709659
14,2025-02-06,0.06739935636650676,bs,ZC3,0.2753588421709659
14,2025-02-11,0.07461722333484075,bs,ZC3,0.2753588421709659
14,2025-02-16,0.08837156094491792,bs,ZC3,0.2753588421709659
14,2025-02-26,0.07832151159325267,bs,ZC3,0.2753588421709659
14,2025-03-03,0.0865296664430758,bs,ZC3,0.2753588421709659
14,2025-03-08,0.10258004351880634,bs,ZC3,0.2753588421709659
14,2025-03-13,0.0923352221890844,bs,ZC3,0.2753588421709659
14,2025-03-18,0.0941141320585599,bs,ZC3,0.2753588421709659
14,2025-03-20,0.08300395256916995,bs,ZC3,0.2753588421709659
14,2025-03-23,0.09359724820469496,bs,ZC3,0.2753588421709659
14,2025-03-28,0.08598209457429551,bs,ZC3,0.2753588421709659
15,2016-07-23,0.25024986545706157,bs,ZC1,0.2990331968385224
15,2016-08-12,0.25719465216406073,bs,ZC1,0.2990331968385224
15,2016-09-01,0.2885586706683259,bs,ZC1,0.2990331968385224
15,2016-09-21,0.311338100102145,bs,ZC1,0.2990331968385224
15,2016-10-11,0.2986407511983715,bs,ZC1,0.2990331968385224
15,2016-10-31,0.28195699594889373,bs,ZC1,0.2990331968385224
15,2016-11-10,0.27749766573295986,bs,ZC1,0.2990331968385224
15,2016-11-30,0.27360688048736787,bs,ZC1,0.2990331968385224
15,2016-12-10,0.24724548259144996,bs,ZC1,0.2990331968385224
15,2016-12-20,0.2775787290213087,bs,ZC1,0.2990331968385224
15,2017-01-19,0.31651071981139023,bs,ZC1,0.2990331968385224
15,2017-01-29,0.3152691321860125,bs,ZC1,0.2990331968385224
15,2017-02-18,0.3202058626090848,bs,ZC1,0.2990331968385224
15,2017-02-28,0.3645336137852925,bs,ZC1,0.2990331968385224
15,2017-03-20,0.35785508530910703,bs,ZC1,0.2990331968385224
15,2017-04-09,0.3661186354747592,bs,ZC1,0.2990331968385224
15,2017-05-19,0.28964869728503245,bs,ZC1,0.2990331968385224
15,2017-06-28,0.24178563335599365,bs,ZC1,0.2990331968385224
15,2017-07-13,0.2682305328636738,bs,ZC1,0.2990331968385224
15,2017-07-18,0.23771158252642471,bs,ZC1,0.2990331968385224
15,2017-08-02,0.23559093170350365,bs,ZC1,0.2990331968385224
15,2017-08-07,0.268335560087195,bs,ZC1,0.2990331968385224
15,2017-08-22,0.20035765871105304,bs,ZC1,0.2990331968385224
15,2017-08-27,0.2551761591202227,bs,ZC1,0.2990331968385224
15,2017-09-11,0.2327163320034011,bs,ZC1,0.2990331968385224
15,2017-09-16,0.28596221881049333,bs,ZC1,0.2990331968385224
15,2017-10-01,0.30735187264680625,bs,ZC1,0.2990331968385224
15,2017-10-06,0.3202472755082531,bs,ZC1,0.2990331968385224
15,2017-10-21,0.27671840354767185,bs,ZC1,0.2990331968385224
15,2017-10-26,0.2688075049612123,bs,ZC1,0.2990331968385224
15,2017-11-10,0.2401667572956317,bs,ZC1,0.2990331968385224
15,2017-11-15,0.2893483633733197,bs,ZC1,0.2990331968385224
15,2017-11-20,0.23930345281551071,bs,ZC1,0.2990331968385224
15,2017-11-30,0.2555267754954521,bs,ZC1,0.2990331968385224
15,2017-12-05,0.2678215730065794,bs,ZC1,0.2990331968385224
15,2017-12-10,0.26460583636689144,bs,ZC1,0.2990331968385224
15,2017-12-20,0.21609295933029304,bs,ZC1,0.2990331968385224
15,2017-12-25,0.28844341104757115,bs,ZC1,0.2990331968385224
15,2017-12-30,0.3023734482536824,bs,ZC1,0.2990331968385224
15,2018-01-14,0.3277144926581945,bs,ZC1,0.2990331968385224
15,2018-01-19,0.33346558222574885,bs,ZC1,0.2990331968385224
15,2018-01-29,0.30327138056374736,bs,ZC1,0.2990331968385224
15,2018-02-08,0.4012279100638845,bs,ZC1,0.2990331968385224
15,2018-02-23,0.37742598371261127,bs,ZC1,0.2990331968385224
15,2018-02-28,0.39139297848244625,bs,ZC1,0.2990331968385224
15,2018-03-05,0.3890085406609729,bs,ZC1,0.2990331968385224
15,2018-03-10,0.35715891211508205,bs,ZC1,0.2990331968385224
15,2018-03-15,0.3856468649337029,bs,ZC1,0.2990331968385224
15,2018-03-20,0.3801578354002255,bs,ZC1,0.2990331968385224
15,2018-03-25,0.3841752616125875,bs,ZC1,0.2990331968385224
15,2018-04-04,0.39685112294512626,bs,ZC1,0.2990331968385224
15,2018-04-09,0.37341040462427744,bs,ZC1,0.2990331968385224
15,2018-04-14,0.3731409544950056,bs,ZC1,0.2990331968385224
15,2018-04-19,0.3332072331088749,bs,ZC1,0.2990331968385224
15,2018-04-24,0.364462994708206,bs,ZC1,0.2990331968385224
15,2018-04-29,0.3288448445419472,bs,ZC1,0.2990331968385224
15,2018-05-04,0.3744079392526878,bs,ZC1,0.2990331968385224
15,2018-05-09,0.3351158645276292,bs,ZC1,0.2990331968385224
15,2018-05-14,0.3262636426968032,bs,ZC1,0.2990331968385224
15,2018-05-19,0.3624443924139546,bs,ZC1,0.2990331968385224
15,2018-05-24,0.33338446199861954,bs,ZC1,0.2990331968385224
15,2018-05-29,0.2945054945054945,bs,ZC1,0.2990331968385224
15,2018-06-08,0.29893658920834976,bs,ZC1,0.2990331968385224
15,2018-06-13,0.22411592461896537,bs,ZC1,0.2990331968385224
15,2018-06-18,0.29733762663944086,bs,ZC1,0.2990331968385224
15,2018-06-23,0.310907087770841,bs,ZC1,0.2990331968385224
15,2018-07-03,0.31269118853987915,bs,ZC1,0.2990331968385224
15,2018-07-08,0.30612244897959184,bs,ZC1,0.2990331968385224
15,2018-07-13,0.32883681492330225,bs,ZC1,0.2990331968385224
15,2018-08-07,0.29053692812953485,bs,ZC1,0.2990331968385224
15,2018-08-12,0.2958904109589041,bs,ZC1,0.2990331968385224
15,2018-08-17,0.3018219067827614,bs,ZC1,0.2990331968385224
15,2018-08-22,0.32728824407936846,bs,ZC1,0.2990331968385224
15,2018-08-27,0.2926777502652989,bs,ZC1,0.2990331968385224
15,2018-09-01,0.28301886792452835,bs,ZC1,0.2990331968385224
15,2018-09-06,0.29797452495301735,bs,ZC1,0.2990331968385224
15,2018-09-11,0.35360831701883483,bs,ZC1,0.2990331968385224
15,2018-09-16,0.28756003517553946,bs,ZC1,0.2990331968385224
15,2018-09-21,0.3452932876436203,bs,ZC1,0.2990331968385224
15,2018-09-26,0.26612427006101963,bs,ZC1,0.2990331968385224
15,2018-10-01,0.3214356665121515,bs,ZC1,0.2990331968385224
15,2018-10-11,0.33506339925103473,bs,ZC1,0.2990331968385224
15,2018-10-16,0.27043201795399285,bs,ZC1,0.2990331968385224
15,2018-10-21,0.3343014079171665,bs,ZC1,0.2990331968385224
15,2018-10-26,0.27799736495388666,bs,ZC1,0.2990331968385224
15,2018-10-31,0.3055676246043076,bs,ZC1,0.2990331968385224
15,2018-11-10,0.30881000551774873,bs,ZC1,0.2990331968385224
15,2018-11-15,0.25546208315681174,bs,ZC1,0.2990331968385224
15,2018-11-20,0.2968320820362571,bs,ZC1,0.2990331968385224
15,2018-11-25,0.24947913566283708,bs,ZC1,0.2990331968385224
15,2018-11-30,0.31941122355105794,bs,ZC1,0.2990331968385224
15,2018-12-05,0.2708526843767416,bs,ZC1,0.2990331968385224
15,2018-12-10,0.29603942325241833,bs,ZC1,0.2990331968385224
15,2018-12-15,0.23092140758947305,bs,ZC1,0.2990331968385224
15,2018-12-20,0.3278698550547367,bs,ZC1,0.2990331968385224
15,2018-12-25,0.2529789184234647,bs,ZC1,0.2990331968385224
15,2019-01-09,0.351023401560104,bs,ZC1,0.2990331968385224
15,2019-01-29,0.3642700818675529,bs,ZC1,0.2990331968385224
15,2019-02-13,0.3883629646732856,bs,ZC1,0.2990331968385224
15,2019-02-18,0.367746238790484,bs,ZC1,0.2990331968385224
15,2019-02-23,0.390469581309276,bs,ZC1,0.2990331968385224
15,2019-02-28,0.37441218183175334,bs,ZC1,0.2990331968385224
15,2019-03-05,0.39959248358614446,bs,ZC1,0.2990331968385224
15,2019-03-10,0.38107695661652496,bs,ZC1,0.2990331968385224
15,2019-03-15,0.3930475260905473,bs,ZC1,0.2990331968385224
15,2019-03-20,0.3813653546808984,bs,ZC1,0.2990331968385224
15,2019-03-25,0.3937850992137776,bs,ZC1,0.2990331968385224
15,2019-03-30,0.35787554137223615,bs,ZC1,0.2990331968385224
15,2019-04-09,0.38247277576116745,bs,ZC1,0.2990331968385224
15,2019-04-14,0.3625084592826529,bs,ZC1,0.2990331968385224
15,2019-04-19,0.3746341463414634,bs,ZC1,0.2990331968385224
15,2019-04-24,0.3486299844063266,bs,ZC1,0.2990331968385224
15,2019-04-29,0.3638721489053322,bs,ZC1,0.2990331968385224
15,2019-05-04,0.37185588035350103,bs,ZC1,0.2990331968385224
15,2019-05-09,0.323270739244117,bs,ZC1,0.2990331968385224
15,2019-05-14,0.3600850594628653,bs,ZC1,0.2990331968385224
15,2019-05-19,0.35204669380231934,bs,ZC1,0.2990331968385224
15,2019-05-24,0.32220745720315797,bs,ZC1,0.2990331968385224
15,2019-05-29,0.34978764324064426,bs,ZC1,0.2990331968385224
15,2019-06-03,0.3186522262334537,bs,ZC1,0.2990331968385224
15,2019-06-08,0.3378880025274465,bs,ZC1,0.2990331968385224
15,2019-06-18,0.32601905982221513,bs,ZC1,0.2990331968385224
15,2019-06-23,0.345865268253328,bs,ZC1,0.2990331968385224
15,2019-06-28,0.30465279401449613,bs,ZC1,0.2990331968385224
15,2019-07-03,0.247498332221481,bs,ZC1,0.2990331968385224
15,2019-07-08,0.3425723316314126,bs,ZC1,0.2990331968385224
15,2019-07-18,0.3095517484158648,bs,ZC1,0.2990331968385224
15,2019-07-28,0.28369108209780924,bs,ZC1,0.2990331968385224
15,2019-08-02,0.3043189368770764,bs,ZC1,0.2990331968385224
15,2019-08-07,0.2734334541688245,bs,ZC1,0.2990331968385224
15,2019-08-12,0.2833443928334439,bs,ZC1,0.2990331968385224
15,2019-08-17,0.28155884208312887,bs,ZC1,0.2990331968385224
15,2019-08-22,0.2782527480422444,bs,ZC1,0.2990331968385224
15,2019-08-27,0.3291438094576765,bs,ZC1,0.2990331968385224
15,2019-09-01,0.2959433896167589,bs,ZC1,0.2990331968385224
15,2019-09-06,0.29812032607963346,bs,ZC1,0.2990331968385224
15,2019-09-11,0.25209542230818827,bs,ZC1,0.2990331968385224
15,2019-09-16,0.31040905014830655,bs,ZC1,0.2990331968385224
15,2019-09-21,0.2818213660245184,bs,ZC1,0.2990331968385224
15,2019-09-26,0.3353810841828124,bs,ZC1,0.2990331968385224
15,2019-10-01,0.2554860012382197,bs,ZC1,0.2990331968385224
15,2019-10-06,0.3268824531516184,bs,ZC1,0.2990331968385224
15,2019-10-11,0.32783505154639175,bs,ZC1,0.2990331968385224
15,2019-10-16,0.3147083521736322,bs,ZC1,0.2990331968385224
15,2019-10-21,0.30021402166158634,bs,ZC1,0.2990331968385224
15,2019-10-26,0.32918228604104455,bs,ZC1,0.2990331968385224
15,2019-11-05,0.3050418532217247,bs,ZC1,0.2990331968385224
15,2019-11-10,0.2735938989513823,bs,ZC1,0.2990331968385224
15,2019-11-15,0.32572868868351323,bs,ZC1,0.2990331968385224
15,2019-11-20,0.31135989463286134,bs,ZC1,0.2990331968385224
15,2019-11-25,0.31992839332523493,bs,ZC1,0.2990331968385224
15,2019-11-30,0.32893810407732194,bs,ZC1,0.2990331968385224
15,2019-12-05,0.2890116393766029,bs,ZC1,0.2990331968385224
15,2019-12-10,0.31534472825043214,bs,ZC1,0.2990331968385224
15,2019-12-15,0.3063627730294397,bs,ZC1,0.2990331968385224
15,2019-12-20,0.305553763787654,bs,ZC1,0.2990331968385224
15,2019-12-25,0.32350087327770233,bs,ZC1,0.2990331968385224
15,2019-12-30,0.322412312570183,bs,ZC1,0.2990331968385224
15,2020-01-04,0.3407772815145657,bs,ZC1,0.2990331968385224
15,2020-01-09,0.33402979038889263,bs,ZC1,0.2990331968385224
15,2020-01-14,0.3297647459938629,bs,ZC1,0.2990331968385224
15,2020-01-19,0.3370067543547814,bs,ZC1,0.2990331968385224
15,2020-01-24,0.3753739930955121,bs,ZC1,0.2990331968385224
15,2020-01-29,0.3517879433144871,bs,ZC1,0.2990331968385224
15,2020-02-03,0.3627247331853019,bs,ZC1,0.2990331968385224
15,2020-02-13,0.3475673056958959,bs,ZC1,0.2990331968385224
15,2020-02-18,0.33149532032213597,bs,ZC1,0.2990331968385224
15,2020-02-23,0.386041682118223,bs,ZC1,0.2990331968385224
15,2020-02-28,0.3536328663714887,bs,ZC1,0.2990331968385224
15,2020-03-04,0.36303510429537034,bs,ZC1,0.2990331968385224
15,2020-03-14,0.3800925574690843,bs,ZC1,0.2990331968385224
15,2020-03-19,0.3680550472146988,bs,ZC1,0.2990331968385224
15,2020-03-24,0.3642052565707134,bs,ZC1,0.2990331968385224
15,2020-03-29,0.36551927471069506,bs,ZC1,0.2990331968385224
15,2020-04-13,0.3582965162598682,bs,ZC1,0.2990331968385224
15,2020-04-18,0.3389461023829211,bs,ZC1,0.2990331968385224
15,2020-04-23,0.36902910464341254,bs,ZC1,0.2990331968385224
15,2020-04-28,0.3472911880234195,bs,ZC1,0.2990331968385224
15,2020-05-08,0.355916685740444,bs,ZC1,0.2990331968385224
15,2020-05-13,0.34661534978492187,bs,ZC1,0.2990331968385224
15,2020-05-18,0.34312910780388306,bs,ZC1,0.2990331968385224
15,2020-05-23,0.33785775226867293,bs,ZC1,0.2990331968385224
15,2020-05-28,0.33219523550865215,bs,ZC1,0.2990331968385224
15,2020-06-02,0.3232647311996244,bs,ZC1,0.2990331968385224
15,2020-06-12,0.32083560682827966,bs,ZC1,0.2990331968385224
15,2020-06-22,0.30528561270443233,bs,ZC1,0.2990331968385224
15,2020-06-27,0.2823416044326668,bs,ZC1,0.2990331968385224
15,2020-07-02,0.28546915217221747,bs,ZC1,0.2990331968385224
15,2020-07-07,0.23417871533538753,bs,ZC1,0.2990331968385224
15,2020-07-12,0.23911200184999615,bs,ZC1,0.2990331968385224
15,2020-07-17,0.255463099774477,bs,ZC1,0.2990331968385224
15,2020-07-22,0.25806211365159754,bs,ZC1,0.2990331968385224
15,2020-07-27,0.26111919160989056,bs,ZC1,0.2990331968385224
15,2020-08-01,0.24488408970777015,bs,ZC1,0.2990331968385224
15,2020-08-06,0.27365554799183117,bs,ZC1,0.2990331968385224
15,2020-08-11,0.2501679731243001,bs,ZC1,0.2990331968385224
15,2020-08-16,0.20549747788581035,bs,ZC1,0.2990331968385224
15,2020-08-21,0.2240824211204121,bs,ZC1,0.2990331968385224
15,2020-08-31,0.19227410144440713,bs,ZC1,0.2990331968385224
15,2020-09-05,0.2641118591403418,bs,ZC1,0.2990331968385224
15,2020-09-10,0.3015413561039149,bs,ZC1,0.2990331968385224
15,2020-09-15,0.17733279935923107,bs,ZC1,0.2990331968385224
15,2020-09-20,0.30073969707643533,bs,ZC1,0.2990331968385224
15,2020-09-25,0.24680262703076392,bs,ZC1,0.2990331968385224
15,2020-09-30,0.27082060680105885,bs,ZC1,0.2990331968385224
15,2020-10-05,0.25586708203530634,bs,ZC1,0.2990331968385224
15,2020-10-10,0.32181264795400744,bs,ZC1,0.2990331968385224
15,2020-10-15,0.2745628505443748,bs,ZC1,0.2990331968385224
15,2020-10-20,0.3013255951988393,bs,ZC1,0.2990331968385224
15,2020-10-25,0.26582278481012656,bs,ZC1,0.2990331968385224
15,2020-10-30,0.2863592389551758,bs,ZC1,0.2990331968385224
15,2020-11-09,0.2758116779973315,bs,ZC1,0.2990331968385224
15,2020-11-14,0.2548306868184427,bs,ZC1,0.2990331968385224
15,2020-11-19,0.27769002337777215,bs,ZC1,0.2990331968385224
15,2020-11-29,0.2784688995215311,bs,ZC1,0.2990331968385224
15,2020-12-04,0.2481275206452852,bs,ZC1,0.2990331968385224
15,2020-12-09,0.2520456156175504,bs,ZC1,0.2990331968385224
15,2020-12-24,0.26683407123504926,bs,ZC1,0.2990331968385224
15,2020-12-29,0.2858458906363098,bs,ZC1,0.2990331968385224
15,2021-01-08,0.3233790141133156,bs,ZC1,0.2990331968385224
15,2021-01-13,0.2755074666905124,bs,ZC1,0.2990331968385224
15,2021-01-18,0.31641853638079265,bs,ZC1,0.2990331968385224
15,2021-01-28,0.31782283884738527,bs,ZC1,0.2990331968385224
15,2021-02-07,0.32131694102938113,bs,ZC1,0.2990331968385224
15,2021-02-12,0.2973748687434372,bs,ZC1,0.2990331968385224
15,2021-02-17,0.313911758496939,bs,ZC1,0.2990331968385224
15,2021-02-22,0.2983808789514264,bs,ZC1,0.2990331968385224
15,2021-02-27,0.29919605996958065,bs,ZC1,0.2990331968385224
15,2021-03-04,0.31690897371625004,bs,ZC1,0.2990331968385224
15,2021-03-09,0.3364485981308411,bs,ZC1,0.2990331968385224
15,2021-03-14,0.2961288911569585,bs,ZC1,0.2990331968385224
15,2021-03-24,0.29069031032298925,bs,ZC1,0.2990331968385224
15,2021-03-29,0.3218738992603029,bs,ZC1,0.2990331968385224
15,2021-04-03,0.3278735426650454,bs,ZC1,0.2990331968385224
15,2021-04-08,0.31730150789680556,bs,ZC1,0.2990331968385224
15,2021-04-13,0.2943637008153137,bs,ZC1,0.2990331968385224
15,2021-04-18,0.32757745048247844,bs,ZC1,0.2990331968385224
15,2021-04-23,0.30712263123502503,bs,ZC1,0.2990331968385224
15,2021-04-28,0.32122758310197347,bs,ZC1,0.2990331968385224
15,2021-05-03,0.2855218855218855,bs,ZC1,0.2990331968385224
15,2021-05-08,0.291701027063498,bs,ZC1,0.2990331968385224
15,2021-05-18,0.32164161298019567,bs,ZC1,0.2990331968385224
15,2021-05-23,0.2938805127791663,bs,ZC1,0.2990331968385224
15,2021-06-02,0.26761710794297355,bs,ZC1,0.2990331968385224
15,2021-06-07,0.2620750622840151,bs,ZC1,0.2990331968385224
15,2021-06-12,0.28104937782357137,bs,ZC1,0.2990331968385224
15,2021-06-17,0.2950942143272184,bs,ZC1,0.2990331968385224
15,2021-07-02,0.2132457253789293,bs,ZC1,0.2990331968385224
15,2021-07-07,0.24994314305208096,bs,ZC1,0.2990331968385224
15,2021-07-22,0.25564320862297896,bs,ZC1,0.2990331968385224
15,2021-07-27,0.21806899608480465,bs,ZC1,0.2990331968385224
15,2021-08-06,0.2658141128111441,bs,ZC1,0.2990331968385224
15,2021-08-16,0.27622707170303773,bs,ZC1,0.2990331968385224
15,2021-08-21,0.245260923662446,bs,ZC1,0.2990331968385224
15,2021-08-26,0.17864143291652584,bs,ZC1,0.2990331968385224
15,2021-08-31,0.22528977871443623,bs,ZC1,0.2990331968385224
15,2021-09-05,0.2481294236602629,bs,ZC1,0.2990331968385224
15,2021-09-10,0.2474964234620887,bs,ZC1,0.2990331968385224
15,2021-09-15,0.22979408411026897,bs,ZC1,0.2990331968385224
15,2021-09-20,0.23929618768328448,bs,ZC1,0.2990331968385224
15,2021-09-25,0.2600299109174849,bs,ZC1,0.2990331968385224
15,2021-09-30,0.23186453723301903,bs,ZC1,0.2990331968385224
15,2021-10-05,0.25094472554922176,bs,ZC1,0.2990331968385224
15,2021-10-10,0.2519519716554032,bs,ZC1,0.2990331968385224
15,2021-10-15,0.27711388153220073,bs,ZC1,0.2990331968385224
15,2021-10-20,0.25478720020357526,bs,ZC1,0.2990331968385224
15,2021-10-25,0.28240711133849206,bs,ZC1,0.2990331968385224
15,2021-10-30,0.24711820051093525,bs,ZC1,0.2990331968385224
15,2021-11-04,0.2749953797819257,bs,ZC1,0.2990331968385224
15,2021-11-09,0.2384984125007782,bs,ZC1,0.2990331968385224
15,2021-11-14,0.2715762431953025,bs,ZC1,0.2990331968385224
15,2021-11-19,0.2597708268813874,bs,ZC1,0.2990331968385224
15,2021-11-24,0.2559816046237027,bs,ZC1,0.2990331968385224
15,2021-11-29,0.2680061823802164,bs,ZC1,0.2990331968385224
15,2021-12-04,0.2530532177434664,bs,ZC1,0.2990331968385224
15,2021-12-09,0.25539591113361604,bs,ZC1,0.2990331968385224
15,2021-12-14,0.2595310653647615,bs,ZC1,0.2990331968385224
15,2021-12-29,0.32031658328977825,bs,ZC1,0.2990331968385224
15,2022-01-03,0.31049716008695044,bs,ZC1,0.2990331968385224
15,2022-01-08,0.28986016442976603,bs,ZC1,0.2990331968385224
15,2022-01-18,0.3464854368932039,bs,ZC1,0.2990331968385224
15,2022-01-23,0.3442954528429096,bs,ZC1,0.2990331968385224
15,2022-01-28,0.308279646862324,bs,ZC1,0.2990331968385224
15,2022-02-02,0.3287133287133287,bs,ZC1,0.2990331968385224
15,2022-02-07,0.33470057424118127,bs,ZC1,0.2990331968385224
15,2022-02-12,0.33316352521650533,bs,ZC1,0.2990331968385224
15,2022-02-17,0.3303471444568869,bs,ZC1,0.2990331968385224
15,2022-02-22,0.35407396600773217,bs,ZC1,0.2990331968385224
15,2022-02-27,0.3114656771799629,bs,ZC1,0.2990331968385224
15,2022-03-04,0.32723934827507073,bs,ZC1,0.2990331968385224
15,2022-03-09,0.3318852520410456,bs,ZC1,0.2990331968385224
15,2022-03-14,0.3319826125396007,bs,ZC1,0.2990331968385224
15,2022-03-19,0.33283726467743135,bs,ZC1,0.2990331968385224
15,2022-03-24,0.3499963564818188,bs,ZC1,0.2990331968385224
15,2022-03-29,0.32786644112671914,bs,ZC1,0.2990331968385224
15,2022-04-03,0.3603918292960741,bs,ZC1,0.2990331968385224
15,2022-04-08,0.33126523376911143,bs,ZC1,0.2990331968385224
15,2022-04-13,0.3332105767106135,bs,ZC1,0.2990331968385224
15,2022-04-18,0.3475650433622415,bs,ZC1,0.2990331968385224
15,2022-04-23,0.3267755412077478,bs,ZC1,0.2990331968385224
15,2022-04-28,0.2980147222841847,bs,ZC1,0.2990331968385224
15,2022-05-03,0.312916510670161,bs,ZC1,0.2990331968385224
15,2022-05-08,0.31105321920357276,bs,ZC1,0.2990331968385224
15,2022-05-13,0.32659198556499514,bs,ZC1,0.2990331968385224
15,2022-05-18,0.31231835457187573,bs,ZC1,0.2990331968385224
15,2022-05-23,0.3032074455811091,bs,ZC1,0.2990331968385224
15,2022-05-28,0.27485555638928494,bs,ZC1,0.2990331968385224
15,2022-06-02,0.20801684590509137,bs,ZC1,0.2990331968385224
15,2022-06-07,0.2926411865373645,bs,ZC1,0.2990331968385224
15,2022-06-12,0.2923076923076923,bs,ZC1,0.2990331968385224
15,2022-06-17,0.22229837788439571,bs,ZC1,0.2990331968385224
15,2022-06-22,0.21177497998690056,bs,ZC1,0.2990331968385224
15,2022-07-02,0.27047127570767243,bs,ZC1,0.2990331968385224
15,2022-07-07,0.2604206500956023,bs,ZC1,0.2990331968385224
15,2022-07-12,0.24016437105243132,bs,ZC1,0.2990331968385224
15,2022-07-17,0.14132676824805376,bs,ZC1,0.2990331968385224
15,2022-07-27,0.2724952137843012,bs,ZC1,0.2990331968385224
15,2022-08-01,0.2951857153620131,bs,ZC1,0.2990331968385224
15,2022-08-06,0.23380322839821785,bs,ZC1,0.2990331968385224
15,2022-08-11,0.25573984210907513,bs,ZC1,0.2990331968385224
15,2022-08-16,0.25093386068995827,bs,ZC1,0.2990331968385224
15,2022-08-21,0.2873866799914341,bs,ZC1,0.2990331968385224
15,2022-08-26,0.2656462341749517,bs,ZC1,0.2990331968385224
15,2022-08-31,0.26117992861641826,bs,ZC1,0.2990331968385224
15,2022-09-05,0.24631319020508952,bs,ZC1,0.2990331968385224
15,2022-09-15,0.27376884422110553,bs,ZC1,0.2990331968385224
15,2022-09-20,0.25264648371653964,bs,ZC1,0.2990331968385224
15,2022-09-25,0.2415395692871637,bs,ZC1,0.2990331968385224
15,2022-09-30,0.25126653069280874,bs,ZC1,0.2990331968385224
15,2022-10-05,0.24704755825087776,bs,ZC1,0.2990331968385224
15,2022-10-10,0.257264901948094,bs,ZC1,0.2990331968385224
15,2022-10-15,0.2578499712221014,bs,ZC1,0.2990331968385224
15,2022-10-20,0.26551354081181744,bs,ZC1,0.2990331968385224
15,2022-10-25,0.272301056448084,bs,ZC1,0.2990331968385224
15,2022-10-30,0.267960440380668,bs,ZC1,0.2990331968385224
15,2022-11-04,0.273748848633712,bs,ZC1,0.2990331968385224
15,2022-11-09,0.2593593887746106,bs,ZC1,0.2990331968385224
15,2022-11-14,0.2521968905549069,bs,ZC1,0.2990331968385224
15,2022-11-19,0.2691674290942361,bs,ZC1,0.2990331968385224
15,2022-11-24,0.2625400213447172,bs,ZC1,0.2990331968385224
15,2022-11-29,0.3034280117531831,bs,ZC1,0.2990331968385224
15,2022-12-04,0.30968114454352985,bs,ZC1,0.2990331968385224
15,2022-12-09,0.27126733311834894,bs,ZC1,0.2990331968385224
15,2022-12-14,0.28942245295262814,bs,ZC1,0.2990331968385224
15,2022-12-19,0.3308984660336012,bs,ZC1,0.2990331968385224
15,2022-12-24,0.3029843863232097,bs,ZC1,0.2990331968385224
15,2022-12-29,0.2997434716832204,bs,ZC1,0.2990331968385224
15,2023-01-03,0.287108239095315,bs,ZC1,0.2990331968385224
15,2023-01-08,0.3412140575079872,bs,ZC1,0.2990331968385224
15,2023-01-13,0.33701392222755644,bs,ZC1,0.2990331968385224
15,2023-01-18,0.32373329521903804,bs,ZC1,0.2990331968385224
15,2023-01-23,0.3131697200138265,bs,ZC1,0.2990331968385224
15,2023-01-28,0.3078907761771662,bs,ZC1,0.2990331968385224
15,2023-02-02,0.3635140482785912,bs,ZC1,0.2990331968385224
15,2023-02-17,0.34034078335915025,bs,ZC1,0.2990331968385224
15,2023-02-22,0.332398316970547,bs,ZC1,0.2990331968385224
15,2023-02-27,0.32499820878412267,bs,ZC1,0.2990331968385224
15,2023-03-04,0.30743658307436583,bs,ZC1,0.2990331968385224
15,2023-03-09,0.3319158296062761,bs,ZC1,0.2990331968385224
15,2023-03-19,0.32994886237308235,bs,ZC1,0.2990331968385224
15,2023-03-24,0.35890252945538437,bs,ZC1,0.2990331968385224
15,2023-03-29,0.39074934993302346,bs,ZC1,0.2990331968385224
15,2023-04-03,0.3583132717247806,bs,ZC1,0.2990331968385224
15,2023-04-08,0.3635805783539158,bs,ZC1,0.2990331968385224
15,2023-04-13,0.3405631938828027,bs,ZC1,0.2990331968385224
15,2023-04-23,0.3427867751324726,bs,ZC1,0.2990331968385224
15,2023-04-28,0.32887639595836815,bs,ZC1,0.2990331968385224
15,2023-05-08,0.33516614869710737,bs,ZC1,0.2990331968385224
15,2023-05-13,0.3335679099225897,bs,ZC1,0.2990331968385224
15,2023-05-18,0.3537724738949517,bs,ZC1,0.2990331968385224
15,2023-05-23,0.3233094544595765,bs,ZC1,0.2990331968385224
15,2023-05-28,0.3446543889021765,bs,ZC1,0.2990331968385224
15,2023-06-02,0.2908606782050278,bs,ZC1,0.2990331968385224
15,2023-06-07,0.342937897464081,bs,ZC1,0.2990331968385224
15,2023-06-12,0.27907514450867055,bs,ZC1,0.2990331968385224
15,2023-06-17,0.28508261577845007,bs,ZC1,0.2990331968385224
15,2023-06-22,0.2875399361022364,bs,ZC1,0.2990331968385224
15,2023-06-27,0.2938641172321918,bs,ZC1,0.2990331968385224
15,2023-07-02,0.276318940059063,bs,ZC1,0.2990331968385224
15,2023-07-07,0.265863088469411,bs,ZC1,0.2990331968385224
15,2023-07-12,0.25604420907207004,bs,ZC1,0.2990331968385224
15,2023-07-17,0.2856819724044334,bs,ZC1,0.2990331968385224
15,2023-07-22,0.2512935883014623,bs,ZC1,0.2990331968385224
15,2023-07-27,0.30262857142857147,bs,ZC1,0.2990331968385224
15,2023-08-01,0.2710964945063159,bs,ZC1,0.2990331968385224
15,2023-08-06,0.2924904156957077,bs,ZC1,0.2990331968385224
15,2023-08-16,0.30510684534588917,bs,ZC1,0.2990331968385224
15,2023-08-21,0.2744099289762537,bs,ZC1,0.2990331968385224
15,2023-08-26,0.26668578392716324,bs,ZC1,0.2990331968385224
15,2023-08-31,0.2918747801618009,bs,ZC1,0.2990331968385224
15,2023-09-05,0.28134577402438193,bs,ZC1,0.2990331968385224
15,2023-09-10,0.2951902566572628,bs,ZC1,0.2990331968385224
15,2023-09-15,0.3090323023112269,bs,ZC1,0.2990331968385224
15,2023-09-20,0.2727810262137836,bs,ZC1,0.2990331968385224
15,2023-09-25,0.3009342079109521,bs,ZC1,0.2990331968385224
15,2023-09-30,0.27326690693237227,bs,ZC1,0.2990331968385224
15,2023-10-05,0.29320413270872103,bs,ZC1,0.2990331968385224
15,2023-10-10,0.28605845432067456,bs,ZC1,0.2990331968385224
15,2023-10-15,0.29792421746293246,bs,ZC1,0.2990331968385224
15,2023-10-20,0.2857786068051714,bs,ZC1,0.2990331968385224
15,2023-10-25,0.29703344460540404,bs,ZC1,0.2990331968385224
15,2023-10-30,0.28460721204924694,bs,ZC1,0.2990331968385224
15,2023-11-04,0.2980194907261867,bs,ZC1,0.2990331968385224
15,2023-11-14,0.2921097879386105,bs,ZC1,0.2990331968385224
15,2023-11-19,0.2803488446113693,bs,ZC1,0.2990331968385224
15,2023-11-24,0.2930276981852913,bs,ZC1,0.2990331968385224
15,2023-11-29,0.2936824132043256,bs,ZC1,0.2990331968385224
15,2023-12-04,0.30313066300068736,bs,ZC1,0.2990331968385224
15,2023-12-09,0.29914204003813155,bs,ZC1,0.2990331968385224
15,2023-12-24,0.3086403984928795,bs,ZC1,0.2990331968385224
15,2024-01-03,0.30844479936114994,bs,ZC1,0.2990331968385224
15,2024-01-08,0.31017833000708167,bs,ZC1,0.2990331968385224
15,2024-01-13,0.3280409220753338,bs,ZC1,0.2990331968385224
15,2024-01-18,0.29941645985646254,bs,ZC1,0.2990331968385224
15,2024-01-23,0.32114829968475417,bs,ZC1,0.2990331968385224
15,2024-01-28,0.3691886964448496,bs,ZC1,0.2990331968385224
15,2024-02-02,0.34852973051080127,bs,ZC1,0.2990331968385224
15,2024-02-17,0.3355337184007201,bs,ZC1,0.2990331968385224
15,2024-02-22,0.3468423091824874,bs,ZC1,0.2990331968385224
15,2024-03-03,0.31308171491388787,bs,ZC1,0.2990331968385224
15,2024-03-08,0.3430180023632446,bs,ZC1,0.2990331968385224
15,2024-03-13,0.3265850945494994,bs,ZC1,0.2990331968385224
15,2024-03-18,0.32688325598000717,bs,ZC1,0.2990331968385224
15,2024-03-23,0.34706435966118876,bs,ZC1,0.2990331968385224
15,2024-04-02,0.3406842992160598,bs,ZC1,0.2990331968385224
15,2024-04-07,0.33104345939691954,bs,ZC1,0.2990331968385224
15,2024-04-12,0.3322024110301018,bs,ZC1,0.2990331968385224
15,2024-04-17,0.35836658061487914,bs,ZC1,0.2990331968385224
15,2024-04-22,0.33280127693535516,bs,ZC1,0.2990331968385224
15,2024-04-27,0.30479732242469315,bs,ZC1,0.2990331968385224
15,2024-05-02,0.2847457627118644,bs,ZC1,0.2990331968385224
15,2024-05-12,0.24132243796386535,bs,ZC1,0.2990331968385224
15,2024-05-22,0.2951343942739663,bs,ZC1,0.2990331968385224
15,2024-05-27,0.2471893156266506,bs,ZC1,0.2990331968385224
15,2024-06-01,0.28224371373307544,bs,ZC1,0.2990331968385224
15,2024-06-06,0.3072051895899297,bs,ZC1,0.2990331968385224
15,2024-06-11,0.3083834615091754,bs,ZC1,0.2990331968385224
15,2024-06-16,0.2855927615806975,bs,ZC1,0.2990331968385224
15,2024-06-21,0.26762589928057556,bs,ZC1,0.2990331968385224
15,2024-07-01,0.27155271860339925,bs,ZC1,0.2990331968385224
15,2024-07-06,0.2654867256637168,bs,ZC1,0.2990331968385224
15,2024-07-11,0.15741870648194672,bs,ZC1,0.2990331968385224
15,2024-07-16,0.19644201163188507,bs,ZC1,0.2990331968385224
15,2024-07-26,0.26403502035173954,bs,ZC1,0.2990331968385224
15,2024-07-31,0.26299810246679317,bs,ZC1,0.2990331968385224
15,2024-08-05,0.2613084112149533,bs,ZC1,0.2990331968385224
15,2024-08-10,0.2413515687851971,bs,ZC1,0.2990331968385224
15,2024-08-15,0.24342437126180008,bs,ZC1,0.2990331968385224
15,2024-08-20,0.25176504840235825,bs,ZC1,0.2990331968385224
15,2024-08-25,0.2527903023135487,bs,ZC1,0.2990331968385224
15,2024-08-30,0.24215246636771295,bs,ZC1,0.2990331968385224
15,2024-09-04,0.2654031750472061,bs,ZC1,0.2990331968385224
15,2024-09-09,0.2764296265034818,bs,ZC1,0.2990331968385224
15,2024-09-14,0.28245217033532194,bs,ZC1,0.2990331968385224
15,2024-09-19,0.26970670677514186,bs,ZC1,0.2990331968385224
15,2024-09-24,0.2566150098125465,bs,ZC1,0.2990331968385224
15,2024-09-29,0.25934813037392523,bs,ZC1,0.2990331968385224
15,2024-10-04,0.2564068951956479,bs,ZC1,0.2990331968385224
15,2024-10-14,0.266566573397939,bs,ZC1,0.2990331968385224
15,2024-10-19,0.29103739365560904,bs,ZC1,0.2990331968385224
15,2024-10-24,0.2872319624584501,bs,ZC1,0.2990331968385224
15,2024-10-29,0.2568659127625202,bs,ZC1,0.2990331968385224
15,2024-11-03,0.278947025477292,bs,ZC1,0.2990331968385224
15,2024-11-08,0.2577696526508227,bs,ZC1,0.2990331968385224
15,2024-11-13,0.2635017139900394,bs,ZC1,0.2990331968385224
15,2024-11-18,0.2358609689639131,bs,ZC1,0.2990331968385224
15,2024-11-23,0.2392329050171111,bs,ZC1,0.2990331968385224
15,2024-11-28,0.25849907860456245,bs,ZC1,0.2990331968385224
15,2024-12-03,0.24059766298448376,bs,ZC1,0.2990331968385224
15,2024-12-08,0.27475661933403606,bs,ZC1,0.2990331968385224
15,2024-12-13,0.25957049486461253,bs,ZC1,0.2990331968385224
15,2024-12-18,0.2560265481184647,bs,ZC1,0.2990331968385224
15,2024-12-23,0.258565005382813,bs,ZC1,0.2990331968385224
15,2024-12-28,0.26310119764273493,bs,ZC1,0.2990331968385224
15,2025-01-02,0.2798918292447363,bs,ZC1,0.2990331968385224
15,2025-01-12,0.2609782678376819,bs,ZC1,0.2990331968385224
15,2025-01-17,0.27401415571284127,bs,ZC1,0.2990331968385224
15,2025-01-22,0.2853740272587847,bs,ZC1,0.2990331968385224
15,2025-01-27,0.278407960199005,bs,ZC1,0.2990331968385224
15,2025-02-01,0.2665921199763205,bs,ZC1,0.2990331968385224
15,2025-02-06,0.25793567374395626,bs,ZC1,0.2990331968385224
15,2025-02-11,0.2851179294510541,bs,ZC1,0.2990331968385224
15,2025-02-16,0.28639347973737833,bs,ZC1,0.2990331968385224
15,2025-02-21,0.2998922026590011,bs,ZC1,0.2990331968385224
15,2025-02-26,0.2612668743509865,bs,ZC1,0.2990331968385224
15,2025-03-03,0.27270604716320335,bs,ZC1,0.2990331968385224
15,2025-03-08,0.30949297033502554,bs,ZC1,0.2990331968385224
15,2025-03-13,0.29135273380797677,bs,ZC1,0.2990331968385224
15,2025-03-18,0.2977738443733406,bs,ZC1,0.2990331968385224
15,2025-03-20,0.2915731483370741,bs,ZC1,0.2990331968385224
15,2025-03-23,0.28838643371017475,bs,ZC1,0.2990331968385224
15,2025-03-28,0.29243523316062175,bs,ZC1,0.2990331968385224
17,2016-07-23,0.34561906863826974,bs,ZC1,0.3739000643223543
17,2016-08-12,0.3573000212932075,bs,ZC1,0.3739000643223543
17,2016-09-01,0.38699891657638136,bs,ZC1,0.3739000643223543
17,2016-09-21,0.3736743605739239,bs,ZC1,0.3739000643223543
17,2016-10-11,0.3819894859015498,bs,ZC1,0.3739000643223543
17,2016-10-31,0.37041262597451985,bs,ZC1,0.3739000643223543
17,2016-11-10,0.38123715193421787,bs,ZC1,0.3739000643223543
17,2016-11-30,0.3892222978407474,bs,ZC1,0.3739000643223543
17,2016-12-10,0.397902052899157,bs,ZC1,0.3739000643223543
17,2016-12-20,0.39791042874434607,bs,ZC1,0.3739000643223543
17,2017-01-19,0.4742506913820166,bs,ZC1,0.3739000643223543
17,2017-01-29,0.5108310061136689,bs,ZC1,0.3739000643223543
17,2017-02-18,0.4740696900199748,bs,ZC1,0.3739000643223543
17,2017-02-28,0.4868346431175565,bs,ZC1,0.3739000643223543
17,2017-03-20,0.4777214615326424,bs,ZC1,0.3739000643223543
17,2017-04-09,0.44170251301788543,bs,ZC1,0.3739000643223543
17,2017-05-19,0.4028629856850716,bs,ZC1,0.3739000643223543
17,2017-06-28,0.28599530907165016,bs,ZC1,0.3739000643223543
17,2017-07-13,0.3419190076614374,bs,ZC1,0.3739000643223543
17,2017-07-18,0.3531113253726915,bs,ZC1,0.3739000643223543
17,2017-08-02,0.3180829415479616,bs,ZC1,0.3739000643223543
17,2017-08-07,0.32424754819073387,bs,ZC1,0.3739000643223543
17,2017-08-22,0.26509542892073623,bs,ZC1,0.3739000643223543
17,2017-08-27,0.31217001938114014,bs,ZC1,0.3739000643223543
17,2017-09-11,0.3055870769641546,bs,ZC1,0.3739000643223543
17,2017-09-16,0.33422442023658355,bs,ZC1,0.3739000643223543
17,2017-10-01,0.349955839391263,bs,ZC1,0.3739000643223543
17,2017-10-06,0.35611725004962613,bs,ZC1,0.3739000643223543
17,2017-10-21,0.35802002645002834,bs,ZC1,0.3739000643223543
17,2017-10-26,0.3775251745227653,bs,ZC1,0.3739000643223543
17,2017-11-10,0.34735673308247483,bs,ZC1,0.3739000643223543
17,2017-11-15,0.3662823662823663,bs,ZC1,0.3739000643223543
17,2017-11-20,0.35928802984892044,bs,ZC1,0.3739000643223543
17,2017-11-30,0.3189547163057097,bs,ZC1,0.3739000643223543
17,2017-12-05,0.3785471406491499,bs,ZC1,0.3739000643223543
17,2017-12-10,0.3470347523361632,bs,ZC1,0.3739000643223543
17,2017-12-20,0.2910377060569696,bs,ZC1,0.3739000643223543
17,2017-12-25,0.3819015474750048,bs,ZC1,0.3739000643223543
17,2017-12-30,0.420461265523359,bs,ZC1,0.3739000643223543
17,2018-01-14,0.4267533356140951,bs,ZC1,0.3739000643223543
17,2018-01-19,0.3979571128999526,bs,ZC1,0.3739000643223543
17,2018-01-29,0.3926401310848638,bs,ZC1,0.3739000643223543
17,2018-02-08,0.49438470728793305,bs,ZC1,0.3739000643223543
17,2018-02-23,0.4937314793708685,bs,ZC1,0.3739000643223543
17,2018-02-28,0.4393059222934741,bs,ZC1,0.3739000643223543
17,2018-03-05,0.4702702702702703,bs,ZC1,0.3739000643223543
17,2018-03-10,0.4321783304268709,bs,ZC1,0.3739000643223543
17,2018-03-15,0.4447264312905874,bs,ZC1,0.3739000643223543
17,2018-03-20,0.4196761195164601,bs,ZC1,0.3739000643223543
17,2018-03-25,0.4613447302144547,bs,ZC1,0.3739000643223543
17,2018-04-04,0.4433078920450075,bs,ZC1,0.3739000643223543
17,2018-04-09,0.3846510549501507,bs,ZC1,0.3739000643223543
17,2018-04-14,0.4383798840623353,bs,ZC1,0.3739000643223543
17,2018-04-19,0.40801832760595647,bs,ZC1,0.3739000643223543
17,2018-04-24,0.4072428349255721,bs,ZC1,0.3739000643223543
17,2018-04-29,0.36960289352723985,bs,ZC1,0.3739000643223543
17,2018-05-04,0.4180156455735418,bs,ZC1,0.3739000643223543
17,2018-05-09,0.40438397581254726,bs,ZC1,0.3739000643223543
17,2018-05-14,0.37595434564664154,bs,ZC1,0.3739000643223543
17,2018-05-19,0.404051900751195,bs,ZC1,0.3739000643223543
17,2018-05-24,0.4172991658525588,bs,ZC1,0.3739000643223543
17,2018-05-29,0.33936760801351673,bs,ZC1,0.3739000643223543
17,2018-06-08,0.3663124092055968,bs,ZC1,0.3739000643223543
17,2018-06-13,0.30792899408284025,bs,ZC1,0.3739000643223543
17,2018-06-18,0.34946696755116335,bs,ZC1,0.3739000643223543
17,2018-06-23,0.34013556903317876,bs,ZC1,0.3739000643223543
17,2018-07-03,0.3526107310046813,bs,ZC1,0.3739000643223543
17,2018-07-08,0.34623358673116794,bs,ZC1,0.3739000643223543
17,2018-07-13,0.3414105442440195,bs,ZC1,0.3739000643223543
17,2018-08-07,0.3346295096133074,bs,ZC1,0.3739000643223543
17,2018-08-12,0.3425328288448698,bs,ZC1,0.3739000643223543
17,2018-08-17,0.3835495931383329,bs,ZC1,0.3739000643223543
17,2018-08-22,0.38791334093500573,bs,ZC1,0.3739000643223543
17,2018-08-27,0.3470575555076525,bs,ZC1,0.3739000643223543
17,2018-09-01,0.3688472642771636,bs,ZC1,0.3739000643223543
17,2018-09-06,0.3821669626998224,bs,ZC1,0.3739000643223543
17,2018-09-11,0.36817882971729127,bs,ZC1,0.3739000643223543
17,2018-09-16,0.34099489964893687,bs,ZC1,0.3739000643223543
17,2018-09-21,0.3541165968550436,bs,ZC1,0.3739000643223543
17,2018-09-26,0.34675701839303,bs,ZC1,0.3739000643223543
17,2018-10-01,0.3909758656873033,bs,ZC1,0.3739000643223543
17,2018-10-11,0.3843286111299397,bs,ZC1,0.3739000643223543
17,2018-10-16,0.36307999750202963,bs,ZC1,0.3739000643223543
17,2018-10-21,0.3699361043409526,bs,ZC1,0.3739000643223543
17,2018-10-26,0.3379457827536323,bs,ZC1,0.3739000643223543
17,2018-10-31,0.3884781071175979,bs,ZC1,0.3739000643223543
17,2018-11-10,0.3904019120699415,bs,ZC1,0.3739000643223543
17,2018-11-15,0.3567445648768874,bs,ZC1,0.3739000643223543
17,2018-11-20,0.3617189881133801,bs,ZC1,0.3739000643223543
17,2018-11-25,0.3057926275649174,bs,ZC1,0.3739000643223543
17,2018-11-30,0.3742723004694836,bs,ZC1,0.3739000643223543
17,2018-12-05,0.33030060859408616,bs,ZC1,0.3739000643223543
17,2018-12-10,0.37567517228534175,bs,ZC1,0.3739000643223543
17,2018-12-15,0.29870939584762146,bs,ZC1,0.3739000643223543
17,2018-12-20,0.37140316331067774,bs,ZC1,0.3739000643223543
17,2018-12-25,0.32630926557173845,bs,ZC1,0.3739000643223543
17,2019-01-09,0.40050219711236656,bs,ZC1,0.3739000643223543
17,2019-01-29,0.4929357583326829,bs,ZC1,0.3739000643223543
17,2019-02-13,0.49559934574343795,bs,ZC1,0.3739000643223543
17,2019-02-18,0.4936509129160718,bs,ZC1,0.3739000643223543
17,2019-02-23,0.4879757179547046,bs,ZC1,0.3739000643223543
17,2019-02-28,0.4874413058060669,bs,ZC1,0.3739000643223543
17,2019-03-05,0.4516153324798554,bs,ZC1,0.3739000643223543
17,2019-03-10,0.479192569297155,bs,ZC1,0.3739000643223543
17,2019-03-15,0.4620976902688376,bs,ZC1,0.3739000643223543
17,2019-03-20,0.4431946855891899,bs,ZC1,0.3739000643223543
17,2019-03-25,0.4171683389074694,bs,ZC1,0.3739000643223543
17,2019-03-30,0.41818043626966633,bs,ZC1,0.3739000643223543
17,2019-04-09,0.4484524604765086,bs,ZC1,0.3739000643223543
17,2019-04-14,0.4196329869555605,bs,ZC1,0.3739000643223543
17,2019-04-19,0.42406211450547854,bs,ZC1,0.3739000643223543
17,2019-04-24,0.4097123645872245,bs,ZC1,0.3739000643223543
17,2019-04-29,0.4179435931601155,bs,ZC1,0.3739000643223543
17,2019-05-04,0.3908252754666067,bs,ZC1,0.3739000643223543
17,2019-05-09,0.3675871770193233,bs,ZC1,0.3739000643223543
17,2019-05-14,0.3931066247025409,bs,ZC1,0.3739000643223543
17,2019-05-19,0.37814207650273224,bs,ZC1,0.3739000643223543
17,2019-05-24,0.34222357692600774,bs,ZC1,0.3739000643223543
17,2019-05-29,0.3826086956521739,bs,ZC1,0.3739000643223543
17,2019-06-03,0.37399432993640336,bs,ZC1,0.3739000643223543
17,2019-06-08,0.3760900350301856,bs,ZC1,0.3739000643223543
17,2019-06-18,0.3453580901856764,bs,ZC1,0.3739000643223543
17,2019-06-23,0.3453924914675768,bs,ZC1,0.3739000643223543
17,2019-06-28,0.31306654875082907,bs,ZC1,0.3739000643223543
17,2019-07-03,0.24155371232045317,bs,ZC1,0.3739000643223543
17,2019-07-08,0.3742744369630834,bs,ZC1,0.3739000643223543
17,2019-07-18,0.36111741994094937,bs,ZC1,0.3739000643223543
17,2019-07-28,0.32767146850139756,bs,ZC1,0.3739000643223543
17,2019-08-02,0.34023519226607024,bs,ZC1,0.3739000643223543
17,2019-08-07,0.32068180249810224,bs,ZC1,0.3739000643223543
17,2019-08-12,0.3236981934112646,bs,ZC1,0.3739000643223543
17,2019-08-17,0.3478800413650465,bs,ZC1,0.3739000643223543
17,2019-08-22,0.3306613226452906,bs,ZC1,0.3739000643223543
17,2019-08-27,0.3598895262375186,bs,ZC1,0.3739000643223543
17,2019-09-01,0.35379380741748895,bs,ZC1,0.3739000643223543
17,2019-09-06,0.3101244071757509,bs,ZC1,0.3739000643223543
17,2019-09-11,0.28946840521564693,bs,ZC1,0.3739000643223543
17,2019-09-16,0.3344728947184818,bs,ZC1,0.3739000643223543
17,2019-09-21,0.3359190556492411,bs,ZC1,0.3739000643223543
17,2019-09-26,0.37248251006995975,bs,ZC1,0.3739000643223543
17,2019-10-01,0.3158109486569194,bs,ZC1,0.3739000643223543
17,2019-10-06,0.37286946762993617,bs,ZC1,0.3739000643223543
17,2019-10-11,0.38718644516513334,bs,ZC1,0.3739000643223543
17,2019-10-16,0.3711172768491575,bs,ZC1,0.3739000643223543
17,2019-10-21,0.3522251561795582,bs,ZC1,0.3739000643223543
17,2019-10-26,0.39344262295081966,bs,ZC1,0.3739000643223543
17,2019-11-05,0.3922049428921726,bs,ZC1,0.3739000643223543
17,2019-11-10,0.35967508343303317,bs,ZC1,0.3739000643223543
17,2019-11-15,0.3831422532504964,bs,ZC1,0.3739000643223543
17,2019-11-20,0.3849958250369324,bs,ZC1,0.3739000643223543
17,2019-11-25,0.40156437267394185,bs,ZC1,0.3739000643223543
17,2019-11-30,0.38827838827838834,bs,ZC1,0.3739000643223543
17,2019-12-05,0.34993829966876666,bs,ZC1,0.3739000643223543
17,2019-12-10,0.3732966540848314,bs,ZC1,0.3739000643223543
17,2019-12-15,0.39859200000000006,bs,ZC1,0.3739000643223543
17,2019-12-20,0.3529301159511125,bs,ZC1,0.3739000643223543
17,2019-12-25,0.4216727834653274,bs,ZC1,0.3739000643223543
17,2019-12-30,0.4069837447320891,bs,ZC1,0.3739000643223543
17,2020-01-04,0.3753211674023321,bs,ZC1,0.3739000643223543
17,2020-01-09,0.4025482779215608,bs,ZC1,0.3739000643223543
17,2020-01-14,0.40906299051388795,bs,ZC1,0.3739000643223543
17,2020-01-19,0.43145825868864207,bs,ZC1,0.3739000643223543
17,2020-01-24,0.4729698104376317,bs,ZC1,0.3739000643223543
17,2020-01-29,0.4618932571930595,bs,ZC1,0.3739000643223543
17,2020-02-03,0.45767955801104976,bs,ZC1,0.3739000643223543
17,2020-02-13,0.4426574899922748,bs,ZC1,0.3739000643223543
17,2020-02-18,0.4420819490586933,bs,ZC1,0.3739000643223543
17,2020-02-23,0.4561769305234939,bs,ZC1,0.3739000643223543
17,2020-02-28,0.4375138734739179,bs,ZC1,0.3739000643223543
17,2020-03-04,0.4326032315978456,bs,ZC1,0.3739000643223543
17,2020-03-14,0.3880331294991872,bs,ZC1,0.3739000643223543
17,2020-03-19,0.4526555498420628,bs,ZC1,0.3739000643223543
17,2020-03-24,0.4200226671703816,bs,ZC1,0.3739000643223543
17,2020-03-29,0.3856482500550298,bs,ZC1,0.3739000643223543
17,2020-04-13,0.3908097256301584,bs,ZC1,0.3739000643223543
17,2020-04-18,0.3989179303512917,bs,ZC1,0.3739000643223543
17,2020-04-23,0.39245311669577104,bs,ZC1,0.3739000643223543
17,2020-04-28,0.39590621510978785,bs,ZC1,0.3739000643223543
17,2020-05-08,0.40522777064289495,bs,ZC1,0.3739000643223543
17,2020-05-13,0.3817381738173818,bs,ZC1,0.3739000643223543
17,2020-05-18,0.3660760619764252,bs,ZC1,0.3739000643223543
17,2020-05-23,0.40619043988716935,bs,ZC1,0.3739000643223543
17,2020-05-28,0.39045142992200427,bs,ZC1,0.3739000643223543
17,2020-06-02,0.3465793632874238,bs,ZC1,0.3739000643223543
17,2020-06-12,0.3391433034613171,bs,ZC1,0.3739000643223543
17,2020-06-22,0.3568458218909376,bs,ZC1,0.3739000643223543
17,2020-06-27,0.31188002811840976,bs,ZC1,0.3739000643223543
17,2020-07-02,0.3170638848701744,bs,ZC1,0.3739000643223543
17,2020-07-07,0.30192322545763495,bs,ZC1,0.3739000643223543
17,2020-07-12,0.33531642745593815,bs,ZC1,0.3739000643223543
17,2020-07-17,0.3051629439765654,bs,ZC1,0.3739000643223543
17,2020-07-22,0.32113969248706553,bs,ZC1,0.3739000643223543
17,2020-07-27,0.31927305362351355,bs,ZC1,0.3739000643223543
17,2020-08-01,0.31331419739456834,bs,ZC1,0.3739000643223543
17,2020-08-06,0.3111580173229493,bs,ZC1,0.3739000643223543
17,2020-08-11,0.2958973995606887,bs,ZC1,0.3739000643223543
17,2020-08-16,0.27828005979924536,bs,ZC1,0.3739000643223543
17,2020-08-21,0.2617572993942694,bs,ZC1,0.3739000643223543
17,2020-08-31,0.2151181931915454,bs,ZC1,0.3739000643223543
17,2020-09-05,0.3022919677885608,bs,ZC1,0.3739000643223543
17,2020-09-10,0.340075572349411,bs,ZC1,0.3739000643223543
17,2020-09-15,0.25300950369588177,bs,ZC1,0.3739000643223543
17,2020-09-20,0.3537127141950497,bs,ZC1,0.3739000643223543
17,2020-09-25,0.29718581598030736,bs,ZC1,0.3739000643223543
17,2020-09-30,0.324059587783144,bs,ZC1,0.3739000643223543
17,2020-10-05,0.3152885588930139,bs,ZC1,0.3739000643223543
17,2020-10-10,0.3435316464283291,bs,ZC1,0.3739000643223543
17,2020-10-15,0.33567535622824873,bs,ZC1,0.3739000643223543
17,2020-10-20,0.34773869346733666,bs,ZC1,0.3739000643223543
17,2020-10-25,0.29428878628802735,bs,ZC1,0.3739000643223543
17,2020-10-30,0.3639000593315314,bs,ZC1,0.3739000643223543
17,2020-11-09,0.3389455028799291,bs,ZC1,0.3739000643223543
17,2020-11-14,0.35105781907213257,bs,ZC1,0.3739000643223543
17,2020-11-19,0.35513482501434307,bs,ZC1,0.3739000643223543
17,2020-11-29,0.3390239003816027,bs,ZC1,0.3739000643223543
17,2020-12-04,0.3218760038548024,bs,ZC1,0.3739000643223543
17,2020-12-09,0.36035099122521935,bs,ZC1,0.3739000643223543
17,2020-12-24,0.3239301477643447,bs,ZC1,0.3739000643223543
17,2020-12-29,0.3206518124376455,bs,ZC1,0.3739000643223543
17,2021-01-08,0.3677324564472119,bs,ZC1,0.3739000643223543
17,2021-01-13,0.3648346182541656,bs,ZC1,0.3739000643223543
17,2021-01-18,0.3969098095580309,bs,ZC1,0.3739000643223543
17,2021-01-28,0.4102254142074948,bs,ZC1,0.3739000643223543
17,2021-02-07,0.3993174061433448,bs,ZC1,0.3739000643223543
17,2021-02-12,0.39009804603296017,bs,ZC1,0.3739000643223543
17,2021-02-17,0.4085619578249523,bs,ZC1,0.3739000643223543
17,2021-02-22,0.3937253272387285,bs,ZC1,0.3739000643223543
17,2021-02-27,0.37950077313894415,bs,ZC1,0.3739000643223543
17,2021-03-04,0.3792907398194869,bs,ZC1,0.3739000643223543
17,2021-03-09,0.3754593270408531,bs,ZC1,0.3739000643223543
17,2021-03-14,0.39834472831953943,bs,ZC1,0.3739000643223543
17,2021-03-24,0.4039237906367306,bs,ZC1,0.3739000643223543
17,2021-03-29,0.3608569515733095,bs,ZC1,0.3739000643223543
17,2021-04-03,0.3848607271954072,bs,ZC1,0.3739000643223543
17,2021-04-08,0.370581935023206,bs,ZC1,0.3739000643223543
17,2021-04-13,0.2910745537276864,bs,ZC1,0.3739000643223543
17,2021-04-18,0.3908272986614001,bs,ZC1,0.3739000643223543
17,2021-04-23,0.35271781168694183,bs,ZC1,0.3739000643223543
17,2021-04-28,0.3588102115699898,bs,ZC1,0.3739000643223543
17,2021-05-03,0.34235567773313597,bs,ZC1,0.3739000643223543
17,2021-05-08,0.34747218280934955,bs,ZC1,0.3739000643223543
17,2021-05-18,0.3838587438522938,bs,ZC1,0.3739000643223543
17,2021-05-23,0.32335749357025956,bs,ZC1,0.3739000643223543
17,2021-06-02,0.35886180136395707,bs,ZC1,0.3739000643223543
17,2021-06-07,0.3380212990813755,bs,ZC1,0.3739000643223543
17,2021-06-12,0.3351730663092328,bs,ZC1,0.3739000643223543
17,2021-06-17,0.3158564520234156,bs,ZC1,0.3739000643223543
17,2021-07-02,0.28058361391694725,bs,ZC1,0.3739000643223543
17,2021-07-07,0.2925939992404102,bs,ZC1,0.3739000643223543
17,2021-07-22,0.3207736943907157,bs,ZC1,0.3739000643223543
17,2021-07-27,0.28967813540510545,bs,ZC1,0.3739000643223543
17,2021-08-06,0.27028653079642023,bs,ZC1,0.3739000643223543
17,2021-08-16,0.28891791857173965,bs,ZC1,0.3739000643223543
17,2021-08-21,0.3082669673690887,bs,ZC1,0.3739000643223543
17,2021-08-26,0.29145928727851883,bs,ZC1,0.3739000643223543
17,2021-08-31,0.30137360759926196,bs,ZC1,0.3739000643223543
17,2021-09-05,0.3246735489163875,bs,ZC1,0.3739000643223543
17,2021-09-10,0.3087744552771053,bs,ZC1,0.3739000643223543
17,2021-09-15,0.30331502679812083,bs,ZC1,0.3739000643223543
17,2021-09-20,0.31493317838466006,bs,ZC1,0.3739000643223543
17,2021-09-25,0.33224625623960063,bs,ZC1,0.3739000643223543
17,2021-09-30,0.33833710773212555,bs,ZC1,0.3739000643223543
17,2021-10-05,0.3437759203726153,bs,ZC1,0.3739000643223543
17,2021-10-10,0.3252164854482714,bs,ZC1,0.3739000643223543
17,2021-10-15,0.3339641109298532,bs,ZC1,0.3739000643223543
17,2021-10-20,0.3389830508474576,bs,ZC1,0.3739000643223543
17,2021-10-25,0.344243431566835,bs,ZC1,0.3739000643223543
17,2021-10-30,0.3651131309224521,bs,ZC1,0.3739000643223543
17,2021-11-04,0.3466051163685324,bs,ZC1,0.3739000643223543
17,2021-11-09,0.3368387303622956,bs,ZC1,0.3739000643223543
17,2021-11-14,0.36716969510317216,bs,ZC1,0.3739000643223543
17,2021-11-19,0.3450231124807396,bs,ZC1,0.3739000643223543
17,2021-11-24,0.3574973302343112,bs,ZC1,0.3739000643223543
17,2021-11-29,0.3877138708251784,bs,ZC1,0.3739000643223543
17,2021-12-04,0.3494899616659086,bs,ZC1,0.3739000643223543
17,2021-12-09,0.35946547884187086,bs,ZC1,0.3739000643223543
17,2021-12-14,0.373400394728465,bs,ZC1,0.3739000643223543
17,2021-12-29,0.47907562402784976,bs,ZC1,0.3739000643223543
17,2022-01-03,0.46554299125240023,bs,ZC1,0.3739000643223543
17,2022-01-08,0.4253620628753091,bs,ZC1,0.3739000643223543
17,2022-01-18,0.4943007625186699,bs,ZC1,0.3739000643223543
17,2022-01-23,0.48654759213203713,bs,ZC1,0.3739000643223543
17,2022-01-28,0.4414795877606455,bs,ZC1,0.3739000643223543
17,2022-02-02,0.4637703767256845,bs,ZC1,0.3739000643223543
17,2022-02-07,0.4808957209371074,bs,ZC1,0.3739000643223543
17,2022-02-12,0.4737426857269832,bs,ZC1,0.3739000643223543
17,2022-02-17,0.4572162223397024,bs,ZC1,0.3739000643223543
17,2022-02-22,0.4773175542406312,bs,ZC1,0.3739000643223543
17,2022-02-27,0.42911364143782094,bs,ZC1,0.3739000643223543
17,2022-03-04,0.4420548673911392,bs,ZC1,0.3739000643223543
17,2022-03-09,0.46231894713624,bs,ZC1,0.3739000643223543
17,2022-03-14,0.4578339507517978,bs,ZC1,0.3739000643223543
17,2022-03-19,0.45463849696615255,bs,ZC1,0.3739000643223543
17,2022-03-24,0.43460067816174874,bs,ZC1,0.3739000643223543
17,2022-03-29,0.43329305565427534,bs,ZC1,0.3739000643223543
17,2022-04-03,0.3918949513244283,bs,ZC1,0.3739000643223543
17,2022-04-08,0.421572108215579,bs,ZC1,0.3739000643223543
17,2022-04-13,0.3929622980251347,bs,ZC1,0.3739000643223543
17,2022-04-18,0.39175992586784514,bs,ZC1,0.3739000643223543
17,2022-04-23,0.3944981193303341,bs,ZC1,0.3739000643223543
17,2022-04-28,0.3928851500677265,bs,ZC1,0.3739000643223543
17,2022-05-03,0.38615796713241146,bs,ZC1,0.3739000643223543
17,2022-05-08,0.37662337662337664,bs,ZC1,0.3739000643223543
17,2022-05-13,0.3839594207160185,bs,ZC1,0.3739000643223543
17,2022-05-18,0.3604659371690787,bs,ZC1,0.3739000643223543
17,2022-05-23,0.35512717144323097,bs,ZC1,0.3739000643223543
17,2022-05-28,0.35979255204206584,bs,ZC1,0.3739000643223543
17,2022-06-02,0.3262315006792021,bs,ZC1,0.3739000643223543
17,2022-06-07,0.3700189753320683,bs,ZC1,0.3739000643223543
17,2022-06-12,0.34671560182757843,bs,ZC1,0.3739000643223543
17,2022-06-17,0.3052344367056796,bs,ZC1,0.3739000643223543
17,2022-06-22,0.27153808284689496,bs,ZC1,0.3739000643223543
17,2022-07-02,0.3105236620327019,bs,ZC1,0.3739000643223543
17,2022-07-07,0.30618845683892765,bs,ZC1,0.3739000643223543
17,2022-07-12,0.32060727841035946,bs,ZC1,0.3739000643223543
17,2022-07-17,0.2482289015750739,bs,ZC1,0.3739000643223543
17,2022-07-27,0.32329411764705884,bs,ZC1,0.3739000643223543
17,2022-08-01,0.3491275461779952,bs,ZC1,0.3739000643223543
17,2022-08-06,0.34843475202251145,bs,ZC1,0.3739000643223543
17,2022-08-11,0.3418987429682617,bs,ZC1,0.3739000643223543
17,2022-08-16,0.32345798931520153,bs,ZC1,0.3739000643223543
17,2022-08-21,0.3165715071885533,bs,ZC1,0.3739000643223543
17,2022-08-26,0.330534507474913,bs,ZC1,0.3739000643223543
17,2022-08-31,0.3156813043776118,bs,ZC1,0.3739000643223543
17,2022-09-05,0.3331088815567975,bs,ZC1,0.3739000643223543
17,2022-09-15,0.34487782266075095,bs,ZC1,0.3739000643223543
17,2022-09-20,0.3336420774065498,bs,ZC1,0.3739000643223543
17,2022-09-25,0.3051402169030354,bs,ZC1,0.3739000643223543
17,2022-09-30,0.320666013712047,bs,ZC1,0.3739000643223543
17,2022-10-05,0.32616625071990785,bs,ZC1,0.3739000643223543
17,2022-10-10,0.3458937198067633,bs,ZC1,0.3739000643223543
17,2022-10-15,0.34707727767462704,bs,ZC1,0.3739000643223543
17,2022-10-20,0.3423820621024123,bs,ZC1,0.3739000643223543
17,2022-10-25,0.3522445081184336,bs,ZC1,0.3739000643223543
17,2022-10-30,0.3701804368471035,bs,ZC1,0.3739000643223543
17,2022-11-04,0.3621104597346498,bs,ZC1,0.3739000643223543
17,2022-11-09,0.3606567128665754,bs,ZC1,0.3739000643223543
17,2022-11-14,0.3545572674958233,bs,ZC1,0.3739000643223543
17,2022-11-19,0.3775781975843915,bs,ZC1,0.3739000643223543
17,2022-11-24,0.38624171662985174,bs,ZC1,0.3739000643223543
17,2022-11-29,0.39768878262602114,bs,ZC1,0.3739000643223543
17,2022-12-04,0.3871581752426877,bs,ZC1,0.3739000643223543
17,2022-12-09,0.3793878495405566,bs,ZC1,0.3739000643223543
17,2022-12-14,0.450141622485293,bs,ZC1,0.3739000643223543
17,2022-12-19,0.426110183639399,bs,ZC1,0.3739000643223543
17,2022-12-24,0.420383424468015,bs,ZC1,0.3739000643223543
17,2022-12-29,0.43302703065262593,bs,ZC1,0.3739000643223543
17,2023-01-03,0.42646577137242053,bs,ZC1,0.3739000643223543
17,2023-01-08,0.4477360477360477,bs,ZC1,0.3739000643223543
17,2023-01-13,0.4480639213275968,bs,ZC1,0.3739000643223543
17,2023-01-18,0.4415257286793811,bs,ZC1,0.3739000643223543
17,2023-01-23,0.44899399929403455,bs,ZC1,0.3739000643223543
17,2023-01-28,0.441246655578856,bs,ZC1,0.3739000643223543
17,2023-02-02,0.4774474031519293,bs,ZC1,0.3739000643223543
17,2023-02-17,0.4481051931742631,bs,ZC1,0.3739000643223543
17,2023-02-22,0.4403649473916562,bs,ZC1,0.3739000643223543
17,2023-02-27,0.43215754165764986,bs,ZC1,0.3739000643223543
17,2023-03-04,0.413070373335274,bs,ZC1,0.3739000643223543
17,2023-03-09,0.4091811962039285,bs,ZC1,0.3739000643223543
17,2023-03-19,0.4492979719188768,bs,ZC1,0.3739000643223543
17,2023-03-24,0.4421152179052723,bs,ZC1,0.3739000643223543
17,2023-03-29,0.44075829383886256,bs,ZC1,0.3739000643223543
17,2023-04-03,0.43435108720357607,bs,ZC1,0.3739000643223543
17,2023-04-08,0.4445973847212663,bs,ZC1,0.3739000643223543
17,2023-04-13,0.4263805889552883,bs,ZC1,0.3739000643223543
17,2023-04-23,0.3976759199483537,bs,ZC1,0.3739000643223543
17,2023-04-28,0.40705440900562856,bs,ZC1,0.3739000643223543
17,2023-05-08,0.3903690844592044,bs,ZC1,0.3739000643223543
17,2023-05-13,0.3980028530670471,bs,ZC1,0.3739000643223543
17,2023-05-18,0.38997527534277365,bs,ZC1,0.3739000643223543
17,2023-05-23,0.3844947344835313,bs,ZC1,0.3739000643223543
17,2023-05-28,0.3801174048944118,bs,ZC1,0.3739000643223543
17,2023-06-02,0.39652250792013555,bs,ZC1,0.3739000643223543
17,2023-06-07,0.3803104884513442,bs,ZC1,0.3739000643223543
17,2023-06-12,0.37251184834123224,bs,ZC1,0.3739000643223543
17,2023-06-17,0.3674983142279164,bs,ZC1,0.3739000643223543
17,2023-06-22,0.3469447925112405,bs,ZC1,0.3739000643223543
17,2023-06-27,0.34353515191838546,bs,ZC1,0.3739000643223543
17,2023-07-02,0.3182124410509769,bs,ZC1,0.3739000643223543
17,2023-07-07,0.3529537824130295,bs,ZC1,0.3739000643223543
17,2023-07-12,0.3091710630917106,bs,ZC1,0.3739000643223543
17,2023-07-17,0.3159394869546152,bs,ZC1,0.3739000643223543
17,2023-07-22,0.33229395507051235,bs,ZC1,0.3739000643223543
17,2023-07-27,0.35115955812422267,bs,ZC1,0.3739000643223543
17,2023-08-01,0.3616770871643986,bs,ZC1,0.3739000643223543
17,2023-08-06,0.3551815134441195,bs,ZC1,0.3739000643223543
17,2023-08-16,0.3568365553602812,bs,ZC1,0.3739000643223543
17,2023-08-21,0.3509227422637008,bs,ZC1,0.3739000643223543
17,2023-08-26,0.32588325119733463,bs,ZC1,0.3739000643223543
17,2023-08-31,0.33068910809132923,bs,ZC1,0.3739000643223543
17,2023-09-05,0.3303289163920092,bs,ZC1,0.3739000643223543
17,2023-09-10,0.35769463290118897,bs,ZC1,0.3739000643223543
17,2023-09-15,0.36394393426776217,bs,ZC1,0.3739000643223543
17,2023-09-20,0.3490930521904263,bs,ZC1,0.3739000643223543
17,2023-09-25,0.35417919422730004,bs,ZC1,0.3739000643223543
17,2023-09-30,0.31897224785293493,bs,ZC1,0.3739000643223543
17,2023-10-05,0.3420831989680748,bs,ZC1,0.3739000643223543
17,2023-10-10,0.354181307097681,bs,ZC1,0.3739000643223543
17,2023-10-15,0.3443708609271523,bs,ZC1,0.3739000643223543
17,2023-10-20,0.3386630706992872,bs,ZC1,0.3739000643223543
17,2023-10-25,0.3677641215054449,bs,ZC1,0.3739000643223543
17,2023-10-30,0.3488898672872508,bs,ZC1,0.3739000643223543
17,2023-11-04,0.3568891381566648,bs,ZC1,0.3739000643223543
17,2023-11-14,0.3602992901451685,bs,ZC1,0.3739000643223543
17,2023-11-19,0.36378194862596885,bs,ZC1,0.3739000643223543
17,2023-11-24,0.36054853660085073,bs,ZC1,0.3739000643223543
17,2023-11-29,0.3630561291533696,bs,ZC1,0.3739000643223543
17,2023-12-04,0.3559736594543744,bs,ZC1,0.3739000643223543
17,2023-12-09,0.35842115108810874,bs,ZC1,0.3739000643223543
17,2023-12-24,0.3708713431896823,bs,ZC1,0.3739000643223543
17,2024-01-03,0.3961305452413524,bs,ZC1,0.3739000643223543
17,2024-01-08,0.3997523946048088,bs,ZC1,0.3739000643223543
17,2024-01-13,0.38285301647738457,bs,ZC1,0.3739000643223543
17,2024-01-18,0.3772503539882678,bs,ZC1,0.3739000643223543
17,2024-01-23,0.3953472735830027,bs,ZC1,0.3739000643223543
17,2024-01-28,0.4733880422039859,bs,ZC1,0.3739000643223543
17,2024-02-02,0.419848975188781,bs,ZC1,0.3739000643223543
17,2024-02-17,0.440018210789893,bs,ZC1,0.3739000643223543
17,2024-02-22,0.4792584009269988,bs,ZC1,0.3739000643223543
17,2024-03-03,0.4228870385380591,bs,ZC1,0.3739000643223543
17,2024-03-08,0.4477517416086131,bs,ZC1,0.3739000643223543
17,2024-03-13,0.4142140832788314,bs,ZC1,0.3739000643223543
17,2024-03-18,0.4414737294817576,bs,ZC1,0.3739000643223543
17,2024-03-23,0.4158607350096712,bs,ZC1,0.3739000643223543
17,2024-04-02,0.431583571271689,bs,ZC1,0.3739000643223543
17,2024-04-07,0.4218308327897369,bs,ZC1,0.3739000643223543
17,2024-04-12,0.4085991089739056,bs,ZC1,0.3739000643223543
17,2024-04-17,0.4039867109634551,bs,ZC1,0.3739000643223543
17,2024-04-22,0.3703108627314006,bs,ZC1,0.3739000643223543
17,2024-04-27,0.3600605143721634,bs,ZC1,0.3739000643223543
17,2024-05-02,0.37575126212036225,bs,ZC1,0.3739000643223543
17,2024-05-12,0.2747260721282926,bs,ZC1,0.3739000643223543
17,2024-05-22,0.3363448815536743,bs,ZC1,0.3739000643223543
17,2024-05-27,0.331731835316727,bs,ZC1,0.3739000643223543
17,2024-06-01,0.3344378175392092,bs,ZC1,0.3739000643223543
17,2024-06-06,0.3506522219765642,bs,ZC1,0.3739000643223543
17,2024-06-11,0.34678079642724224,bs,ZC1,0.3739000643223543
17,2024-06-16,0.3426367976496511,bs,ZC1,0.3739000643223543
17,2024-06-21,0.3121866143448877,bs,ZC1,0.3739000643223543
17,2024-07-01,0.3250996015936255,bs,ZC1,0.3739000643223543
17,2024-07-06,0.3103674063295744,bs,ZC1,0.3739000643223543
17,2024-07-11,0.24023727137913992,bs,ZC1,0.3739000643223543
17,2024-07-16,0.2552416908245129,bs,ZC1,0.3739000643223543
17,2024-07-26,0.319342933642087,bs,ZC1,0.3739000643223543
17,2024-07-31,0.3165462479433436,bs,ZC1,0.3739000643223543
17,2024-08-05,0.2947795093996785,bs,ZC1,0.3739000643223543
17,2024-08-10,0.2955572550928179,bs,ZC1,0.3739000643223543
17,2024-08-15,0.30449969180193137,bs,ZC1,0.3739000643223543
17,2024-08-20,0.30649159241642665,bs,ZC1,0.3739000643223543
17,2024-08-25,0.32335329341317365,bs,ZC1,0.3739000643223543
17,2024-08-30,0.3090549839885535,bs,ZC1,0.3739000643223543
17,2024-09-04,0.3267267267267267,bs,ZC1,0.3739000643223543
17,2024-09-09,0.32093210664159555,bs,ZC1,0.3739000643223543
17,2024-09-14,0.30733501064447455,bs,ZC1,0.3739000643223543
17,2024-09-19,0.31887074741429783,bs,ZC1,0.3739000643223543
17,2024-09-24,0.3086371612400078,bs,ZC1,0.3739000643223543
17,2024-09-29,0.3477863989046098,bs,ZC1,0.3739000643223543
17,2024-10-04,0.3309622604228413,bs,ZC1,0.3739000643223543
17,2024-10-14,0.32997829090191433,bs,ZC1,0.3739000643223543
17,2024-10-19,0.33234171894199055,bs,ZC1,0.3739000643223543
17,2024-10-24,0.3261493336734043,bs,ZC1,0.3739000643223543
17,2024-10-29,0.34540952629178345,bs,ZC1,0.3739000643223543
17,2024-11-03,0.3531439514842004,bs,ZC1,0.3739000643223543
17,2024-11-08,0.36113042928494654,bs,ZC1,0.3739000643223543
17,2024-11-13,0.34636553425697475,bs,ZC1,0.3739000643223543
17,2024-11-18,0.3326209442393627,bs,ZC1,0.3739000643223543
17,2024-11-23,0.31235897105280125,bs,ZC1,0.3739000643223543
17,2024-11-28,0.3430785709785143,bs,ZC1,0.3739000643223543
17,2024-12-03,0.31937370307489155,bs,ZC1,0.3739000643223543
17,2024-12-08,0.3462186973084369,bs,ZC1,0.3739000643223543
17,2024-12-13,0.36545079146593257,bs,ZC1,0.3739000643223543
17,2024-12-18,0.3558091929781031,bs,ZC1,0.3739000643223543
17,2024-12-23,0.3467757276012935,bs,ZC1,0.3739000643223543
17,2024-12-28,0.37104303894608937,bs,ZC1,0.3739000643223543
17,2025-01-02,0.3463976945244957,bs,ZC1,0.3739000643223543
17,2025-01-12,0.36229665071770334,bs,ZC1,0.3739000643223543
17,2025-01-17,0.3791806305998222,bs,ZC1,0.3739000643223543
17,2025-01-22,0.3767509024982062,bs,ZC1,0.3739000643223543
17,2025-01-27,0.3524876441515651,bs,ZC1,0.3739000643223543
17,2025-02-01,0.37951206541248417,bs,ZC1,0.3739000643223543
17,2025-02-06,0.37492061251852377,bs,ZC1,0.3739000643223543
17,2025-02-11,0.3807329842931937,bs,ZC1,0.3739000643223543
17,2025-02-16,0.35703703703703704,bs,ZC1,0.3739000643223543
17,2025-02-21,0.38715240353524466,bs,ZC1,0.3739000643223543
17,2025-02-26,0.3856868737118897,bs,ZC1,0.3739000643223543
17,2025-03-03,0.38594712060847514,bs,ZC1,0.3739000643223543
17,2025-03-08,0.386810072391249,bs,ZC1,0.3739000643223543
17,2025-03-13,0.4034927117808605,bs,ZC1,0.3739000643223543
17,2025-03-18,0.39959403653671166,bs,ZC1,0.3739000643223543
17,2025-03-20,0.39045685279187814,bs,ZC1,0.3739000643223543
17,2025-03-23,0.3978129974392692,bs,ZC1,0.3739000643223543
17,2025-03-28,0.3838892385147892,bs,ZC1,0.3739000643223543
21,2016-07-23,0.2854188210961737,bs,ZC2,0.41521525578796104
21,2016-08-12,0.28921399489338206,bs,ZC2,0.41521525578796104
21,2016-09-01,0.3188920930856415,bs,ZC2,0.41521525578796104
21,2016-09-21,0.3428407716304832,bs,ZC2,0.41521525578796104
21,2016-10-11,0.4267603007892611,bs,ZC2,0.41521525578796104
21,2016-10-31,0.4315265274851562,bs,ZC2,0.41521525578796104
21,2016-11-10,0.4941486842995332,bs,ZC2,0.41521525578796104
21,2016-11-30,0.4502505846976278,bs,ZC2,0.41521525578796104
21,2016-12-10,0.4392045086480534,bs,ZC2,0.41521525578796104
21,2016-12-20,0.5213025590962973,bs,ZC2,0.41521525578796104
21,2017-01-19,0.5968828638688205,bs,ZC2,0.41521525578796104
21,2017-01-29,0.662431941923775,bs,ZC2,0.41521525578796104
21,2017-02-18,0.6180689539468165,bs,ZC2,0.41521525578796104
21,2017-02-28,0.645812124016659,bs,ZC2,0.41521525578796104
21,2017-03-20,0.6628418600638426,bs,ZC2,0.41521525578796104
21,2017-04-09,0.59490354846392,bs,ZC2,0.41521525578796104
21,2017-05-19,0.41102325217255153,bs,ZC2,0.41521525578796104
21,2017-06-28,0.29832814648621264,bs,ZC2,0.41521525578796104
21,2017-07-13,0.26362529542361957,bs,ZC2,0.41521525578796104
21,2017-07-18,0.25132951170660955,bs,ZC2,0.41521525578796104
21,2017-08-02,0.22364886996396985,bs,ZC2,0.41521525578796104
21,2017-08-07,0.2576833720544308,bs,ZC2,0.41521525578796104
21,2017-08-22,0.22849142457122856,bs,ZC2,0.41521525578796104
21,2017-08-27,0.229092275887991,bs,ZC2,0.41521525578796104
21,2017-09-11,0.23775131758735113,bs,ZC2,0.41521525578796104
21,2017-09-16,0.25323557539050046,bs,ZC2,0.41521525578796104
21,2017-10-01,0.32129940993591777,bs,ZC2,0.41521525578796104
21,2017-10-06,0.3273523508302415,bs,ZC2,0.41521525578796104
21,2017-10-21,0.3689176090468498,bs,ZC2,0.41521525578796104
21,2017-10-26,0.4137541569931606,bs,ZC2,0.41521525578796104
21,2017-11-10,0.4481904140854255,bs,ZC2,0.41521525578796104
21,2017-11-15,0.4503826780924969,bs,ZC2,0.41521525578796104
21,2017-11-20,0.47006369426751593,bs,ZC2,0.41521525578796104
21,2017-11-30,0.4785865050725131,bs,ZC2,0.41521525578796104
21,2017-12-05,0.5166699546261591,bs,ZC2,0.41521525578796104
21,2017-12-10,0.5036676492767533,bs,ZC2,0.41521525578796104
21,2017-12-20,0.5007062671920304,bs,ZC2,0.41521525578796104
21,2017-12-25,0.5755776055623959,bs,ZC2,0.41521525578796104
21,2017-12-30,0.5680410168767357,bs,ZC2,0.41521525578796104
21,2018-01-14,0.6035451163469254,bs,ZC2,0.41521525578796104
21,2018-01-19,0.59916477397611545,bs,ZC2,0.41521525578796104
21,2018-02-08,0.7133858267716535,bs,ZC2,0.41521525578796104
21,2018-02-23,0.6997944409688086,bs,ZC2,0.41521525578796104
21,2018-02-28,0.6315928038613426,bs,ZC2,0.41521525578796104
21,2018-03-05,0.649444587961767,bs,ZC2,0.41521525578796104
21,2018-03-10,0.6163593463252643,bs,ZC2,0.41521525578796104
21,2018-03-15,0.6452936650423186,bs,ZC2,0.41521525578796104
21,2018-03-20,0.6607529208135007,bs,ZC2,0.41521525578796104
21,2018-03-25,0.6553191489361703,bs,ZC2,0.41521525578796104
21,2018-04-04,0.6051087046375134,bs,ZC2,0.41521525578796104
21,2018-04-09,0.5697863944411083,bs,ZC2,0.41521525578796104
21,2018-04-14,0.618066561014263,bs,ZC2,0.41521525578796104
21,2018-04-19,0.5950952256717975,bs,ZC2,0.41521525578796104
21,2018-04-24,0.5812292782453456,bs,ZC2,0.41521525578796104
21,2018-04-29,0.5026298173472316,bs,ZC2,0.41521525578796104
21,2018-05-04,0.5838779956427016,bs,ZC2,0.41521525578796104
21,2018-05-09,0.5070173964198672,bs,ZC2,0.41521525578796104
21,2018-05-14,0.4871521221574583,bs,ZC2,0.41521525578796104
21,2018-05-19,0.48505010020040074,bs,ZC2,0.41521525578796104
21,2018-05-24,0.4983927871422971,bs,ZC2,0.41521525578796104
21,2018-05-29,0.371972465369253,bs,ZC2,0.41521525578796104
21,2018-06-08,0.39017274472168906,bs,ZC2,0.41521525578796104
21,2018-06-13,0.35357373288407773,bs,ZC2,0.41521525578796104
21,2018-06-18,0.36958293206904214,bs,ZC2,0.41521525578796104
21,2018-06-23,0.32689770122925205,bs,ZC2,0.41521525578796104
21,2018-07-03,0.30162866449511405,bs,ZC2,0.41521525578796104
21,2018-07-08,0.32188931970391255,bs,ZC2,0.41521525578796104
21,2018-07-13,0.31568016614745587,bs,ZC2,0.41521525578796104
21,2018-07-28,0.2890662964248525,bs,ZC2,0.41521525578796104
21,2018-08-07,0.3219867266110041,bs,ZC2,0.41521525578796104
21,2018-08-12,0.31193892698098535,bs,ZC2,0.41521525578796104
21,2018-08-17,0.33516599703954325,bs,ZC2,0.41521525578796104
21,2018-08-22,0.30712612914018067,bs,ZC2,0.41521525578796104
21,2018-08-27,0.33309923449680456,bs,ZC2,0.41521525578796104
21,2018-09-01,0.2967746039824416,bs,ZC2,0.41521525578796104
21,2018-09-06,0.34609841465925467,bs,ZC2,0.41521525578796104
21,2018-09-11,0.3260488943648272,bs,ZC2,0.41521525578796104
21,2018-09-16,0.35659524277570276,bs,ZC2,0.41521525578796104
21,2018-09-21,0.36532149063525776,bs,ZC2,0.41521525578796104
21,2018-09-26,0.360194489465154,bs,ZC2,0.41521525578796104
21,2018-10-01,0.3835383159886471,bs,ZC2,0.41521525578796104
21,2018-10-11,0.3899299640355859,bs,ZC2,0.41521525578796104
21,2018-10-16,0.42430013330794136,bs,ZC2,0.41521525578796104
21,2018-10-21,0.43622992065028066,bs,ZC2,0.41521525578796104
21,2018-10-26,0.4644442971701239,bs,ZC2,0.41521525578796104
21,2018-10-31,0.46692381870781097,bs,ZC2,0.41521525578796104
21,2018-11-10,0.4995596504301877,bs,ZC2,0.41521525578796104
21,2018-11-15,0.497014024022009,bs,ZC2,0.41521525578796104
21,2018-11-20,0.5233741948888427,bs,ZC2,0.41521525578796104
21,2018-11-25,0.5147916809664356,bs,ZC2,0.41521525578796104
21,2018-11-30,0.5389803610394763,bs,ZC2,0.41521525578796104
21,2018-12-05,0.5145728643216081,bs,ZC2,0.41521525578796104
21,2018-12-10,0.5233233233233233,bs,ZC2,0.41521525578796104
21,2018-12-15,0.49705739804749705,bs,ZC2,0.41521525578796104
21,2018-12-20,0.542417704781126,bs,ZC2,0.41521525578796104
21,2018-12-25,0.5461191141689958,bs,ZC2,0.41521525578796104
21,2019-01-09,0.5493981052781537,bs,ZC2,0.41521525578796104
21,2019-02-13,0.7091617544210211,bs,ZC2,0.41521525578796104
21,2019-02-18,0.6685484642617932,bs,ZC2,0.41521525578796104
21,2019-02-23,0.6793152639087019,bs,ZC2,0.41521525578796104
21,2019-02-28,0.6758782201405152,bs,ZC2,0.41521525578796104
21,2019-03-05,0.6870250492541514,bs,ZC2,0.41521525578796104
21,2019-03-10,0.6830369233546989,bs,ZC2,0.41521525578796104
21,2019-03-15,0.6392037847005266,bs,ZC2,0.41521525578796104
21,2019-03-20,0.6627814569536423,bs,ZC2,0.41521525578796104
21,2019-03-25,0.6436286993940459,bs,ZC2,0.41521525578796104
21,2019-03-30,0.5632884235819102,bs,ZC2,0.41521525578796104
21,2019-04-04,0.6065641194373612,bs,ZC2,0.41521525578796104
21,2019-04-09,0.6267359631933203,bs,ZC2,0.41521525578796104
21,2019-04-14,0.5887707358570821,bs,ZC2,0.41521525578796104
21,2019-04-19,0.5997066253769049,bs,ZC2,0.41521525578796104
21,2019-04-24,0.5248255394240795,bs,ZC2,0.41521525578796104
21,2019-04-29,0.535137739940567,bs,ZC2,0.41521525578796104
21,2019-05-04,0.5167893842543895,bs,ZC2,0.41521525578796104
21,2019-05-09,0.4184366669533064,bs,ZC2,0.41521525578796104
21,2019-05-14,0.4816085534189739,bs,ZC2,0.41521525578796104
21,2019-05-19,0.4745880714783012,bs,ZC2,0.41521525578796104
21,2019-05-24,0.4427297402093835,bs,ZC2,0.41521525578796104
21,2019-05-29,0.3914025446058872,bs,ZC2,0.41521525578796104
21,2019-06-03,0.40547436789607977,bs,ZC2,0.41521525578796104
21,2019-06-08,0.37320246519059574,bs,ZC2,0.41521525578796104
21,2019-06-18,0.3496838892522346,bs,ZC2,0.41521525578796104
21,2019-06-23,0.3657817109144542,bs,ZC2,0.41521525578796104
21,2019-06-28,0.32917979916440665,bs,ZC2,0.41521525578796104
21,2019-07-03,0.32902776703534686,bs,ZC2,0.41521525578796104
21,2019-07-08,0.3537508602890571,bs,ZC2,0.41521525578796104
21,2019-07-18,0.31366623857369497,bs,ZC2,0.41521525578796104
21,2019-07-28,0.2912208601998158,bs,ZC2,0.41521525578796104
21,2019-08-02,0.3095492416150395,bs,ZC2,0.41521525578796104
21,2019-08-07,0.2844330557335042,bs,ZC2,0.41521525578796104
21,2019-08-12,0.2994694021931376,bs,ZC2,0.41521525578796104
21,2019-08-17,0.29442591710338256,bs,ZC2,0.41521525578796104
21,2019-08-22,0.29366124004156563,bs,ZC2,0.41521525578796104
21,2019-08-27,0.2945338049789762,bs,ZC2,0.41521525578796104
21,2019-09-01,0.3035058430717863,bs,ZC2,0.41521525578796104
21,2019-09-06,0.29196133134367097,bs,ZC2,0.41521525578796104
21,2019-09-11,0.3324139833137971,bs,ZC2,0.41521525578796104
21,2019-09-16,0.3218686903850171,bs,ZC2,0.41521525578796104
21,2019-09-21,0.3412392112834187,bs,ZC2,0.41521525578796104
21,2019-09-26,0.40611629375043834,bs,ZC2,0.41521525578796104
21,2019-10-06,0.4447943048805531,bs,ZC2,0.41521525578796104
21,2019-10-11,0.432243797940709,bs,ZC2,0.41521525578796104
21,2019-10-16,0.4113242863827796,bs,ZC2,0.41521525578796104
21,2019-10-21,0.45462063262352703,bs,ZC2,0.41521525578796104
21,2019-10-26,0.44984924623115574,bs,ZC2,0.41521525578796104
21,2019-11-05,0.5323451104554939,bs,ZC2,0.41521525578796104
21,2019-11-10,0.519971621142249,bs,ZC2,0.41521525578796104
21,2019-11-15,0.5168563452866652,bs,ZC2,0.41521525578796104
21,2019-11-20,0.5440711607733588,bs,ZC2,0.41521525578796104
21,2019-11-25,0.5671898516448075,bs,ZC2,0.41521525578796104
21,2019-11-30,0.5640934085553095,bs,ZC2,0.41521525578796104
21,2019-12-05,0.5433522068353912,bs,ZC2,0.41521525578796104
21,2019-12-10,0.582933295120728,bs,ZC2,0.41521525578796104
21,2019-12-15,0.5814576246652674,bs,ZC2,0.41521525578796104
21,2019-12-20,0.5612403100775194,bs,ZC2,0.41521525578796104
21,2019-12-25,0.5900246029970924,bs,ZC2,0.41521525578796104
21,2019-12-30,0.6005973807153251,bs,ZC2,0.41521525578796104
21,2020-01-04,0.5680690234404825,bs,ZC2,0.41521525578796104
21,2020-01-09,0.5823787191512263,bs,ZC2,0.41521525578796104
21,2020-01-14,0.5684521554663232,bs,ZC2,0.41521525578796104
21,2020-01-19,0.6368381804623415,bs,ZC2,0.41521525578796104
21,2020-01-24,0.6502186133666459,bs,ZC2,0.41521525578796104
21,2020-01-29,0.647995656501674,bs,ZC2,0.41521525578796104
21,2020-02-03,0.6247765006385696,bs,ZC2,0.41521525578796104
21,2020-02-18,0.6347220998854928,bs,ZC2,0.41521525578796104
21,2020-02-23,0.6460481099656358,bs,ZC2,0.41521525578796104
21,2020-02-28,0.6555371034000524,bs,ZC2,0.41521525578796104
21,2020-03-04,0.5860799589076278,bs,ZC2,0.41521525578796104
21,2020-03-14,0.5452268299471195,bs,ZC2,0.41521525578796104
21,2020-03-19,0.607012222321349,bs,ZC2,0.41521525578796104
21,2020-03-24,0.5587252634284245,bs,ZC2,0.41521525578796104
21,2020-03-29,0.5614849187935035,bs,ZC2,0.41521525578796104
21,2020-04-13,0.5139584824624195,bs,ZC2,0.41521525578796104
21,2020-04-18,0.5340156027178928,bs,ZC2,0.41521525578796104
21,2020-04-23,0.5248159582047021,bs,ZC2,0.41521525578796104
21,2020-04-28,0.48439588082697904,bs,ZC2,0.41521525578796104
21,2020-05-08,0.499638292741741,bs,ZC2,0.41521525578796104
21,2020-05-13,0.44740617684814615,bs,ZC2,0.41521525578796104
21,2020-05-18,0.42418455427392865,bs,ZC2,0.41521525578796104
21,2020-05-23,0.4172140430351076,bs,ZC2,0.41521525578796104
21,2020-05-28,0.3901284651791751,bs,ZC2,0.41521525578796104
21,2020-06-02,0.3744709289374025,bs,ZC2,0.41521525578796104
21,2020-06-12,0.30667361059444986,bs,ZC2,0.41521525578796104
21,2020-06-22,0.3201764057331863,bs,ZC2,0.41521525578796104
21,2020-06-27,0.31021437578814626,bs,ZC2,0.41521525578796104
21,2020-07-02,0.28247099850544444,bs,ZC2,0.41521525578796104
21,2020-07-07,0.2634681845903639,bs,ZC2,0.41521525578796104
21,2020-07-12,0.2561920044652201,bs,ZC2,0.41521525578796104
21,2020-07-17,0.2583984787661103,bs,ZC2,0.41521525578796104
21,2020-07-22,0.2680974397902146,bs,ZC2,0.41521525578796104
21,2020-07-27,0.22978459844470445,bs,ZC2,0.41521525578796104
21,2020-08-01,0.26239067055393583,bs,ZC2,0.41521525578796104
21,2020-08-06,0.25847428374180187,bs,ZC2,0.41521525578796104
21,2020-08-11,0.24677047692200263,bs,ZC2,0.41521525578796104
21,2020-08-16,0.21877773984294985,bs,ZC2,0.41521525578796104
21,2020-08-21,0.22007278299176403,bs,ZC2,0.41521525578796104
21,2020-08-31,0.25911913769719463,bs,ZC2,0.41521525578796104
21,2020-09-05,0.2531204239592776,bs,ZC2,0.41521525578796104
21,2020-09-10,0.2894060641656266,bs,ZC2,0.41521525578796104
21,2020-09-15,0.2632574478146322,bs,ZC2,0.41521525578796104
21,2020-09-20,0.3268314810614652,bs,ZC2,0.41521525578796104
21,2020-09-25,0.28138678524282634,bs,ZC2,0.41521525578796104
21,2020-09-30,0.37151768625505066,bs,ZC2,0.41521525578796104
21,2020-10-05,0.3437874409754035,bs,ZC2,0.41521525578796104
21,2020-10-10,0.35695265311424307,bs,ZC2,0.41521525578796104
21,2020-10-15,0.3891213389121339,bs,ZC2,0.41521525578796104
21,2020-10-20,0.3823509999339978,bs,ZC2,0.41521525578796104
21,2020-10-25,0.38345555479405113,bs,ZC2,0.41521525578796104
21,2020-10-30,0.4431198221863003,bs,ZC2,0.41521525578796104
21,2020-11-09,0.4518845500848897,bs,ZC2,0.41521525578796104
21,2020-11-14,0.46395090038443376,bs,ZC2,0.41521525578796104
21,2020-11-19,0.42234458966363697,bs,ZC2,0.41521525578796104
21,2020-11-29,0.4085224641037517,bs,ZC2,0.41521525578796104
21,2020-12-04,0.43279624719559456,bs,ZC2,0.41521525578796104
21,2020-12-09,0.4685358255451713,bs,ZC2,0.41521525578796104
21,2020-12-24,0.4655856357436148,bs,ZC2,0.41521525578796104
21,2020-12-29,0.4713830916165547,bs,ZC2,0.41521525578796104
21,2021-01-08,0.5171235477257194,bs,ZC2,0.41521525578796104
21,2021-01-13,0.52758702344305,bs,ZC2,0.41521525578796104
21,2021-01-18,0.5291288081239979,bs,ZC2,0.41521525578796104
21,2021-01-28,0.5869310640955578,bs,ZC2,0.41521525578796104
21,2021-02-07,0.5171079584250057,bs,ZC2,0.41521525578796104
21,2021-02-12,0.5089223638470453,bs,ZC2,0.41521525578796104
21,2021-02-17,0.5255038015796856,bs,ZC2,0.41521525578796104
21,2021-02-22,0.47368421052631576,bs,ZC2,0.41521525578796104
21,2021-02-27,0.49112058937572706,bs,ZC2,0.41521525578796104
21,2021-03-04,0.5332950160111667,bs,ZC2,0.41521525578796104
21,2021-03-09,0.4812504753936259,bs,ZC2,0.41521525578796104
21,2021-03-14,0.5317822019668985,bs,ZC2,0.41521525578796104
21,2021-03-24,0.5066443921330397,bs,ZC2,0.41521525578796104
21,2021-03-29,0.44348570206089993,bs,ZC2,0.41521525578796104
21,2021-04-03,0.4736148722828076,bs,ZC2,0.41521525578796104
21,2021-04-08,0.4545900147048526,bs,ZC2,0.41521525578796104
21,2021-04-13,0.436443468715697,bs,ZC2,0.41521525578796104
21,2021-04-18,0.4582893347412883,bs,ZC2,0.41521525578796104
21,2021-04-23,0.444234404536862,bs,ZC2,0.41521525578796104
21,2021-04-28,0.39350080022267064,bs,ZC2,0.41521525578796104
21,2021-05-03,0.38911682142085946,bs,ZC2,0.41521525578796104
21,2021-05-08,0.3949526813880126,bs,ZC2,0.41521525578796104
21,2021-05-18,0.3608797779201367,bs,ZC2,0.41521525578796104
21,2021-05-23,0.3752912107306742,bs,ZC2,0.41521525578796104
21,2021-06-02,0.36970981653387913,bs,ZC2,0.41521525578796104
21,2021-06-07,0.30898033330700575,bs,ZC2,0.41521525578796104
21,2021-06-12,0.33461136284419657,bs,ZC2,0.41521525578796104
21,2021-06-17,0.2783072309230257,bs,ZC2,0.41521525578796104
21,2021-07-02,0.23907619930144705,bs,ZC2,0.41521525578796104
21,2021-07-07,0.2494738985812233,bs,ZC2,0.41521525578796104
21,2021-07-22,0.2557425120435663,bs,ZC2,0.41521525578796104
21,2021-07-27,0.2377658542892236,bs,ZC2,0.41521525578796104
21,2021-08-06,0.24789594491201225,bs,ZC2,0.41521525578796104
21,2021-08-16,0.23429030315197752,bs,ZC2,0.41521525578796104
21,2021-08-21,0.2399268639534096,bs,ZC2,0.41521525578796104
21,2021-08-26,0.23585087888738648,bs,ZC2,0.41521525578796104
21,2021-08-31,0.2406795658329401,bs,ZC2,0.41521525578796104
21,2021-09-05,0.27940870289402453,bs,ZC2,0.41521525578796104
21,2021-09-10,0.265956751812896,bs,ZC2,0.41521525578796104
21,2021-09-15,0.24920376990575235,bs,ZC2,0.41521525578796104
21,2021-09-20,0.26874098237249855,bs,ZC2,0.41521525578796104
21,2021-09-25,0.3026093486014642,bs,ZC2,0.41521525578796104
21,2021-09-30,0.29520015177385694,bs,ZC2,0.41521525578796104
21,2021-10-05,0.3319403729807272,bs,ZC2,0.41521525578796104
21,2021-10-10,0.3057017272333312,bs,ZC2,0.41521525578796104
21,2021-10-15,0.3207345337849884,bs,ZC2,0.41521525578796104
21,2021-10-20,0.30850492390331247,bs,ZC2,0.41521525578796104
21,2021-10-25,0.33796089919123734,bs,ZC2,0.41521525578796104
21,2021-10-30,0.3625377643504532,bs,ZC2,0.41521525578796104
21,2021-11-04,0.3401399130270372,bs,ZC2,0.41521525578796104
21,2021-11-09,0.3524306647380668,bs,ZC2,0.41521525578796104
21,2021-11-14,0.3783458836929696,bs,ZC2,0.41521525578796104
21,2021-11-19,0.39210201027909697,bs,ZC2,0.41521525578796104
21,2021-11-24,0.381497221314155,bs,ZC2,0.41521525578796104
21,2021-11-29,0.3933563024117532,bs,ZC2,0.41521525578796104
21,2021-12-04,0.40567375886524826,bs,ZC2,0.41521525578796104
21,2021-12-09,0.4103207432020072,bs,ZC2,0.41521525578796104
21,2021-12-14,0.43045827496497896,bs,ZC2,0.41521525578796104
21,2021-12-29,0.5679381700324109,bs,ZC2,0.41521525578796104
21,2022-01-03,0.5384615384615384,bs,ZC2,0.41521525578796104
21,2022-01-08,0.5263836300652541,bs,ZC2,0.41521525578796104
21,2022-01-18,0.6045587065995229,bs,ZC2,0.41521525578796104
21,2022-01-23,0.5737114759856001,bs,ZC2,0.41521525578796104
21,2022-01-28,0.5248848342516484,bs,ZC2,0.41521525578796104
21,2022-02-02,0.5348312657239525,bs,ZC2,0.41521525578796104
21,2022-02-07,0.5536821224894619,bs,ZC2,0.41521525578796104
21,2022-02-12,0.5903217842152909,bs,ZC2,0.41521525578796104
21,2022-02-17,0.553558052434457,bs,ZC2,0.41521525578796104
21,2022-02-22,0.5923319582625576,bs,ZC2,0.41521525578796104
21,2022-02-27,0.5389251217699992,bs,ZC2,0.41521525578796104
21,2022-03-04,0.5386459452756882,bs,ZC2,0.41521525578796104
21,2022-03-09,0.5435328419859075,bs,ZC2,0.41521525578796104
21,2022-03-14,0.5467792021657775,bs,ZC2,0.41521525578796104
21,2022-03-19,0.5653223858971262,bs,ZC2,0.41521525578796104
21,2022-03-24,0.5292756306410553,bs,ZC2,0.41521525578796104
21,2022-03-29,0.5077498247527066,bs,ZC2,0.41521525578796104
21,2022-04-03,0.5380187095226674,bs,ZC2,0.41521525578796104
21,2022-04-08,0.5069536166576023,bs,ZC2,0.41521525578796104
21,2022-04-13,0.49147145781214463,bs,ZC2,0.41521525578796104
21,2022-04-18,0.45793134395333185,bs,ZC2,0.41521525578796104
21,2022-04-23,0.4474568325650442,bs,ZC2,0.41521525578796104
21,2022-04-28,0.4188961372132229,bs,ZC2,0.41521525578796104
21,2022-05-03,0.40336513182603473,bs,ZC2,0.41521525578796104
21,2022-05-08,0.38568631716336743,bs,ZC2,0.41521525578796104
21,2022-05-13,0.38670076726342706,bs,ZC2,0.41521525578796104
21,2022-05-18,0.3558164354322305,bs,ZC2,0.41521525578796104
21,2022-05-23,0.3573048503913966,bs,ZC2,0.41521525578796104
21,2022-05-28,0.34271207954305055,bs,ZC2,0.41521525578796104
21,2022-06-02,0.28771663329420705,bs,ZC2,0.41521525578796104
21,2022-06-07,0.3261588187761698,bs,ZC2,0.41521525578796104
21,2022-06-12,0.3256870315693845,bs,ZC2,0.41521525578796104
21,2022-06-17,0.2642713463272526,bs,ZC2,0.41521525578796104
21,2022-06-22,0.22530514239978655,bs,ZC2,0.41521525578796104
21,2022-07-02,0.2822541127056353,bs,ZC2,0.41521525578796104
21,2022-07-07,0.267653185834351,bs,ZC2,0.41521525578796104
21,2022-07-12,0.2532226349136989,bs,ZC2,0.41521525578796104
21,2022-07-17,0.20889348500517063,bs,ZC2,0.41521525578796104
21,2022-07-27,0.2212171647731384,bs,ZC2,0.41521525578796104
21,2022-08-01,0.2638998777242322,bs,ZC2,0.41521525578796104
21,2022-08-06,0.21077380540764817,bs,ZC2,0.41521525578796104
21,2022-08-11,0.23021148036253777,bs,ZC2,0.41521525578796104
21,2022-08-16,0.2249034094760388,bs,ZC2,0.41521525578796104
21,2022-08-21,0.238508581574275,bs,ZC2,0.41521525578796104
21,2022-08-26,0.2321370416205302,bs,ZC2,0.41521525578796104
21,2022-08-31,0.2438515232565725,bs,ZC2,0.41521525578796104
21,2022-09-05,0.2409391237410995,bs,ZC2,0.41521525578796104
21,2022-09-10,0.24120603015075376,bs,ZC2,0.41521525578796104
21,2022-09-15,0.2311950304446768,bs,ZC2,0.41521525578796104
21,2022-09-20,0.22865130979152737,bs,ZC2,0.41521525578796104
21,2022-09-25,0.23589403174220025,bs,ZC2,0.41521525578796104
21,2022-09-30,0.25442296795315744,bs,ZC2,0.41521525578796104
21,2022-10-05,0.2466238131745002,bs,ZC2,0.41521525578796104
21,2022-10-10,0.254956501154051,bs,ZC2,0.41521525578796104
21,2022-10-15,0.2715540745228719,bs,ZC2,0.41521525578796104
21,2022-10-20,0.31178118109767,bs,ZC2,0.41521525578796104
21,2022-10-25,0.3197606983700629,bs,ZC2,0.41521525578796104
21,2022-10-30,0.3493392890377815,bs,ZC2,0.41521525578796104
21,2022-11-04,0.3522386231395847,bs,ZC2,0.41521525578796104
21,2022-11-14,0.35288692123224497,bs,ZC2,0.41521525578796104
21,2022-11-19,0.4096261501833859,bs,ZC2,0.41521525578796104
21,2022-11-24,0.4085781658275444,bs,ZC2,0.41521525578796104
21,2022-11-29,0.4693257744482688,bs,ZC2,0.41521525578796104
21,2022-12-04,0.4850049652432969,bs,ZC2,0.41521525578796104
21,2022-12-14,0.5301316093280997,bs,ZC2,0.41521525578796104
21,2022-12-19,0.5347296430861296,bs,ZC2,0.41521525578796104
21,2022-12-24,0.52515217239208,bs,ZC2,0.41521525578796104
21,2022-12-29,0.5359045386746218,bs,ZC2,0.41521525578796104
21,2023-01-03,0.5284008558216577,bs,ZC2,0.41521525578796104
21,2023-01-08,0.5873255375330064,bs,ZC2,0.41521525578796104
21,2023-01-13,0.5747984914589958,bs,ZC2,0.41521525578796104
21,2023-01-18,0.5754203173099692,bs,ZC2,0.41521525578796104
21,2023-01-23,0.5718956733328264,bs,ZC2,0.41521525578796104
21,2023-01-28,0.572119578146063,bs,ZC2,0.41521525578796104
21,2023-02-02,0.6123271434215725,bs,ZC2,0.41521525578796104
21,2023-02-17,0.621603432321023,bs,ZC2,0.41521525578796104
21,2023-02-22,0.5802039293708032,bs,ZC2,0.41521525578796104
21,2023-02-27,0.5678873239436619,bs,ZC2,0.41521525578796104
21,2023-03-04,0.5820931934618199,bs,ZC2,0.41521525578796104
21,2023-03-09,0.5746872700515084,bs,ZC2,0.41521525578796104
21,2023-03-19,0.5879749478079332,bs,ZC2,0.41521525578796104
21,2023-03-24,0.6208518421740267,bs,ZC2,0.41521525578796104
21,2023-03-29,0.6049372022520572,bs,ZC2,0.41521525578796104
21,2023-04-03,0.5816558578286869,bs,ZC2,0.41521525578796104
21,2023-04-08,0.599545798637396,bs,ZC2,0.41521525578796104
21,2023-04-13,0.5587131795322104,bs,ZC2,0.41521525578796104
21,2023-04-23,0.4936001861764021,bs,ZC2,0.41521525578796104
21,2023-04-28,0.4944114149821641,bs,ZC2,0.41521525578796104
21,2023-05-08,0.4853844264308524,bs,ZC2,0.41521525578796104
21,2023-05-13,0.4847439014824691,bs,ZC2,0.41521525578796104
21,2023-05-18,0.4869871043376318,bs,ZC2,0.41521525578796104
21,2023-05-23,0.4590330391314536,bs,ZC2,0.41521525578796104
21,2023-05-28,0.4396492037849065,bs,ZC2,0.41521525578796104
21,2023-06-02,0.4107102337190834,bs,ZC2,0.41521525578796104
21,2023-06-07,0.4133578150103282,bs,ZC2,0.41521525578796104
21,2023-06-12,0.3497471971861948,bs,ZC2,0.41521525578796104
21,2023-06-17,0.3762773446370449,bs,ZC2,0.41521525578796104
21,2023-06-22,0.3449085970193084,bs,ZC2,0.41521525578796104
21,2023-06-27,0.3445101906640368,bs,ZC2,0.41521525578796104
21,2023-07-02,0.3154828590634103,bs,ZC2,0.41521525578796104
21,2023-07-07,0.33006423095517645,bs,ZC2,0.41521525578796104
21,2023-07-12,0.2901478858571131,bs,ZC2,0.41521525578796104
21,2023-07-17,0.29306394501145594,bs,ZC2,0.41521525578796104
21,2023-07-22,0.26836256901250966,bs,ZC2,0.41521525578796104
21,2023-07-27,0.3076540402245754,bs,ZC2,0.41521525578796104
21,2023-08-01,0.3154647947245267,bs,ZC2,0.41521525578796104
21,2023-08-06,0.32903225806451614,bs,ZC2,0.41521525578796104
21,2023-08-16,0.31552829278378935,bs,ZC2,0.41521525578796104
21,2023-08-21,0.31118478922795856,bs,ZC2,0.41521525578796104
21,2023-08-26,0.31042968010600036,bs,ZC2,0.41521525578796104
21,2023-08-31,0.3216458428730294,bs,ZC2,0.41521525578796104
21,2023-09-05,0.29152373230212686,bs,ZC2,0.41521525578796104
21,2023-09-10,0.32491183071497276,bs,ZC2,0.41521525578796104
21,2023-09-15,0.33195047643741493,bs,ZC2,0.41521525578796104
21,2023-09-20,0.32539433167850185,bs,ZC2,0.41521525578796104
21,2023-09-25,0.3444566837296702,bs,ZC2,0.41521525578796104
21,2023-09-30,0.3472750316856781,bs,ZC2,0.41521525578796104
21,2023-10-05,0.37280728749923064,bs,ZC2,0.41521525578796104
21,2023-10-10,0.3660114609649393,bs,ZC2,0.41521525578796104
21,2023-10-15,0.3808551287963634,bs,ZC2,0.41521525578796104
21,2023-10-20,0.3824101373815946,bs,ZC2,0.41521525578796104
21,2023-10-25,0.42297305784085915,bs,ZC2,0.41521525578796104
21,2023-10-30,0.4111381050270978,bs,ZC2,0.41521525578796104
21,2023-11-04,0.43027285903333545,bs,ZC2,0.41521525578796104
21,2023-11-14,0.4126080257251959,bs,ZC2,0.41521525578796104
21,2023-11-19,0.4350890934012141,bs,ZC2,0.41521525578796104
21,2023-11-24,0.4423544886550477,bs,ZC2,0.41521525578796104
21,2023-11-29,0.43490838958534234,bs,ZC2,0.41521525578796104
21,2023-12-04,0.4442745173007074,bs,ZC2,0.41521525578796104
21,2023-12-09,0.4409265437149871,bs,ZC2,0.41521525578796104
21,2023-12-24,0.45843684311102617,bs,ZC2,0.41521525578796104
21,2024-01-03,0.4886386089705592,bs,ZC2,0.41521525578796104
21,2024-01-08,0.4731524432865222,bs,ZC2,0.41521525578796104
21,2024-01-13,0.4866714462621391,bs,ZC2,0.41521525578796104
21,2024-01-18,0.46277774048466136,bs,ZC2,0.41521525578796104
21,2024-01-23,0.4674020090604688,bs,ZC2,0.41521525578796104
21,2024-01-28,0.5051008841532533,bs,ZC2,0.41521525578796104
21,2024-02-02,0.4950892537099434,bs,ZC2,0.41521525578796104
21,2024-02-17,0.4546552895869515,bs,ZC2,0.41521525578796104
21,2024-02-22,0.4604966139954853,bs,ZC2,0.41521525578796104
21,2024-03-03,0.42651585653948026,bs,ZC2,0.41521525578796104
21,2024-03-08,0.4276174576675411,bs,ZC2,0.41521525578796104
21,2024-03-13,0.396732624463066,bs,ZC2,0.41521525578796104
21,2024-03-18,0.39967964342920814,bs,ZC2,0.41521525578796104
21,2024-03-23,0.38892270237370663,bs,ZC2,0.41521525578796104
21,2024-04-02,0.4209591474245116,bs,ZC2,0.41521525578796104
21,2024-04-07,0.3964574828755276,bs,ZC2,0.41521525578796104
21,2024-04-12,0.3621939275220372,bs,ZC2,0.41521525578796104
21,2024-04-17,0.36646225417635864,bs,ZC2,0.41521525578796104
21,2024-04-22,0.34837438423645317,bs,ZC2,0.41521525578796104
21,2024-04-27,0.31566118220597195,bs,ZC2,0.41521525578796104
21,2024-05-02,0.321937878491893,bs,ZC2,0.41521525578796104
21,2024-05-12,0.2892477637029477,bs,ZC2,0.41521525578796104
21,2024-05-22,0.27659041052961453,bs,ZC2,0.41521525578796104
21,2024-05-27,0.2947680157946693,bs,ZC2,0.41521525578796104
21,2024-06-01,0.28264688658988874,bs,ZC2,0.41521525578796104
21,2024-06-06,0.2784109410615435,bs,ZC2,0.41521525578796104
21,2024-06-11,0.2761401019157582,bs,ZC2,0.41521525578796104
21,2024-06-16,0.26970745517458317,bs,ZC2,0.41521525578796104
21,2024-06-21,0.247061066276927,bs,ZC2,0.41521525578796104
21,2024-07-01,0.2553111487121639,bs,ZC2,0.41521525578796104
21,2024-07-06,0.25271583762149796,bs,ZC2,0.41521525578796104
21,2024-07-11,0.2244834646646398,bs,ZC2,0.41521525578796104
21,2024-07-16,0.2266019054735662,bs,ZC2,0.41521525578796104
21,2024-07-26,0.23014830110756523,bs,ZC2,0.41521525578796104
21,2024-07-31,0.22080029964417255,bs,ZC2,0.41521525578796104
21,2024-08-05,0.22444697560098317,bs,ZC2,0.41521525578796104
21,2024-08-10,0.22398473373486788,bs,ZC2,0.41521525578796104
21,2024-08-15,0.2247880209272957,bs,ZC2,0.41521525578796104
21,2024-08-20,0.2149623930642476,bs,ZC2,0.41521525578796104
21,2024-08-25,0.2177858439201452,bs,ZC2,0.41521525578796104
21,2024-08-30,0.21307911021910017,bs,ZC2,0.41521525578796104
21,2024-09-04,0.21505745155204944,bs,ZC2,0.41521525578796104
21,2024-09-09,0.21684339088436128,bs,ZC2,0.41521525578796104
21,2024-09-14,0.2175727681717166,bs,ZC2,0.41521525578796104
21,2024-09-19,0.2287737123709669,bs,ZC2,0.41521525578796104
21,2024-09-24,0.20144415748695516,bs,ZC2,0.41521525578796104
21,2024-09-29,0.2369982361430328,bs,ZC2,0.41521525578796104
21,2024-10-04,0.23532559259457436,bs,ZC2,0.41521525578796104
21,2024-10-14,0.23571312054809415,bs,ZC2,0.41521525578796104
21,2024-10-19,0.2541058639814765,bs,ZC2,0.41521525578796104
21,2024-10-24,0.26806354568005486,bs,ZC2,0.41521525578796104
21,2024-10-29,0.25813915055362746,bs,ZC2,0.41521525578796104
21,2024-11-03,0.2562496625452189,bs,ZC2,0.41521525578796104
21,2024-11-08,0.2688160620385617,bs,ZC2,0.41521525578796104
21,2024-11-13,0.26131348045732516,bs,ZC2,0.41521525578796104
21,2024-11-18,0.21890758855337503,bs,ZC2,0.41521525578796104
21,2024-11-23,0.26087683137429674,bs,ZC2,0.41521525578796104
21,2024-11-28,0.25670054236217155,bs,ZC2,0.41521525578796104
21,2024-12-03,0.2534146464391916,bs,ZC2,0.41521525578796104
21,2024-12-08,0.2611778906603631,bs,ZC2,0.41521525578796104
21,2024-12-13,0.25468678555098306,bs,ZC2,0.41521525578796104
21,2024-12-18,0.26469259723964866,bs,ZC2,0.41521525578796104
21,2024-12-23,0.2512111785404661,bs,ZC2,0.41521525578796104
21,2024-12-28,0.2572631360116418,bs,ZC2,0.41521525578796104
21,2025-01-02,0.24567690098351824,bs,ZC2,0.41521525578796104
21,2025-01-17,0.2657470500249294,bs,ZC2,0.41521525578796104
21,2025-01-22,0.2785066633752644,bs,ZC2,0.41521525578796104
21,2025-01-27,0.2523694779116466,bs,ZC2,0.41521525578796104
21,2025-02-01,0.27225273231471914,bs,ZC2,0.41521525578796104
21,2025-02-06,0.25395285119013644,bs,ZC2,0.41521525578796104
21,2025-02-21,0.26441881100266196,bs,ZC2,0.41521525578796104
21,2025-02-26,0.24802545599181772,bs,ZC2,0.41521525578796104
21,2025-03-03,0.26181880694516074,bs,ZC2,0.41521525578796104
21,2025-03-08,0.26112198686183574,bs,ZC2,0.41521525578796104
21,2025-03-13,0.23546366609389724,bs,ZC2,0.41521525578796104
21,2025-03-18,0.25847480176680326,bs,ZC2,0.41521525578796104
21,2025-03-20,0.26388222115538484,bs,ZC2,0.41521525578796104
21,2025-03-23,0.2278935626054307,bs,ZC2,0.41521525578796104
21,2025-03-28,0.2314160961673225,bs,ZC2,0.41521525578796104
24,2016-07-23,0.30395014574329077,bs,ZC2,0.36779770868219636
24,2016-08-12,0.34831834831834835,bs,ZC2,0.36779770868219636
24,2016-09-01,0.2843027751525045,bs,ZC2,0.36779770868219636
24,2016-09-21,0.28356411800120407,bs,ZC2,0.36779770868219636
24,2016-10-11,0.2703165869937765,bs,ZC2,0.36779770868219636
24,2016-10-31,0.33436448002911473,bs,ZC2,0.36779770868219636
24,2016-11-10,0.39814724524622136,bs,ZC2,0.36779770868219636
24,2016-11-30,0.31063696266080953,bs,ZC2,0.36779770868219636
24,2016-12-10,0.46865984788880144,bs,ZC2,0.36779770868219636
24,2016-12-20,0.4622137019473313,bs,ZC2,0.36779770868219636
24,2017-01-19,0.5712297977095151,bs,ZC2,0.36779770868219636
24,2017-01-29,0.6217956086906541,bs,ZC2,0.36779770868219636
24,2017-02-18,0.5898817191708631,bs,ZC2,0.36779770868219636
24,2017-02-28,0.5978489306465571,bs,ZC2,0.36779770868219636
24,2017-03-20,0.5639461263957638,bs,ZC2,0.36779770868219636
24,2017-04-09,0.5090871326202098,bs,ZC2,0.36779770868219636
24,2017-05-19,0.3871416966461646,bs,ZC2,0.36779770868219636
24,2017-07-13,0.3199632226180899,bs,ZC2,0.36779770868219636
24,2017-07-18,0.26904302417981607,bs,ZC2,0.36779770868219636
24,2017-08-02,0.24871251136019387,bs,ZC2,0.36779770868219636
24,2017-08-07,0.23618493631531445,bs,ZC2,0.36779770868219636
24,2017-10-01,0.2732929561105119,bs,ZC2,0.36779770868219636
24,2017-10-21,0.2970949386043725,bs,ZC2,0.36779770868219636
24,2017-10-26,0.23282685833864072,bs,ZC2,0.36779770868219636
24,2017-11-10,0.3896067150806375,bs,ZC2,0.36779770868219636
24,2017-11-15,0.28479776847977684,bs,ZC2,0.36779770868219636
24,2017-11-20,0.41145139813581894,bs,ZC2,0.36779770868219636
24,2017-11-30,0.3699105733824303,bs,ZC2,0.36779770868219636
24,2017-12-05,0.4016385811376967,bs,ZC2,0.36779770868219636
24,2017-12-10,0.43072257659730206,bs,ZC2,0.36779770868219636
24,2017-12-20,0.3996795238640266,bs,ZC2,0.36779770868219636
24,2017-12-25,0.5013698630136987,bs,ZC2,0.36779770868219636
24,2017-12-30,0.4606072833652779,bs,ZC2,0.36779770868219636
24,2018-01-14,0.47154129405576006,bs,ZC2,0.36779770868219636
24,2018-01-19,0.4616824373505252,bs,ZC2,0.36779770868219636
24,2018-02-08,0.5970068760954563,bs,ZC2,0.36779770868219636
24,2018-02-23,0.6595968910551969,bs,ZC2,0.36779770868219636
24,2018-02-28,0.4601307189542484,bs,ZC2,0.36779770868219636
24,2018-03-05,0.5140988966080916,bs,ZC2,0.36779770868219636
24,2018-03-10,0.40093839866807934,bs,ZC2,0.36779770868219636
24,2018-03-15,0.543475493316359,bs,ZC2,0.36779770868219636
24,2018-03-20,0.4760783159134403,bs,ZC2,0.36779770868219636
24,2018-03-25,0.5149722735674677,bs,ZC2,0.36779770868219636
24,2018-04-04,0.5421323621750597,bs,ZC2,0.36779770868219636
24,2018-04-09,0.3583918941003432,bs,ZC2,0.36779770868219636
24,2018-04-14,0.5357582387529057,bs,ZC2,0.36779770868219636
24,2018-04-19,0.4387431054654855,bs,ZC2,0.36779770868219636
24,2018-04-24,0.45908256880733944,bs,ZC2,0.36779770868219636
24,2018-05-04,0.48221343873517786,bs,ZC2,0.36779770868219636
24,2018-05-09,0.4639271296967188,bs,ZC2,0.36779770868219636
24,2018-05-14,0.3753501400560224,bs,ZC2,0.36779770868219636
24,2018-05-19,0.44116657319125063,bs,ZC2,0.36779770868219636
24,2018-05-24,0.3652412710867007,bs,ZC2,0.36779770868219636
24,2018-05-29,0.3519262072707542,bs,ZC2,0.36779770868219636
24,2018-06-08,0.3685872998584032,bs,ZC2,0.36779770868219636
24,2018-06-13,0.3163225555122712,bs,ZC2,0.36779770868219636
24,2018-06-18,0.3558747031550379,bs,ZC2,0.36779770868219636
24,2018-06-23,0.29395145755746754,bs,ZC2,0.36779770868219636
24,2018-07-03,0.23463019519320144,bs,ZC2,0.36779770868219636
24,2018-07-08,0.3127164179104478,bs,ZC2,0.36779770868219636
24,2018-07-13,0.23847019122609672,bs,ZC2,0.36779770868219636
24,2018-07-28,0.3011260053619303,bs,ZC2,0.36779770868219636
24,2018-08-07,0.3204181343029201,bs,ZC2,0.36779770868219636
24,2018-08-12,0.26786484543493894,bs,ZC2,0.36779770868219636
24,2018-08-17,0.3152030669701689,bs,ZC2,0.36779770868219636
24,2018-08-22,0.20601565718994644,bs,ZC2,0.36779770868219636
24,2018-08-27,0.2998048145738451,bs,ZC2,0.36779770868219636
24,2018-09-01,0.250453720508167,bs,ZC2,0.36779770868219636
24,2018-09-06,0.27831932773109247,bs,ZC2,0.36779770868219636
24,2018-09-11,0.28064413603135924,bs,ZC2,0.36779770868219636
24,2018-09-16,0.28403127342829604,bs,ZC2,0.36779770868219636
24,2018-09-21,0.3014354066985646,bs,ZC2,0.36779770868219636
24,2018-09-26,0.3706067244499476,bs,ZC2,0.36779770868219636
24,2018-10-11,0.223307609651265,bs,ZC2,0.36779770868219636
24,2018-10-16,0.3133477321814255,bs,ZC2,0.36779770868219636
24,2018-10-21,0.24402820162054087,bs,ZC2,0.36779770868219636
24,2018-10-26,0.3777650100545821,bs,ZC2,0.36779770868219636
24,2018-10-31,0.2869423581576328,bs,ZC2,0.36779770868219636
24,2018-11-10,0.34768708162653617,bs,ZC2,0.36779770868219636
24,2018-11-15,0.4288791169343983,bs,ZC2,0.36779770868219636
24,2018-11-20,0.4185359448517343,bs,ZC2,0.36779770868219636
24,2018-11-25,0.48779311010325194,bs,ZC2,0.36779770868219636
24,2018-11-30,0.408,bs,ZC2,0.36779770868219636
24,2018-12-05,0.5430276064313885,bs,ZC2,0.36779770868219636
24,2018-12-10,0.47898432240069255,bs,ZC2,0.36779770868219636
24,2018-12-15,0.5326852494792182,bs,ZC2,0.36779770868219636
24,2018-12-20,0.417262231995602,bs,ZC2,0.36779770868219636
24,2018-12-25,0.5500623653475452,bs,ZC2,0.36779770868219636
24,2019-01-09,0.3018487394957983,bs,ZC2,0.36779770868219636
24,2019-01-29,0.6498476125973587,bs,ZC2,0.36779770868219636
24,2019-02-13,0.6340681362725451,bs,ZC2,0.36779770868219636
24,2019-02-18,0.6572555788435458,bs,ZC2,0.36779770868219636
24,2019-02-23,0.583792501007929,bs,ZC2,0.36779770868219636
24,2019-02-28,0.6176577449436842,bs,ZC2,0.36779770868219636
24,2019-03-05,0.5928820655966505,bs,ZC2,0.36779770868219636
24,2019-03-10,0.6080340839926963,bs,ZC2,0.36779770868219636
24,2019-03-15,0.5826395523406579,bs,ZC2,0.36779770868219636
24,2019-03-20,0.5888190539199472,bs,ZC2,0.36779770868219636
24,2019-03-25,0.5009940357852882,bs,ZC2,0.36779770868219636
24,2019-03-30,0.5537736907031513,bs,ZC2,0.36779770868219636
24,2019-04-04,0.49307003556972895,bs,ZC2,0.36779770868219636
24,2019-04-09,0.5357720945289738,bs,ZC2,0.36779770868219636
24,2019-04-14,0.47681299022980594,bs,ZC2,0.36779770868219636
24,2019-04-19,0.5204317656129529,bs,ZC2,0.36779770868219636
24,2019-04-24,0.44038057580625234,bs,ZC2,0.36779770868219636
24,2019-04-29,0.4848,bs,ZC2,0.36779770868219636
24,2019-05-04,0.4047710657945364,bs,ZC2,0.36779770868219636
24,2019-05-09,0.3962264150943397,bs,ZC2,0.36779770868219636
24,2019-05-14,0.4005203341092701,bs,ZC2,0.36779770868219636
24,2019-05-19,0.4051519319744904,bs,ZC2,0.36779770868219636
24,2019-05-24,0.3390579618638717,bs,ZC2,0.36779770868219636
24,2019-05-29,0.3635102323968089,bs,ZC2,0.36779770868219636
24,2019-06-03,0.32095657646318443,bs,ZC2,0.36779770868219636
24,2019-06-08,0.33836730383356217,bs,ZC2,0.36779770868219636
24,2019-06-18,0.3647151013097504,bs,ZC2,0.36779770868219636
24,2019-06-23,0.3394871794871795,bs,ZC2,0.36779770868219636
24,2019-06-28,0.34861371920910195,bs,ZC2,0.36779770868219636
24,2019-07-03,0.3569620253164557,bs,ZC2,0.36779770868219636
24,2019-07-08,0.3526472337894111,bs,ZC2,0.36779770868219636
24,2019-07-18,0.31389036721660457,bs,ZC2,0.36779770868219636
24,2019-07-28,0.30376145822358025,bs,ZC2,0.36779770868219636
24,2019-08-02,0.2856310113669484,bs,ZC2,0.36779770868219636
24,2019-08-07,0.2995803292801033,bs,ZC2,0.36779770868219636
24,2019-08-12,0.2733667270595758,bs,ZC2,0.36779770868219636
24,2019-08-17,0.3060736012765533,bs,ZC2,0.36779770868219636
24,2019-08-22,0.34643648664411525,bs,ZC2,0.36779770868219636
24,2019-08-27,0.26074122663168253,bs,ZC2,0.36779770868219636
24,2019-09-01,0.36899905867587074,bs,ZC2,0.36779770868219636
24,2019-09-06,0.30211211122003384,bs,ZC2,0.36779770868219636
24,2019-09-11,0.3144324143319567,bs,ZC2,0.36779770868219636
24,2019-09-16,0.29281661698240213,bs,ZC2,0.36779770868219636
24,2019-09-21,0.309201038361696,bs,ZC2,0.36779770868219636
24,2019-09-26,0.3070283600493218,bs,ZC2,0.36779770868219636
24,2019-10-06,0.2961460446247465,bs,ZC2,0.36779770868219636
24,2019-10-11,0.31389467420410594,bs,ZC2,0.36779770868219636
24,2019-10-16,0.30583974649162515,bs,ZC2,0.36779770868219636
24,2019-10-21,0.3740768489778444,bs,ZC2,0.36779770868219636
24,2019-10-26,0.34543942334349875,bs,ZC2,0.36779770868219636
24,2019-11-05,0.39745754295362,bs,ZC2,0.36779770868219636
24,2019-11-10,0.4109108621529469,bs,ZC2,0.36779770868219636
24,2019-11-15,0.42406848915264134,bs,ZC2,0.36779770868219636
24,2019-11-20,0.4627123817275409,bs,ZC2,0.36779770868219636
24,2019-11-25,0.4308625475480621,bs,ZC2,0.36779770868219636
24,2019-11-30,0.493227879387049,bs,ZC2,0.36779770868219636
24,2019-12-05,0.45055494450554945,bs,ZC2,0.36779770868219636
24,2019-12-10,0.5163411919457654,bs,ZC2,0.36779770868219636
24,2019-12-15,0.5636588380716935,bs,ZC2,0.36779770868219636
24,2019-12-20,0.5268495783068218,bs,ZC2,0.36779770868219636
24,2019-12-25,0.5003910177633784,bs,ZC2,0.36779770868219636
24,2019-12-30,0.5165229080318137,bs,ZC2,0.36779770868219636
24,2020-01-04,0.5022943875750088,bs,ZC2,0.36779770868219636
24,2020-01-09,0.5997781338592383,bs,ZC2,0.36779770868219636
24,2020-01-14,0.5368454729657672,bs,ZC2,0.36779770868219636
24,2020-01-19,0.6217561322431567,bs,ZC2,0.36779770868219636
24,2020-01-24,0.6543010083405951,bs,ZC2,0.36779770868219636
24,2020-01-29,0.6415945844302369,bs,ZC2,0.36779770868219636
24,2020-02-03,0.5837587557877241,bs,ZC2,0.36779770868219636
24,2020-02-18,0.5876931065818513,bs,ZC2,0.36779770868219636
24,2020-02-23,0.6312039004875609,bs,ZC2,0.36779770868219636
24,2020-02-28,0.6052667116812964,bs,ZC2,0.36779770868219636
24,2020-03-04,0.5312542931721391,bs,ZC2,0.36779770868219636
24,2020-03-14,0.5400250591674788,bs,ZC2,0.36779770868219636
24,2020-03-19,0.5813425864139864,bs,ZC2,0.36779770868219636
24,2020-03-24,0.5636007827788649,bs,ZC2,0.36779770868219636
24,2020-03-29,0.5604821351700388,bs,ZC2,0.36779770868219636
24,2020-04-13,0.5347554247885252,bs,ZC2,0.36779770868219636
24,2020-04-18,0.5472278047050478,bs,ZC2,0.36779770868219636
24,2020-04-23,0.46206192582511063,bs,ZC2,0.36779770868219636
24,2020-04-28,0.4971881097211064,bs,ZC2,0.36779770868219636
24,2020-05-08,0.4819011992518429,bs,ZC2,0.36779770868219636
24,2020-05-13,0.4253757427472911,bs,ZC2,0.36779770868219636
24,2020-05-18,0.4050757669089565,bs,ZC2,0.36779770868219636
24,2020-05-23,0.3937892302609845,bs,ZC2,0.36779770868219636
24,2020-05-28,0.35685848715164675,bs,ZC2,0.36779770868219636
24,2020-06-02,0.3321832884097035,bs,ZC2,0.36779770868219636
24,2020-06-12,0.2679579413392363,bs,ZC2,0.36779770868219636
24,2020-06-22,0.2609919099542737,bs,ZC2,0.36779770868219636
24,2020-06-27,0.27912401192173125,bs,ZC2,0.36779770868219636
24,2020-07-02,0.31166150670794635,bs,ZC2,0.36779770868219636
24,2020-07-07,0.239862148190695,bs,ZC2,0.36779770868219636
24,2020-07-12,0.3103921344460958,bs,ZC2,0.36779770868219636
24,2020-07-17,0.3143969762913756,bs,ZC2,0.36779770868219636
24,2020-07-22,0.3018230925050641,bs,ZC2,0.36779770868219636
24,2020-07-27,0.2856244101918842,bs,ZC2,0.36779770868219636
24,2020-08-01,0.2803356056633456,bs,ZC2,0.36779770868219636
24,2020-08-06,0.29499533727074917,bs,ZC2,0.36779770868219636
24,2020-08-11,0.3129302128560839,bs,ZC2,0.36779770868219636
24,2020-08-16,0.2557049077836824,bs,ZC2,0.36779770868219636
24,2020-08-21,0.195355587808418,bs,ZC2,0.36779770868219636
24,2020-08-31,0.2702400412974275,bs,ZC2,0.36779770868219636
24,2020-09-05,0.2815863473286144,bs,ZC2,0.36779770868219636
24,2020-09-10,0.27573826406965263,bs,ZC2,0.36779770868219636
24,2020-09-15,0.3133388112845795,bs,ZC2,0.36779770868219636
24,2020-09-20,0.2681761006289308,bs,ZC2,0.36779770868219636
24,2020-09-25,0.26559536879928136,bs,ZC2,0.36779770868219636
24,2020-09-30,0.25252688606776097,bs,ZC2,0.36779770868219636
24,2020-10-05,0.32481714226846603,bs,ZC2,0.36779770868219636
24,2020-10-10,0.2115185220096145,bs,ZC2,0.36779770868219636
24,2020-10-15,0.3490731024833858,bs,ZC2,0.36779770868219636
24,2020-10-20,0.2860719874804382,bs,ZC2,0.36779770868219636
24,2020-10-25,0.22881056230107272,bs,ZC2,0.36779770868219636
24,2020-10-30,0.26578220995459,bs,ZC2,0.36779770868219636
24,2020-11-09,0.3270446367791501,bs,ZC2,0.36779770868219636
24,2020-11-14,0.3665791776027997,bs,ZC2,0.36779770868219636
24,2020-11-19,0.4030234802187198,bs,ZC2,0.36779770868219636
24,2020-11-29,0.3436503856041131,bs,ZC2,0.36779770868219636
24,2020-12-04,0.4297976051711349,bs,ZC2,0.36779770868219636
24,2020-12-09,0.4445081732147978,bs,ZC2,0.36779770868219636
24,2020-12-24,0.4625345877144438,bs,ZC2,0.36779770868219636
24,2020-12-29,0.4338680926916221,bs,ZC2,0.36779770868219636
24,2021-01-08,0.400076423385556,bs,ZC2,0.36779770868219636
24,2021-01-13,0.489095071695385,bs,ZC2,0.36779770868219636
24,2021-01-18,0.49673761899668417,bs,ZC2,0.36779770868219636
24,2021-01-28,0.5742280961604193,bs,ZC2,0.36779770868219636
24,2021-02-07,0.4906089245125015,bs,ZC2,0.36779770868219636
24,2021-02-12,0.5338576871082709,bs,ZC2,0.36779770868219636
24,2021-02-17,0.5415882157492524,bs,ZC2,0.36779770868219636
24,2021-02-22,0.48957454501627096,bs,ZC2,0.36779770868219636
24,2021-02-27,0.42645789668351625,bs,ZC2,0.36779770868219636
24,2021-03-04,0.49993366060766886,bs,ZC2,0.36779770868219636
24,2021-03-09,0.4420125450420392,bs,ZC2,0.36779770868219636
24,2021-03-14,0.4840825249351004,bs,ZC2,0.36779770868219636
24,2021-03-24,0.4767242516154556,bs,ZC2,0.36779770868219636
24,2021-03-29,0.4234295415959254,bs,ZC2,0.36779770868219636
24,2021-04-03,0.4673238408178167,bs,ZC2,0.36779770868219636
24,2021-04-08,0.4054411278775195,bs,ZC2,0.36779770868219636
24,2021-04-13,0.48831168831168825,bs,ZC2,0.36779770868219636
24,2021-04-18,0.4062392869386357,bs,ZC2,0.36779770868219636
24,2021-04-23,0.39284461592423714,bs,ZC2,0.36779770868219636
24,2021-04-28,0.32404868954929267,bs,ZC2,0.36779770868219636
24,2021-05-03,0.3615798922800718,bs,ZC2,0.36779770868219636
24,2021-05-08,0.3445494108905636,bs,ZC2,0.36779770868219636
24,2021-05-18,0.3150384193194292,bs,ZC2,0.36779770868219636
24,2021-05-23,0.31783229586232153,bs,ZC2,0.36779770868219636
24,2021-06-02,0.33159337074252904,bs,ZC2,0.36779770868219636
24,2021-06-07,0.2845921450151057,bs,ZC2,0.36779770868219636
24,2021-06-12,0.31132452981192477,bs,ZC2,0.36779770868219636
24,2021-06-17,0.23942975508712075,bs,ZC2,0.36779770868219636
24,2021-07-02,0.23548341961662236,bs,ZC2,0.36779770868219636
24,2021-07-07,0.2111920275967804,bs,ZC2,0.36779770868219636
24,2021-07-22,0.2428695977083074,bs,ZC2,0.36779770868219636
24,2021-07-27,0.21824516946468164,bs,ZC2,0.36779770868219636
24,2021-08-06,0.2184630864042259,bs,ZC2,0.36779770868219636
24,2021-08-16,0.189990607808936,bs,ZC2,0.36779770868219636
24,2021-08-21,0.22134816221348164,bs,ZC2,0.36779770868219636
24,2021-08-26,0.253603324785569,bs,ZC2,0.36779770868219636
24,2021-08-31,0.2652614289624966,bs,ZC2,0.36779770868219636
24,2021-09-05,0.22399191981974984,bs,ZC2,0.36779770868219636
24,2021-09-10,0.28222013170272814,bs,ZC2,0.36779770868219636
24,2021-09-15,0.21034456872607163,bs,ZC2,0.36779770868219636
24,2021-09-20,0.26227303295225285,bs,ZC2,0.36779770868219636
24,2021-09-25,0.2545545295732468,bs,ZC2,0.36779770868219636
24,2021-09-30,0.24931710951080208,bs,ZC2,0.36779770868219636
24,2021-10-05,0.24294835528974384,bs,ZC2,0.36779770868219636
24,2021-10-10,0.2733172476911557,bs,ZC2,0.36779770868219636
24,2021-10-15,0.22873685068906469,bs,ZC2,0.36779770868219636
24,2021-10-20,0.30210357354059303,bs,ZC2,0.36779770868219636
24,2021-10-25,0.2748035960152264,bs,ZC2,0.36779770868219636
24,2021-10-30,0.3010490363503293,bs,ZC2,0.36779770868219636
24,2021-11-04,0.28774554121804885,bs,ZC2,0.36779770868219636
24,2021-11-09,0.3001751021429167,bs,ZC2,0.36779770868219636
24,2021-11-14,0.31116428748246555,bs,ZC2,0.36779770868219636
24,2021-11-19,0.34790434559012595,bs,ZC2,0.36779770868219636
24,2021-11-24,0.32273959103227395,bs,ZC2,0.36779770868219636
24,2021-11-29,0.4029265743402143,bs,ZC2,0.36779770868219636
24,2021-12-04,0.33789044816659125,bs,ZC2,0.36779770868219636
24,2021-12-09,0.3930620049166894,bs,ZC2,0.36779770868219636
24,2021-12-14,0.4058232414326205,bs,ZC2,0.36779770868219636
24,2021-12-29,0.5876007721130918,bs,ZC2,0.36779770868219636
24,2022-01-03,0.6135990364611847,bs,ZC2,0.36779770868219636
24,2022-01-08,0.5577286365151684,bs,ZC2,0.36779770868219636
24,2022-01-18,0.6242509693338033,bs,ZC2,0.36779770868219636
24,2022-01-23,0.5996505532906231,bs,ZC2,0.36779770868219636
24,2022-01-28,0.49479471283191023,bs,ZC2,0.36779770868219636
24,2022-02-02,0.5536619566389818,bs,ZC2,0.36779770868219636
24,2022-02-07,0.6095755753440499,bs,ZC2,0.36779770868219636
24,2022-02-12,0.5912650270210654,bs,ZC2,0.36779770868219636
24,2022-02-17,0.5835522558537979,bs,ZC2,0.36779770868219636
24,2022-02-22,0.6042054539480889,bs,ZC2,0.36779770868219636
24,2022-02-27,0.593984962406015,bs,ZC2,0.36779770868219636
24,2022-03-04,0.5172534799391741,bs,ZC2,0.36779770868219636
24,2022-03-09,0.5436512383727445,bs,ZC2,0.36779770868219636
24,2022-03-14,0.5803641237573998,bs,ZC2,0.36779770868219636
24,2022-03-19,0.5863746958637469,bs,ZC2,0.36779770868219636
24,2022-03-24,0.551716668471786,bs,ZC2,0.36779770868219636
24,2022-03-29,0.5519561993840538,bs,ZC2,0.36779770868219636
24,2022-04-03,0.4797358150705494,bs,ZC2,0.36779770868219636
24,2022-04-08,0.5223171889838556,bs,ZC2,0.36779770868219636
24,2022-04-13,0.5249240463598515,bs,ZC2,0.36779770868219636
24,2022-04-18,0.4907781294335915,bs,ZC2,0.36779770868219636
24,2022-04-23,0.42717358067475286,bs,ZC2,0.36779770868219636
24,2022-04-28,0.4666873256894949,bs,ZC2,0.36779770868219636
24,2022-05-03,0.4172410245859479,bs,ZC2,0.36779770868219636
24,2022-05-08,0.438895234139757,bs,ZC2,0.36779770868219636
24,2022-05-13,0.3702302112898139,bs,ZC2,0.36779770868219636
24,2022-05-18,0.38924149412131925,bs,ZC2,0.36779770868219636
24,2022-05-23,0.37318654182529065,bs,ZC2,0.36779770868219636
24,2022-05-28,0.3450338268457692,bs,ZC2,0.36779770868219636
24,2022-06-02,0.2803974875785131,bs,ZC2,0.36779770868219636
24,2022-06-07,0.3563438798338127,bs,ZC2,0.36779770868219636
24,2022-06-12,0.3208539917029242,bs,ZC2,0.36779770868219636
24,2022-06-17,0.3179696036555081,bs,ZC2,0.36779770868219636
24,2022-06-22,0.2567826801863524,bs,ZC2,0.36779770868219636
24,2022-07-02,0.29570601969343213,bs,ZC2,0.36779770868219636
24,2022-07-07,0.2978106568029591,bs,ZC2,0.36779770868219636
24,2022-07-12,0.2980625931445604,bs,ZC2,0.36779770868219636
24,2022-07-17,0.22269177767570048,bs,ZC2,0.36779770868219636
24,2022-07-27,0.2689824497590252,bs,ZC2,0.36779770868219636
24,2022-08-01,0.293724835510164,bs,ZC2,0.36779770868219636
24,2022-08-06,0.2717579513350952,bs,ZC2,0.36779770868219636
24,2022-08-11,0.2864881131507674,bs,ZC2,0.36779770868219636
24,2022-08-16,0.2843871457010143,bs,ZC2,0.36779770868219636
24,2022-08-21,0.26215022091310747,bs,ZC2,0.36779770868219636
24,2022-08-26,0.24263233190271816,bs,ZC2,0.36779770868219636
24,2022-08-31,0.23072893932780444,bs,ZC2,0.36779770868219636
24,2022-09-05,0.23875619648490312,bs,ZC2,0.36779770868219636
24,2022-09-15,0.269248291571754,bs,ZC2,0.36779770868219636
24,2022-09-20,0.2157026868669959,bs,ZC2,0.36779770868219636
24,2022-09-25,0.2730101114856106,bs,ZC2,0.36779770868219636
24,2022-09-30,0.24678274034822104,bs,ZC2,0.36779770868219636
24,2022-10-05,0.2561135945306337,bs,ZC2,0.36779770868219636
24,2022-10-10,0.23385300668151449,bs,ZC2,0.36779770868219636
24,2022-10-15,0.26412267559707414,bs,ZC2,0.36779770868219636
24,2022-10-20,0.23723430246762764,bs,ZC2,0.36779770868219636
24,2022-10-25,0.2758448060075094,bs,ZC2,0.36779770868219636
24,2022-10-30,0.24994143827594284,bs,ZC2,0.36779770868219636
24,2022-11-04,0.25904259701738486,bs,ZC2,0.36779770868219636
24,2022-11-14,0.32283672929346385,bs,ZC2,0.36779770868219636
24,2022-11-19,0.3015585058134741,bs,ZC2,0.36779770868219636
24,2022-11-24,0.31299957930164074,bs,ZC2,0.36779770868219636
24,2022-11-29,0.33815977775907063,bs,ZC2,0.36779770868219636
24,2022-12-04,0.38133966919491913,bs,ZC2,0.36779770868219636
24,2022-12-14,0.47302100161550886,bs,ZC2,0.36779770868219636
24,2022-12-19,0.45407066052227346,bs,ZC2,0.36779770868219636
24,2022-12-24,0.48668712263684055,bs,ZC2,0.36779770868219636
24,2022-12-29,0.4966498299144418,bs,ZC2,0.36779770868219636
24,2023-01-03,0.5361016121152906,bs,ZC2,0.36779770868219636
24,2023-01-08,0.5115011446636869,bs,ZC2,0.36779770868219636
24,2023-01-13,0.5428808462096858,bs,ZC2,0.36779770868219636
24,2023-01-18,0.5185597248912713,bs,ZC2,0.36779770868219636
24,2023-01-23,0.5307616653917605,bs,ZC2,0.36779770868219636
24,2023-01-28,0.5324992371071102,bs,ZC2,0.36779770868219636
24,2023-02-02,0.5793127386324193,bs,ZC2,0.36779770868219636
24,2023-02-12,0.5957590037024572,bs,ZC2,0.36779770868219636
24,2023-02-17,0.5565640194489465,bs,ZC2,0.36779770868219636
24,2023-02-22,0.5961938094717271,bs,ZC2,0.36779770868219636
24,2023-02-27,0.5507951963648166,bs,ZC2,0.36779770868219636
24,2023-03-04,0.5671794871794872,bs,ZC2,0.36779770868219636
24,2023-03-09,0.5350594510501168,bs,ZC2,0.36779770868219636
24,2023-03-19,0.5470529691474069,bs,ZC2,0.36779770868219636
24,2023-03-24,0.5746189294576391,bs,ZC2,0.36779770868219636
24,2023-03-29,0.5171523819765566,bs,ZC2,0.36779770868219636
24,2023-04-03,0.534838076545633,bs,ZC2,0.36779770868219636
24,2023-04-08,0.5093194163382682,bs,ZC2,0.36779770868219636
24,2023-04-13,0.4782798993325309,bs,ZC2,0.36779770868219636
24,2023-04-23,0.4613926050774254,bs,ZC2,0.36779770868219636
24,2023-04-28,0.423936116445972,bs,ZC2,0.36779770868219636
24,2023-05-08,0.4229990408185016,bs,ZC2,0.36779770868219636
24,2023-05-13,0.4743070012052153,bs,ZC2,0.36779770868219636
24,2023-05-18,0.39634464751958226,bs,ZC2,0.36779770868219636
24,2023-05-23,0.40086071166159337,bs,ZC2,0.36779770868219636
24,2023-05-28,0.346705710102489,bs,ZC2,0.36779770868219636
24,2023-06-02,0.394760982570584,bs,ZC2,0.36779770868219636
24,2023-06-07,0.30939385234128125,bs,ZC2,0.36779770868219636
24,2023-06-12,0.3172128838388581,bs,ZC2,0.36779770868219636
24,2023-06-17,0.3116428362999708,bs,ZC2,0.36779770868219636
24,2023-06-22,0.3275464124435524,bs,ZC2,0.36779770868219636
24,2023-06-27,0.3286004056795132,bs,ZC2,0.36779770868219636
24,2023-07-02,0.29020592667001505,bs,ZC2,0.36779770868219636
24,2023-07-07,0.2853283651606893,bs,ZC2,0.36779770868219636
24,2023-07-12,0.29496598639455784,bs,ZC2,0.36779770868219636
24,2023-07-17,0.26366260124755614,bs,ZC2,0.36779770868219636
24,2023-07-22,0.26857702233692266,bs,ZC2,0.36779770868219636
24,2023-07-27,0.2946933644608063,bs,ZC2,0.36779770868219636
24,2023-08-01,0.2874730951356005,bs,ZC2,0.36779770868219636
24,2023-08-06,0.259105098855359,bs,ZC2,0.36779770868219636
24,2023-08-16,0.25483122906467404,bs,ZC2,0.36779770868219636
24,2023-08-21,0.26621771374989345,bs,ZC2,0.36779770868219636
24,2023-08-26,0.2768406961178046,bs,ZC2,0.36779770868219636
24,2023-08-31,0.2850192061459667,bs,ZC2,0.36779770868219636
24,2023-09-05,0.2666341701194248,bs,ZC2,0.36779770868219636
24,2023-09-10,0.2809951396325892,bs,ZC2,0.36779770868219636
24,2023-09-15,0.25072452416385993,bs,ZC2,0.36779770868219636
24,2023-09-20,0.2806716126513081,bs,ZC2,0.36779770868219636
24,2023-09-25,0.2154493307839388,bs,ZC2,0.36779770868219636
24,2023-09-30,0.2220855344091468,bs,ZC2,0.36779770868219636
24,2023-10-05,0.21328458257160263,bs,ZC2,0.36779770868219636
24,2023-10-10,0.2991060642667311,bs,ZC2,0.36779770868219636
24,2023-10-15,0.2210415938483048,bs,ZC2,0.36779770868219636
24,2023-10-20,0.24542436366731932,bs,ZC2,0.36779770868219636
24,2023-10-25,0.26047840057122457,bs,ZC2,0.36779770868219636
24,2023-10-30,0.2404260140493995,bs,ZC2,0.36779770868219636
24,2023-11-04,0.28409506398537476,bs,ZC2,0.36779770868219636
24,2023-11-14,0.29326463010673537,bs,ZC2,0.36779770868219636
24,2023-11-19,0.3104090662112862,bs,ZC2,0.36779770868219636
24,2023-11-24,0.3188229015781047,bs,ZC2,0.36779770868219636
24,2023-11-29,0.32752067963335574,bs,ZC2,0.36779770868219636
24,2023-12-04,0.30612244897959184,bs,ZC2,0.36779770868219636
24,2023-12-09,0.3793153998387452,bs,ZC2,0.36779770868219636
24,2023-12-24,0.361328827209319,bs,ZC2,0.36779770868219636
24,2024-01-03,0.3487435687122511,bs,ZC2,0.36779770868219636
24,2024-01-08,0.3699327909444641,bs,ZC2,0.36779770868219636
24,2024-01-13,0.34629173989455186,bs,ZC2,0.36779770868219636
24,2024-01-18,0.3466160657811512,bs,ZC2,0.36779770868219636
24,2024-01-23,0.37263113066931647,bs,ZC2,0.36779770868219636
24,2024-01-28,0.4653332051158765,bs,ZC2,0.36779770868219636
24,2024-02-02,0.3840228698483285,bs,ZC2,0.36779770868219636
24,2024-02-17,0.3843622059886008,bs,ZC2,0.36779770868219636
24,2024-02-22,0.3794262487297741,bs,ZC2,0.36779770868219636
24,2024-03-03,0.33888763791938753,bs,ZC2,0.36779770868219636
24,2024-03-08,0.32410870107205186,bs,ZC2,0.36779770868219636
24,2024-03-13,0.2964930924548353,bs,ZC2,0.36779770868219636
24,2024-03-18,0.29578600712413466,bs,ZC2,0.36779770868219636
24,2024-03-23,0.2994137071231215,bs,ZC2,0.36779770868219636
24,2024-04-02,0.2906121917897339,bs,ZC2,0.36779770868219636
24,2024-04-07,0.27550035394813055,bs,ZC2,0.36779770868219636
24,2024-04-12,0.2758755625122285,bs,ZC2,0.36779770868219636
24,2024-04-17,0.2770553229005951,bs,ZC2,0.36779770868219636
24,2024-04-22,0.25299735826051617,bs,ZC2,0.36779770868219636
24,2024-04-27,0.2358104938685251,bs,ZC2,0.36779770868219636
24,2024-05-02,0.21962068326434792,bs,ZC2,0.36779770868219636
24,2024-05-12,0.20838148531111245,bs,ZC2,0.36779770868219636
24,2024-05-22,0.19784283513097073,bs,ZC2,0.36779770868219636
24,2024-05-27,0.21275948134169356,bs,ZC2,0.36779770868219636
24,2024-06-01,0.19837907533615767,bs,ZC2,0.36779770868219636
24,2024-06-06,0.18671973946082868,bs,ZC2,0.36779770868219636
24,2024-06-11,0.19504082249773208,bs,ZC2,0.36779770868219636
24,2024-06-16,0.1912406211830396,bs,ZC2,0.36779770868219636
24,2024-06-21,0.18722245248386524,bs,ZC2,0.36779770868219636
24,2024-07-01,0.18288998163398304,bs,ZC2,0.36779770868219636
24,2024-07-06,0.19185945381805533,bs,ZC2,0.36779770868219636
24,2024-07-11,0.18854536239229597,bs,ZC2,0.36779770868219636
24,2024-07-16,0.18008583690987123,bs,ZC2,0.36779770868219636
24,2024-07-26,0.18787090939919743,bs,ZC2,0.36779770868219636
24,2024-07-31,0.1749985518160227,bs,ZC2,0.36779770868219636
24,2024-08-05,0.18175732217573223,bs,ZC2,0.36779770868219636
24,2024-08-10,0.16971937489497563,bs,ZC2,0.36779770868219636
24,2024-08-15,0.17506808203190127,bs,ZC2,0.36779770868219636
24,2024-08-20,0.15808402811835867,bs,ZC2,0.36779770868219636
24,2024-08-25,0.18411373991326785,bs,ZC2,0.36779770868219636
24,2024-08-30,0.17631792376317923,bs,ZC2,0.36779770868219636
24,2024-09-04,0.158366371585293,bs,ZC2,0.36779770868219636
24,2024-09-09,0.1579032344868414,bs,ZC2,0.36779770868219636
24,2024-09-14,0.16487153890611045,bs,ZC2,0.36779770868219636
24,2024-09-19,0.16191429926737996,bs,ZC2,0.36779770868219636
24,2024-09-24,0.15638777944914156,bs,ZC2,0.36779770868219636
24,2024-09-29,0.17569200063028523,bs,ZC2,0.36779770868219636
24,2024-10-04,0.16190029692139396,bs,ZC2,0.36779770868219636
24,2024-10-14,0.1894321875648385,bs,ZC2,0.36779770868219636
24,2024-10-19,0.2072362420188507,bs,ZC2,0.36779770868219636
24,2024-10-24,0.1922872810896869,bs,ZC2,0.36779770868219636
24,2024-10-29,0.19086630643193309,bs,ZC2,0.36779770868219636
24,2024-11-03,0.1859709153122327,bs,ZC2,0.36779770868219636
24,2024-11-08,0.19843371457546904,bs,ZC2,0.36779770868219636
24,2024-11-13,0.18618567276457515,bs,ZC2,0.36779770868219636
24,2024-11-18,0.15687181860249885,bs,ZC2,0.36779770868219636
24,2024-11-23,0.18489365265449673,bs,ZC2,0.36779770868219636
24,2024-11-28,0.19479011116641776,bs,ZC2,0.36779770868219636
24,2024-12-03,0.20390561432058585,bs,ZC2,0.36779770868219636
24,2024-12-08,0.20206833071633548,bs,ZC2,0.36779770868219636
24,2024-12-13,0.20413861060929545,bs,ZC2,0.36779770868219636
24,2024-12-18,0.201417504532718,bs,ZC2,0.36779770868219636
24,2024-12-23,0.20921462534841775,bs,ZC2,0.36779770868219636
24,2024-12-28,0.2265038101929417,bs,ZC2,0.36779770868219636
24,2025-01-02,0.19692257325257817,bs,ZC2,0.36779770868219636
24,2025-01-12,0.2335636847777848,bs,ZC2,0.36779770868219636
24,2025-01-17,0.2190687102978029,bs,ZC2,0.36779770868219636
24,2025-01-22,0.21724092717439195,bs,ZC2,0.36779770868219636
24,2025-01-27,0.2051733239486187,bs,ZC2,0.36779770868219636
24,2025-02-01,0.20955819150765,bs,ZC2,0.36779770868219636
24,2025-02-06,0.1920042707159381,bs,ZC2,0.36779770868219636
24,2025-02-21,0.22490036059973428,bs,ZC2,0.36779770868219636
24,2025-02-26,0.213850040046824,bs,ZC2,0.36779770868219636
24,2025-03-03,0.22660361020448944,bs,ZC2,0.36779770868219636
24,2025-03-08,0.2151811793696347,bs,ZC2,0.36779770868219636
24,2025-03-13,0.21931490900177705,bs,ZC2,0.36779770868219636
24,2025-03-18,0.2237453952533366,bs,ZC2,0.36779770868219636
24,2025-03-20,0.2110607434270172,bs,ZC2,0.36779770868219636
24,2025-03-23,0.21685008118347465,bs,ZC2,0.36779770868219636
24,2025-03-28,0.21974579844587672,bs,ZC2,0.36779770868219636
26,2016-07-23,0.2225646670335718,bs,ZS1,0.2611423631460149
26,2016-08-12,0.2670262980445044,bs,ZS1,0.2611423631460149
26,2016-09-01,0.2064377138512229,bs,ZS1,0.2611423631460149
26,2016-09-21,0.2733667270595758,bs,ZS1,0.2611423631460149
26,2016-10-11,0.28074944180176686,bs,ZS1,0.2611423631460149
26,2016-10-31,0.27084710548682595,bs,ZS1,0.2611423631460149
26,2016-11-10,0.2851375220792329,bs,ZS1,0.2611423631460149
26,2016-11-30,0.2037498753365912,bs,ZS1,0.2611423631460149
26,2016-12-10,0.2147319960539296,bs,ZS1,0.2611423631460149
26,2016-12-20,0.27216605529211774,bs,ZS1,0.2611423631460149
26,2017-01-19,0.2704004403467731,bs,ZS1,0.2611423631460149
26,2017-01-29,0.31662988446059975,bs,ZS1,0.2611423631460149
26,2017-02-18,0.3320394809803704,bs,ZS1,0.2611423631460149
26,2017-02-28,0.34825935033001165,bs,ZS1,0.2611423631460149
26,2017-05-19,0.2602965403624382,bs,ZS1,0.2611423631460149
26,2017-07-18,0.21632563737826893,bs,ZS1,0.2611423631460149
26,2017-08-02,0.23389723652411476,bs,ZS1,0.2611423631460149
26,2017-08-07,0.2406534715677034,bs,ZS1,0.2611423631460149
26,2017-08-27,0.23431221020092735,bs,ZS1,0.2611423631460149
26,2017-09-11,0.24154281024892865,bs,ZS1,0.2611423631460149
26,2017-09-16,0.2433594180535655,bs,ZS1,0.2611423631460149
26,2017-10-01,0.24725465264131313,bs,ZS1,0.2611423631460149
26,2017-10-06,0.28837443381982886,bs,ZS1,0.2611423631460149
26,2017-10-21,0.30255132720556654,bs,ZS1,0.2611423631460149
26,2017-10-26,0.2957146659568805,bs,ZS1,0.2611423631460149
26,2017-11-10,0.2697448359659781,bs,ZS1,0.2611423631460149
26,2017-11-15,0.28356823360621153,bs,ZS1,0.2611423631460149
26,2017-11-20,0.2942555685814771,bs,ZS1,0.2611423631460149
26,2017-11-30,0.2611197167514937,bs,ZS1,0.2611423631460149
26,2017-12-05,0.29164283963728455,bs,ZS1,0.2611423631460149
26,2017-12-10,0.28177641653905056,bs,ZS1,0.2611423631460149
26,2017-12-20,0.1767137444023424,bs,ZS1,0.2611423631460149
26,2017-12-25,0.3117525773195876,bs,ZS1,0.2611423631460149
26,2017-12-30,0.3101726101813721,bs,ZS1,0.2611423631460149
26,2018-01-14,0.3343923028047563,bs,ZS1,0.2611423631460149
26,2018-01-19,0.30991158678455094,bs,ZS1,0.2611423631460149
26,2018-02-08,0.44195896757114495,bs,ZS1,0.2611423631460149
26,2018-02-23,0.40878418373387,bs,ZS1,0.2611423631460149
26,2018-02-28,0.37545126353790614,bs,ZS1,0.2611423631460149
26,2018-03-05,0.3864580006387736,bs,ZS1,0.2611423631460149
26,2018-03-10,0.3675686550648828,bs,ZS1,0.2611423631460149
26,2018-03-15,0.41779822691056,bs,ZS1,0.2611423631460149
26,2018-03-20,0.3991364594838839,bs,ZS1,0.2611423631460149
26,2018-03-25,0.4115362649914335,bs,ZS1,0.2611423631460149
26,2018-04-04,0.40322365791927534,bs,ZS1,0.2611423631460149
26,2018-04-09,0.3581707707067477,bs,ZS1,0.2611423631460149
26,2018-04-14,0.42748595969606873,bs,ZS1,0.2611423631460149
26,2018-05-04,0.3783033667189574,bs,ZS1,0.2611423631460149
26,2018-05-14,0.3202265548415205,bs,ZS1,0.2611423631460149
26,2018-05-19,0.3101290574892452,bs,ZS1,0.2611423631460149
26,2018-05-24,0.332064913262451,bs,ZS1,0.2611423631460149
26,2018-05-29,0.27785541862533353,bs,ZS1,0.2611423631460149
26,2018-06-08,0.2671954232219477,bs,ZS1,0.2611423631460149
26,2018-06-13,0.2710310965630115,bs,ZS1,0.2611423631460149
26,2018-06-18,0.2590338531761126,bs,ZS1,0.2611423631460149
26,2018-07-03,0.26689293427954336,bs,ZS1,0.2611423631460149
26,2018-07-08,0.26566528416096846,bs,ZS1,0.2611423631460149
26,2018-07-13,0.26236720678184355,bs,ZS1,0.2611423631460149
26,2018-07-28,0.2332050167639389,bs,ZS1,0.2611423631460149
26,2019-01-29,0.36009280742459393,bs,ZS1,0.2611423631460149
26,2019-02-13,0.49369459358222,bs,ZS1,0.2611423631460149
26,2019-02-18,0.3906361178312224,bs,ZS1,0.2611423631460149
26,2019-02-23,0.45064377682403434,bs,ZS1,0.2611423631460149
26,2019-02-28,0.40618214331332225,bs,ZS1,0.2611423631460149
26,2019-03-05,0.4515806988352746,bs,ZS1,0.2611423631460149
26,2019-03-10,0.43095265655747195,bs,ZS1,0.2611423631460149
26,2019-03-15,0.4304679721208098,bs,ZS1,0.2611423631460149
26,2019-03-20,0.3497441571013691,bs,ZS1,0.2611423631460149
26,2019-03-25,0.4390321553645335,bs,ZS1,0.2611423631460149
26,2019-03-30,0.270337374032423,bs,ZS1,0.2611423631460149
26,2019-04-09,0.34117969070754073,bs,ZS1,0.2611423631460149
26,2019-04-14,0.411478894624962,bs,ZS1,0.2611423631460149
26,2019-04-19,0.3341899010664269,bs,ZS1,0.2611423631460149
26,2019-04-24,0.375587835719511,bs,ZS1,0.2611423631460149
26,2019-04-29,0.2952180213410618,bs,ZS1,0.2611423631460149
26,2019-05-04,0.3828861493836113,bs,ZS1,0.2611423631460149
26,2019-05-09,0.22821299879887896,bs,ZS1,0.2611423631460149
26,2019-05-14,0.3436820863085998,bs,ZS1,0.2611423631460149
26,2019-05-19,0.33261240751280596,bs,ZS1,0.2611423631460149
26,2019-05-24,0.3035078800203356,bs,ZS1,0.2611423631460149
26,2019-05-29,0.2939775433821028,bs,ZS1,0.2611423631460149
26,2019-06-03,0.327244421380384,bs,ZS1,0.2611423631460149
26,2019-06-08,0.2730251183108846,bs,ZS1,0.2611423631460149
26,2019-06-18,0.28712757391004257,bs,ZS1,0.2611423631460149
26,2019-06-23,0.2865073071258638,bs,ZS1,0.2611423631460149
26,2019-06-28,0.2864102829895304,bs,ZS1,0.2611423631460149
26,2019-07-03,0.2859252527547427,bs,ZS1,0.2611423631460149
26,2019-07-08,0.2705163797890061,bs,ZS1,0.2611423631460149
26,2019-07-18,0.2597856196555462,bs,ZS1,0.2611423631460149
26,2019-07-28,0.25207848353841034,bs,ZS1,0.2611423631460149
26,2019-08-02,0.2477330431628582,bs,ZS1,0.2611423631460149
26,2019-08-07,0.26909277293695544,bs,ZS1,0.2611423631460149
26,2019-08-12,0.25425320947709007,bs,ZS1,0.2611423631460149
26,2019-08-17,0.28370221327967804,bs,ZS1,0.2611423631460149
26,2019-08-22,0.2854256854256854,bs,ZS1,0.2611423631460149
26,2019-08-27,0.29123526396719635,bs,ZS1,0.2611423631460149
26,2019-09-01,0.28907730673316706,bs,ZS1,0.2611423631460149
26,2019-09-06,0.26078052110592786,bs,ZS1,0.2611423631460149
26,2019-09-11,0.3074093536521282,bs,ZS1,0.2611423631460149
26,2019-09-16,0.2759559606961051,bs,ZS1,0.2611423631460149
26,2019-09-21,0.279663942916331,bs,ZS1,0.2611423631460149
26,2019-09-26,0.29743949491406524,bs,ZS1,0.2611423631460149
26,2019-10-06,0.3266008212185107,bs,ZS1,0.2611423631460149
26,2019-10-11,0.3555926544240401,bs,ZS1,0.2611423631460149
26,2019-10-16,0.3176057088081798,bs,ZS1,0.2611423631460149
26,2019-10-21,0.3486894360603654,bs,ZS1,0.2611423631460149
26,2019-10-26,0.33058671696614716,bs,ZS1,0.2611423631460149
26,2019-11-05,0.3605270535463975,bs,ZS1,0.2611423631460149
26,2019-11-10,0.3411498415572657,bs,ZS1,0.2611423631460149
26,2019-11-15,0.3614292258360055,bs,ZS1,0.2611423631460149
26,2019-11-20,0.3599672757022089,bs,ZS1,0.2611423631460149
26,2019-11-25,0.376185743969645,bs,ZS1,0.2611423631460149
26,2019-11-30,0.3487489838316322,bs,ZS1,0.2611423631460149
26,2019-12-05,0.23250722480077063,bs,ZS1,0.2611423631460149
26,2019-12-10,0.3198830960686339,bs,ZS1,0.2611423631460149
26,2019-12-15,0.3113464447806354,bs,ZS1,0.2611423631460149
26,2019-12-20,0.33346855983772816,bs,ZS1,0.2611423631460149
26,2019-12-25,0.3453939141308878,bs,ZS1,0.2611423631460149
26,2019-12-30,0.340165721761884,bs,ZS1,0.2611423631460149
26,2020-01-04,0.35062933470331364,bs,ZS1,0.2611423631460149
26,2020-01-09,0.3722970039079462,bs,ZS1,0.2611423631460149
26,2020-01-14,0.3305776792015324,bs,ZS1,0.2611423631460149
26,2020-01-19,0.36415410385259633,bs,ZS1,0.2611423631460149
26,2020-01-24,0.36608863198458574,bs,ZS1,0.2611423631460149
26,2020-02-03,0.3625920839056062,bs,ZS1,0.2611423631460149
26,2020-02-13,0.3352266521026761,bs,ZS1,0.2611423631460149
26,2020-02-18,0.3993074342603614,bs,ZS1,0.2611423631460149
26,2020-02-23,0.4040014040014041,bs,ZS1,0.2611423631460149
26,2020-02-28,0.4127764127764127,bs,ZS1,0.2611423631460149
26,2020-03-04,0.4114567292885742,bs,ZS1,0.2611423631460149
26,2020-03-14,0.40855770304993855,bs,ZS1,0.2611423631460149
26,2020-03-19,0.4441515650741351,bs,ZS1,0.2611423631460149
26,2020-03-24,0.39829816994987755,bs,ZS1,0.2611423631460149
26,2020-03-29,0.4258124805316167,bs,ZS1,0.2611423631460149
26,2020-04-13,0.35571286362128085,bs,ZS1,0.2611423631460149
26,2020-04-18,0.33174584736903245,bs,ZS1,0.2611423631460149
26,2020-04-23,0.35869937250427836,bs,ZS1,0.2611423631460149
26,2020-04-28,0.33800949961338783,bs,ZS1,0.2611423631460149
26,2020-05-08,0.2860662806455587,bs,ZS1,0.2611423631460149
26,2020-05-13,0.34082644628099174,bs,ZS1,0.2611423631460149
26,2020-05-18,0.32834279814145584,bs,ZS1,0.2611423631460149
26,2020-05-23,0.299534217126478,bs,ZS1,0.2611423631460149
26,2020-05-28,0.30299527062532844,bs,ZS1,0.2611423631460149
26,2020-06-02,0.2872902241520948,bs,ZS1,0.2611423631460149
26,2020-06-12,0.2638308041582029,bs,ZS1,0.2611423631460149
26,2020-06-22,0.26408339475623877,bs,ZS1,0.2611423631460149
26,2020-06-27,0.28378774552917035,bs,ZS1,0.2611423631460149
26,2020-07-02,0.26268134581747093,bs,ZS1,0.2611423631460149
26,2020-07-07,0.2551009839461419,bs,ZS1,0.2611423631460149
26,2020-07-12,0.2669478123352662,bs,ZS1,0.2611423631460149
26,2020-07-17,0.2423927718350815,bs,ZS1,0.2611423631460149
26,2020-07-22,0.21946097304865245,bs,ZS1,0.2611423631460149
26,2020-07-27,0.22454988110066812,bs,ZS1,0.2611423631460149
26,2020-08-01,0.23536337364872095,bs,ZS1,0.2611423631460149
26,2020-08-06,0.2426401257202724,bs,ZS1,0.2611423631460149
26,2020-08-11,0.2575976845151954,bs,ZS1,0.2611423631460149
26,2020-08-16,0.24152663058957563,bs,ZS1,0.2611423631460149
26,2020-08-21,0.24047035766780991,bs,ZS1,0.2611423631460149
26,2020-08-31,0.17724628312863605,bs,ZS1,0.2611423631460149
26,2020-09-05,0.281953694893752,bs,ZS1,0.2611423631460149
26,2020-09-10,0.20980740336019668,bs,ZS1,0.2611423631460149
26,2020-09-15,0.26895768247656915,bs,ZS1,0.2611423631460149
26,2020-09-20,0.15750577367205543,bs,ZS1,0.2611423631460149
26,2020-09-25,0.3111273124943042,bs,ZS1,0.2611423631460149
26,2020-09-30,0.2054032578466428,bs,ZS1,0.2611423631460149
26,2020-10-05,0.2962004252565406,bs,ZS1,0.2611423631460149
26,2020-10-10,0.29646617325132907,bs,ZS1,0.2611423631460149
26,2020-10-15,0.33154587348135733,bs,ZS1,0.2611423631460149
26,2020-10-20,0.32634592298457843,bs,ZS1,0.2611423631460149
26,2020-10-25,0.29287203001250517,bs,ZS1,0.2611423631460149
26,2020-10-30,0.301818929195355,bs,ZS1,0.2611423631460149
26,2020-11-09,0.32624302047327836,bs,ZS1,0.2611423631460149
26,2020-11-14,0.29689645701730294,bs,ZS1,0.2611423631460149
26,2020-11-19,0.325758201801504,bs,ZS1,0.2611423631460149
26,2020-11-29,0.31163034917301125,bs,ZS1,0.2611423631460149
26,2020-12-04,0.3027150469424004,bs,ZS1,0.2611423631460149
26,2020-12-09,0.2816874583373012,bs,ZS1,0.2611423631460149
26,2020-12-24,0.3174881160870653,bs,ZS1,0.2611423631460149
26,2020-12-29,0.3051108637959079,bs,ZS1,0.2611423631460149
26,2021-01-08,0.31884830711810186,bs,ZS1,0.2611423631460149
26,2021-01-13,0.288035046089258,bs,ZS1,0.2611423631460149
26,2021-01-18,0.25993957703927495,bs,ZS1,0.2611423631460149
26,2021-01-28,0.3119375474357584,bs,ZS1,0.2611423631460149
26,2021-02-07,0.28968294949912216,bs,ZS1,0.2611423631460149
26,2021-02-12,0.32502646011738673,bs,ZS1,0.2611423631460149
26,2021-02-17,0.28366670232110386,bs,ZS1,0.2611423631460149
26,2021-02-22,0.29761347683668693,bs,ZS1,0.2611423631460149
26,2021-02-27,0.29348786956094686,bs,ZS1,0.2611423631460149
26,2021-03-04,0.3308511641059478,bs,ZS1,0.2611423631460149
26,2021-03-09,0.3014986776373788,bs,ZS1,0.2611423631460149
26,2021-03-14,0.3038961038961039,bs,ZS1,0.2611423631460149
26,2021-03-24,0.310109159943047,bs,ZS1,0.2611423631460149
26,2021-03-29,0.26448026681489717,bs,ZS1,0.2611423631460149
26,2021-04-03,0.3082541270635318,bs,ZS1,0.2611423631460149
26,2021-04-08,0.2641594415043351,bs,ZS1,0.2611423631460149
26,2021-04-13,0.29106790645252184,bs,ZS1,0.2611423631460149
26,2021-04-18,0.2757616720390974,bs,ZS1,0.2611423631460149
26,2021-04-23,0.282622533418205,bs,ZS1,0.2611423631460149
26,2021-04-28,0.2423398328690808,bs,ZS1,0.2611423631460149
26,2021-05-03,0.28279287174992696,bs,ZS1,0.2611423631460149
26,2021-05-08,0.2273691260185288,bs,ZS1,0.2611423631460149
26,2021-05-18,0.26856658544337325,bs,ZS1,0.2611423631460149
26,2021-05-23,0.25290241606526515,bs,ZS1,0.2611423631460149
26,2021-06-02,0.2823957176042824,bs,ZS1,0.2611423631460149
26,2021-06-07,0.2465799132465799,bs,ZS1,0.2611423631460149
26,2021-06-12,0.2462709284627093,bs,ZS1,0.2611423631460149
26,2021-06-17,0.23675060583710883,bs,ZS1,0.2611423631460149
26,2021-07-02,0.21235857267188857,bs,ZS1,0.2611423631460149
26,2021-07-07,0.23949198669488964,bs,ZS1,0.2611423631460149
26,2021-07-22,0.2488697297865629,bs,ZS1,0.2611423631460149
26,2021-07-27,0.22343499197431785,bs,ZS1,0.2611423631460149
26,2021-08-06,0.24413334676201023,bs,ZS1,0.2611423631460149
26,2021-08-16,0.24948514268902625,bs,ZS1,0.2611423631460149
26,2021-08-21,0.24849871318272804,bs,ZS1,0.2611423631460149
26,2021-08-26,0.20854877628404,bs,ZS1,0.2611423631460149
26,2021-08-31,0.1956884098233137,bs,ZS1,0.2611423631460149
26,2021-09-05,0.18329764453961456,bs,ZS1,0.2611423631460149
26,2021-09-10,0.22227226663664,bs,ZS1,0.2611423631460149
26,2021-09-15,0.17904456041750302,bs,ZS1,0.2611423631460149
26,2021-09-20,0.20487182214658012,bs,ZS1,0.2611423631460149
26,2021-09-25,0.22521198417184848,bs,ZS1,0.2611423631460149
26,2021-09-30,0.2626453343933221,bs,ZS1,0.2611423631460149
26,2021-10-05,0.21969949916527548,bs,ZS1,0.2611423631460149
26,2021-10-10,0.25554760200429494,bs,ZS1,0.2611423631460149
26,2021-10-15,0.24389427902308464,bs,ZS1,0.2611423631460149
26,2021-10-20,0.2400803136055072,bs,ZS1,0.2611423631460149
26,2021-10-25,0.22227107837748705,bs,ZS1,0.2611423631460149
26,2021-10-30,0.2212117891968884,bs,ZS1,0.2611423631460149
26,2021-11-04,0.25613252628225547,bs,ZS1,0.2611423631460149
26,2021-11-09,0.23913264786725036,bs,ZS1,0.2611423631460149
26,2021-11-14,0.24731398734812732,bs,ZS1,0.2611423631460149
26,2021-11-19,0.27241673783091375,bs,ZS1,0.2611423631460149
26,2021-11-24,0.2200363519726291,bs,ZS1,0.2611423631460149
26,2021-11-29,0.25265035172892103,bs,ZS1,0.2611423631460149
26,2021-12-04,0.20295983086680763,bs,ZS1,0.2611423631460149
26,2021-12-09,0.2305145952452603,bs,ZS1,0.2611423631460149
26,2021-12-14,0.21426102983527243,bs,ZS1,0.2611423631460149
26,2021-12-29,0.34377698285432345,bs,ZS1,0.2611423631460149
26,2022-01-03,0.3192312199695301,bs,ZS1,0.2611423631460149
26,2022-01-08,0.30175882285320155,bs,ZS1,0.2611423631460149
26,2022-01-18,0.30795437712931417,bs,ZS1,0.2611423631460149
26,2022-01-23,0.32295772733451134,bs,ZS1,0.2611423631460149
26,2022-01-28,0.2529478889311525,bs,ZS1,0.2611423631460149
26,2022-02-02,0.22556725493103957,bs,ZS1,0.2611423631460149
26,2022-02-07,0.3162835479600433,bs,ZS1,0.2611423631460149
26,2022-02-12,0.32930056710775046,bs,ZS1,0.2611423631460149
26,2022-02-17,0.2898919262555626,bs,ZS1,0.2611423631460149
26,2022-02-22,0.3110280373831776,bs,ZS1,0.2611423631460149
26,2022-02-27,0.30730478589420657,bs,ZS1,0.2611423631460149
26,2022-03-04,0.34285714285714286,bs,ZS1,0.2611423631460149
26,2022-03-09,0.33369843008397226,bs,ZS1,0.2611423631460149
26,2022-03-14,0.29590174207294145,bs,ZS1,0.2611423631460149
26,2022-03-19,0.33111849390919157,bs,ZS1,0.2611423631460149
26,2022-03-24,0.3072715972653822,bs,ZS1,0.2611423631460149
26,2022-03-29,0.3199110382769519,bs,ZS1,0.2611423631460149
26,2022-04-03,0.13949701465532838,bs,ZS1,0.2611423631460149
26,2022-04-08,0.26875082096414027,bs,ZS1,0.2611423631460149
26,2022-04-13,0.3168183350185373,bs,ZS1,0.2611423631460149
26,2022-04-18,0.2846180676665504,bs,ZS1,0.2611423631460149
26,2022-04-23,0.2083512699095996,bs,ZS1,0.2611423631460149
26,2022-04-28,0.2242756647192083,bs,ZS1,0.2611423631460149
26,2022-05-03,0.2245276028158577,bs,ZS1,0.2611423631460149
26,2022-05-08,0.23222859819651015,bs,ZS1,0.2611423631460149
26,2022-05-13,0.25310614128505504,bs,ZS1,0.2611423631460149
26,2022-05-18,0.23917222661992535,bs,ZS1,0.2611423631460149
26,2022-05-23,0.2025782688766114,bs,ZS1,0.2611423631460149
26,2022-05-28,0.2131457619103913,bs,ZS1,0.2611423631460149
26,2022-06-02,0.15935691318327974,bs,ZS1,0.2611423631460149
26,2022-06-07,0.22274470981314196,bs,ZS1,0.2611423631460149
26,2022-06-12,0.15722812636482747,bs,ZS1,0.2611423631460149
26,2022-06-17,0.1835239686415628,bs,ZS1,0.2611423631460149
26,2022-06-22,0.16528363487960823,bs,ZS1,0.2611423631460149
26,2022-07-02,0.192322027581066,bs,ZS1,0.2611423631460149
26,2022-07-07,0.19656366200794972,bs,ZS1,0.2611423631460149
26,2022-07-12,0.17303683113273105,bs,ZS1,0.2611423631460149
26,2022-07-17,0.20546421065644704,bs,ZS1,0.2611423631460149
26,2022-08-01,0.19859424920127797,bs,ZS1,0.2611423631460149
26,2022-08-06,0.18391879257379457,bs,ZS1,0.2611423631460149
26,2022-08-11,0.22253021399268216,bs,ZS1,0.2611423631460149
26,2022-08-16,0.1946550652579242,bs,ZS1,0.2611423631460149
26,2022-08-21,0.22199933132731525,bs,ZS1,0.2611423631460149
26,2022-08-26,0.24523251923720307,bs,ZS1,0.2611423631460149
26,2022-08-31,0.18602029312288615,bs,ZS1,0.2611423631460149
26,2022-09-05,0.2278049335000568,bs,ZS1,0.2611423631460149
26,2022-09-10,0.1779693733110282,bs,ZS1,0.2611423631460149
26,2022-09-15,0.21745319172232563,bs,ZS1,0.2611423631460149
26,2022-09-20,0.18824521257376853,bs,ZS1,0.2611423631460149
26,2022-09-25,0.2308915509381957,bs,ZS1,0.2611423631460149
26,2022-09-30,0.19575735020468923,bs,ZS1,0.2611423631460149
26,2022-10-05,0.2146109480926844,bs,ZS1,0.2611423631460149
26,2022-10-10,0.19530085959885385,bs,ZS1,0.2611423631460149
26,2022-10-15,0.25291131681098833,bs,ZS1,0.2611423631460149
26,2022-10-20,0.2389771651057561,bs,ZS1,0.2611423631460149
26,2022-10-25,0.2292934502320784,bs,ZS1,0.2611423631460149
26,2022-10-30,0.2329224743693123,bs,ZS1,0.2611423631460149
26,2022-11-04,0.2395926924228811,bs,ZS1,0.2611423631460149
26,2022-11-14,0.26721382289416845,bs,ZS1,0.2611423631460149
26,2022-11-19,0.25550957559426424,bs,ZS1,0.2611423631460149
26,2022-11-24,0.260041148582163,bs,ZS1,0.2611423631460149
26,2022-11-29,0.28268809349890434,bs,ZS1,0.2611423631460149
26,2022-12-04,0.31915460438682175,bs,ZS1,0.2611423631460149
26,2022-12-14,0.3417110313235112,bs,ZS1,0.2611423631460149
26,2022-12-19,0.35872479888767506,bs,ZS1,0.2611423631460149
26,2022-12-24,0.3260538344337227,bs,ZS1,0.2611423631460149
26,2022-12-29,0.33660985046533515,bs,ZS1,0.2611423631460149
26,2023-01-03,0.3093664192006509,bs,ZS1,0.2611423631460149
26,2023-01-08,0.3911047972899137,bs,ZS1,0.2611423631460149
26,2023-01-13,0.34047325333632383,bs,ZS1,0.2611423631460149
26,2023-01-18,0.2878885592673804,bs,ZS1,0.2611423631460149
26,2023-01-23,0.33662449861153965,bs,ZS1,0.2611423631460149
26,2023-01-28,0.268203740736384,bs,ZS1,0.2611423631460149
26,2023-02-02,0.35170028818443805,bs,ZS1,0.2611423631460149
26,2023-02-12,0.32813076072262504,bs,ZS1,0.2611423631460149
26,2023-02-17,0.3045071454745328,bs,ZS1,0.2611423631460149
26,2023-02-22,0.29670718753688186,bs,ZS1,0.2611423631460149
26,2023-02-27,0.3109158499493072,bs,ZS1,0.2611423631460149
26,2023-03-04,0.31855701620299604,bs,ZS1,0.2611423631460149
26,2023-03-09,0.311601150527325,bs,ZS1,0.2611423631460149
26,2023-03-19,0.2817319776076773,bs,ZS1,0.2611423631460149
26,2023-03-24,0.2536629012414719,bs,ZS1,0.2611423631460149
26,2023-03-29,0.20087336244541484,bs,ZS1,0.2611423631460149
26,2023-04-03,0.22668004012036108,bs,ZS1,0.2611423631460149
26,2023-04-08,0.2322764517278233,bs,ZS1,0.2611423631460149
26,2023-04-13,0.24113542960909873,bs,ZS1,0.2611423631460149
26,2023-04-23,0.21791965176385236,bs,ZS1,0.2611423631460149
26,2023-04-28,0.20200973790531443,bs,ZS1,0.2611423631460149
26,2023-05-08,0.1970981914784919,bs,ZS1,0.2611423631460149
26,2023-05-13,0.20598823426112917,bs,ZS1,0.2611423631460149
26,2023-05-18,0.23007994377580604,bs,ZS1,0.2611423631460149
26,2023-05-23,0.21441472434849915,bs,ZS1,0.2611423631460149
26,2023-05-28,0.18271817497040785,bs,ZS1,0.2611423631460149
26,2023-06-02,0.1970580072162087,bs,ZS1,0.2611423631460149
26,2023-06-07,0.1705977382875606,bs,ZS1,0.2611423631460149
26,2023-06-12,0.17566914677746642,bs,ZS1,0.2611423631460149
26,2023-06-17,0.17454659817590942,bs,ZS1,0.2611423631460149
26,2023-06-22,0.17006491725336015,bs,ZS1,0.2611423631460149
26,2023-06-27,0.1592871066555277,bs,ZS1,0.2611423631460149
26,2023-07-02,0.16617290600592513,bs,ZS1,0.2611423631460149
26,2023-07-07,0.1734896147548048,bs,ZS1,0.2611423631460149
26,2023-07-12,0.17261955502514703,bs,ZS1,0.2611423631460149
26,2023-07-17,0.17269869779973057,bs,ZS1,0.2611423631460149
26,2023-07-22,0.1494232316909595,bs,ZS1,0.2611423631460149
26,2023-07-27,0.17735062108985403,bs,ZS1,0.2611423631460149
26,2023-08-01,0.1498799893323851,bs,ZS1,0.2611423631460149
26,2023-08-06,0.1911528764611506,bs,ZS1,0.2611423631460149
26,2023-08-16,0.15752842007578688,bs,ZS1,0.2611423631460149
26,2023-08-21,0.17875474224503457,bs,ZS1,0.2611423631460149
26,2023-08-26,0.13848957278801377,bs,ZS1,0.2611423631460149
26,2023-08-31,0.17246781554390028,bs,ZS1,0.2611423631460149
26,2023-09-05,0.17055180571985248,bs,ZS1,0.2611423631460149
26,2023-09-10,0.15628345108113895,bs,ZS1,0.2611423631460149
26,2023-09-15,0.14943989830777787,bs,ZS1,0.2611423631460149
26,2023-09-20,0.12829575174948754,bs,ZS1,0.2611423631460149
26,2023-09-25,0.13326796892676673,bs,ZS1,0.2611423631460149
26,2023-09-30,0.15242685025817557,bs,ZS1,0.2611423631460149
26,2023-10-05,0.15679022272252152,bs,ZS1,0.2611423631460149
26,2023-10-10,0.18361634633327112,bs,ZS1,0.2611423631460149
26,2023-10-15,0.1336875482046448,bs,ZS1,0.2611423631460149
26,2023-10-20,0.1466532520565781,bs,ZS1,0.2611423631460149
26,2023-10-25,0.14425780405161848,bs,ZS1,0.2611423631460149
26,2023-10-30,0.16081225956990605,bs,ZS1,0.2611423631460149
26,2023-11-04,0.16727441490419678,bs,ZS1,0.2611423631460149
26,2023-11-14,0.15492556449889594,bs,ZS1,0.2611423631460149
26,2023-11-19,0.16819457436856877,bs,ZS1,0.2611423631460149
26,2023-11-24,0.17446971144658896,bs,ZS1,0.2611423631460149
26,2023-11-29,0.15710064751367322,bs,ZS1,0.2611423631460149
26,2023-12-04,0.17169053754419608,bs,ZS1,0.2611423631460149
26,2023-12-09,0.1675546573580746,bs,ZS1,0.2611423631460149
26,2023-12-24,0.15982323697293316,bs,ZS1,0.2611423631460149
26,2024-01-03,0.1808055343847101,bs,ZS1,0.2611423631460149
26,2024-01-08,0.14027149321266968,bs,ZS1,0.2611423631460149
26,2024-01-13,0.17337871053129136,bs,ZS1,0.2611423631460149
26,2024-01-18,0.14489263495886012,bs,ZS1,0.2611423631460149
26,2024-01-23,0.17309489687831017,bs,ZS1,0.2611423631460149
26,2024-01-28,0.23136170632961392,bs,ZS1,0.2611423631460149
26,2024-02-02,0.15912947251936554,bs,ZS1,0.2611423631460149
26,2024-02-17,0.1823133883734786,bs,ZS1,0.2611423631460149
26,2024-02-22,0.21354298757291404,bs,ZS1,0.2611423631460149
26,2024-03-03,0.16238128329858698,bs,ZS1,0.2611423631460149
26,2024-03-08,0.16412859560067683,bs,ZS1,0.2611423631460149
26,2024-03-13,0.15147752669481004,bs,ZS1,0.2611423631460149
26,2024-03-18,0.18208021082104917,bs,ZS1,0.2611423631460149
26,2024-03-23,0.18701175727925512,bs,ZS1,0.2611423631460149
26,2024-04-02,0.17043160626742287,bs,ZS1,0.2611423631460149
26,2024-04-07,0.14768092573271366,bs,ZS1,0.2611423631460149
26,2024-04-12,0.2029254701648479,bs,ZS1,0.2611423631460149
26,2024-04-17,0.18181097995722095,bs,ZS1,0.2611423631460149
26,2024-04-22,0.1918734031154702,bs,ZS1,0.2611423631460149
26,2024-04-27,0.13934918863226584,bs,ZS1,0.2611423631460149
26,2024-05-02,0.16387644423485026,bs,ZS1,0.2611423631460149
26,2024-05-12,0.18099377950985537,bs,ZS1,0.2611423631460149
26,2024-05-22,0.1684778100373289,bs,ZS1,0.2611423631460149
26,2024-05-27,0.11397597421623208,bs,ZS1,0.2611423631460149
26,2024-06-01,0.1511768988109682,bs,ZS1,0.2611423631460149
26,2024-06-06,0.14504233815897297,bs,ZS1,0.2611423631460149
26,2024-06-11,0.16827550221758414,bs,ZS1,0.2611423631460149
26,2024-06-16,0.16432045047350907,bs,ZS1,0.2611423631460149
26,2024-06-21,0.16478318002628123,bs,ZS1,0.2611423631460149
26,2024-07-01,0.18225039619651345,bs,ZS1,0.2611423631460149
26,2024-07-06,0.1509080057975957,bs,ZS1,0.2611423631460149
26,2024-07-11,0.16682849324741814,bs,ZS1,0.2611423631460149
26,2024-07-16,0.15922945623018775,bs,ZS1,0.2611423631460149
26,2024-07-26,0.1761740737629169,bs,ZS1,0.2611423631460149
26,2024-07-31,0.14856582495709733,bs,ZS1,0.2611423631460149
26,2024-08-05,0.14185806246523086,bs,ZS1,0.2611423631460149
26,2024-08-10,0.17235430885772143,bs,ZS1,0.2611423631460149
26,2024-08-15,0.17884110960972893,bs,ZS1,0.2611423631460149
26,2024-08-20,0.18550517672259909,bs,ZS1,0.2611423631460149
26,2024-08-25,0.1508869096624504,bs,ZS1,0.2611423631460149
26,2024-08-30,0.1635919093131807,bs,ZS1,0.2611423631460149
26,2024-09-04,0.14975430933624523,bs,ZS1,0.2611423631460149
26,2024-09-09,0.17418373995511474,bs,ZS1,0.2611423631460149
26,2024-09-14,0.14852351440029166,bs,ZS1,0.2611423631460149
26,2024-09-19,0.1603519744018617,bs,ZS1,0.2611423631460149
26,2024-09-24,0.12761085282076193,bs,ZS1,0.2611423631460149
26,2024-09-29,0.14136587517459384,bs,ZS1,0.2611423631460149
26,2024-10-04,0.1678873640048354,bs,ZS1,0.2611423631460149
26,2024-10-14,0.1686990695255158,bs,ZS1,0.2611423631460149
26,2024-10-19,0.17869144099624432,bs,ZS1,0.2611423631460149
26,2024-10-24,0.1615336701501834,bs,ZS1,0.2611423631460149
26,2024-10-29,0.1401105139656347,bs,ZS1,0.2611423631460149
26,2024-11-03,0.14770413933499207,bs,ZS1,0.2611423631460149
26,2024-11-08,0.17415457259912506,bs,ZS1,0.2611423631460149
26,2024-11-13,0.15250865689235985,bs,ZS1,0.2611423631460149
26,2024-11-18,0.11676040494938134,bs,ZS1,0.2611423631460149
26,2024-11-23,0.15705597043652322,bs,ZS1,0.2611423631460149
26,2024-11-28,0.14505005561735262,bs,ZS1,0.2611423631460149
26,2024-12-03,0.15216935652902958,bs,ZS1,0.2611423631460149
26,2024-12-08,0.17430669423255152,bs,ZS1,0.2611423631460149
26,2024-12-13,0.16027197668771248,bs,ZS1,0.2611423631460149
26,2024-12-18,0.16593280656251885,bs,ZS1,0.2611423631460149
26,2024-12-23,0.1602030456852792,bs,ZS1,0.2611423631460149
26,2024-12-28,0.13911957080914236,bs,ZS1,0.2611423631460149
26,2025-01-02,0.13313415433943016,bs,ZS1,0.2611423631460149
26,2025-01-12,0.1819654030180346,bs,ZS1,0.2611423631460149
26,2025-01-17,0.16680516733398806,bs,ZS1,0.2611423631460149
26,2025-01-22,0.15930350171347232,bs,ZS1,0.2611423631460149
26,2025-01-27,0.15153440498125675,bs,ZS1,0.2611423631460149
26,2025-02-01,0.16217328668450298,bs,ZS1,0.2611423631460149
26,2025-02-06,0.16877576108178466,bs,ZS1,0.2611423631460149
26,2025-02-11,0.15477814330418038,bs,ZS1,0.2611423631460149
26,2025-02-16,0.2794334868363889,bs,ZS1,0.2611423631460149
26,2025-02-21,0.18943331913080527,bs,ZS1,0.2611423631460149
26,2025-02-26,0.1844869377861567,bs,ZS1,0.2611423631460149
26,2025-03-03,0.17822587937426532,bs,ZS1,0.2611423631460149
26,2025-03-08,0.1932875146259051,bs,ZS1,0.2611423631460149
26,2025-03-13,0.1819632881085395,bs,ZS1,0.2611423631460149
26,2025-03-18,0.19371522607946084,bs,ZS1,0.2611423631460149
26,2025-03-20,0.19879661151136097,bs,ZS1,0.2611423631460149
26,2025-03-23,0.17736442232119465,bs,ZS1,0.2611423631460149
26,2025-03-28,0.19182263635633384,bs,ZS1,0.2611423631460149
30,2016-07-23,0.2267426091673447,bs,ZS1,0.293705238873764
30,2016-08-12,0.2145874401577021,bs,ZS1,0.293705238873764
30,2016-09-01,0.3057588017560472,bs,ZS1,0.293705238873764
30,2016-09-21,0.31248329323710233,bs,ZS1,0.293705238873764
30,2016-10-11,0.3401418439716312,bs,ZS1,0.293705238873764
30,2016-10-31,0.3612633777081702,bs,ZS1,0.293705238873764
30,2016-11-10,0.35993410817241694,bs,ZS1,0.293705238873764
30,2016-11-30,0.27599147986611217,bs,ZS1,0.293705238873764
30,2016-12-10,0.33545995344426244,bs,ZS1,0.293705238873764
30,2016-12-20,0.3533748793118582,bs,ZS1,0.293705238873764
30,2017-01-29,0.4719862350790407,bs,ZS1,0.293705238873764
30,2017-02-18,0.46383280917114744,bs,ZS1,0.293705238873764
30,2017-02-28,0.4906621392190153,bs,ZS1,0.293705238873764
30,2017-03-20,0.43488702106756905,bs,ZS1,0.293705238873764
30,2017-04-09,0.38567521021173135,bs,ZS1,0.293705238873764
30,2017-05-19,0.259105098855359,bs,ZS1,0.293705238873764
30,2017-07-13,0.2023194620407368,bs,ZS1,0.293705238873764
30,2017-07-18,0.15819209039548024,bs,ZS1,0.293705238873764
30,2017-08-02,0.19730185497470487,bs,ZS1,0.293705238873764
30,2017-08-07,0.24595273136524975,bs,ZS1,0.293705238873764
30,2017-08-22,0.09586662035428968,bs,ZS1,0.293705238873764
30,2017-08-27,0.2091841535710925,bs,ZS1,0.293705238873764
30,2017-09-11,0.0830101666491982,bs,ZS1,0.293705238873764
30,2017-09-16,0.23380105460720352,bs,ZS1,0.293705238873764
30,2017-10-01,0.3026576072933689,bs,ZS1,0.293705238873764
30,2017-10-06,0.23684961476267477,bs,ZS1,0.293705238873764
30,2017-10-21,0.30312358533272976,bs,ZS1,0.293705238873764
30,2017-10-26,0.2878541470512711,bs,ZS1,0.293705238873764
30,2017-11-10,0.29614058689985706,bs,ZS1,0.293705238873764
30,2017-11-15,0.28378740509155875,bs,ZS1,0.293705238873764
30,2017-11-20,0.28289298105150784,bs,ZS1,0.293705238873764
30,2017-11-30,0.27259317533680794,bs,ZS1,0.293705238873764
30,2017-12-05,0.32294839439561396,bs,ZS1,0.293705238873764
30,2017-12-10,0.3364771858271731,bs,ZS1,0.293705238873764
30,2017-12-20,0.30332883957274703,bs,ZS1,0.293705238873764
30,2017-12-25,0.3363092498849517,bs,ZS1,0.293705238873764
30,2017-12-30,0.35760253577946405,bs,ZS1,0.293705238873764
30,2018-01-14,0.38551730606884904,bs,ZS1,0.293705238873764
30,2018-01-19,0.36975600347188736,bs,ZS1,0.293705238873764
30,2018-02-08,0.49437905039016006,bs,ZS1,0.293705238873764
30,2018-02-23,0.5301709103592606,bs,ZS1,0.293705238873764
30,2018-02-28,0.4332474617366267,bs,ZS1,0.293705238873764
30,2018-03-05,0.4492929292929293,bs,ZS1,0.293705238873764
30,2018-03-10,0.4149869210647792,bs,ZS1,0.293705238873764
30,2018-03-15,0.5152442613301943,bs,ZS1,0.293705238873764
30,2018-03-20,0.3703344643722734,bs,ZS1,0.293705238873764
30,2018-03-25,0.43388586612678726,bs,ZS1,0.293705238873764
30,2018-04-04,0.46676146462851054,bs,ZS1,0.293705238873764
30,2018-04-09,0.3600585461050577,bs,ZS1,0.293705238873764
30,2018-04-14,0.4146038064435875,bs,ZS1,0.293705238873764
30,2018-04-19,0.3132105684547638,bs,ZS1,0.293705238873764
30,2018-04-24,0.4430758604811788,bs,ZS1,0.293705238873764
30,2018-05-04,0.4158829676071055,bs,ZS1,0.293705238873764
30,2018-05-09,0.37751517087192593,bs,ZS1,0.293705238873764
30,2018-05-14,0.2214765100671141,bs,ZS1,0.293705238873764
30,2018-05-19,0.4201038802322029,bs,ZS1,0.293705238873764
30,2018-05-24,0.29283069673510603,bs,ZS1,0.293705238873764
30,2018-05-29,0.33954368835309356,bs,ZS1,0.293705238873764
30,2018-06-08,0.302578440509475,bs,ZS1,0.293705238873764
30,2018-06-13,0.16346059955082512,bs,ZS1,0.293705238873764
30,2018-06-18,0.3023961176827419,bs,ZS1,0.293705238873764
30,2018-07-03,0.1304660357014496,bs,ZS1,0.293705238873764
30,2018-07-08,0.20130775002679815,bs,ZS1,0.293705238873764
30,2018-07-13,0.15066205415722295,bs,ZS1,0.293705238873764
30,2018-07-28,0.24551409854742237,bs,ZS1,0.293705238873764
30,2018-08-07,0.304223688096879,bs,ZS1,0.293705238873764
30,2018-08-12,0.13594834937263978,bs,ZS1,0.293705238873764
30,2018-08-22,0.06427030913012222,bs,ZS1,0.293705238873764
30,2018-09-01,0.24182008966898788,bs,ZS1,0.293705238873764
30,2018-09-11,0.20719674985490424,bs,ZS1,0.293705238873764
30,2018-09-16,0.3294923699781999,bs,ZS1,0.293705238873764
30,2018-10-21,0.2575123621148726,bs,ZS1,0.293705238873764
30,2019-01-09,0.14779566130160954,bs,ZS1,0.293705238873764
30,2019-01-29,0.500848320325755,bs,ZS1,0.293705238873764
30,2019-02-13,0.5350409107079331,bs,ZS1,0.293705238873764
30,2019-02-18,0.5166723960123754,bs,ZS1,0.293705238873764
30,2019-02-23,0.5035443950498618,bs,ZS1,0.293705238873764
30,2019-02-28,0.5377012770682954,bs,ZS1,0.293705238873764
30,2019-03-05,0.4560363315251672,bs,ZS1,0.293705238873764
30,2019-03-10,0.4722446624350837,bs,ZS1,0.293705238873764
30,2019-03-15,0.43440089031779405,bs,ZS1,0.293705238873764
30,2019-03-20,0.4662052557586244,bs,ZS1,0.293705238873764
30,2019-03-25,0.41132913735653465,bs,ZS1,0.293705238873764
30,2019-03-30,0.4068568948681784,bs,ZS1,0.293705238873764
30,2019-04-09,0.47849407954660456,bs,ZS1,0.293705238873764
30,2019-04-14,0.3671924290220821,bs,ZS1,0.293705238873764
30,2019-04-19,0.4326312607074474,bs,ZS1,0.293705238873764
30,2019-04-24,0.33420129061474013,bs,ZS1,0.293705238873764
30,2019-04-29,0.4347783540463842,bs,ZS1,0.293705238873764
30,2019-05-04,0.3962781139399475,bs,ZS1,0.293705238873764
30,2019-05-09,0.33230484418389383,bs,ZS1,0.293705238873764
30,2019-05-14,0.27826954245106594,bs,ZS1,0.293705238873764
30,2019-05-19,0.3460644304217868,bs,ZS1,0.293705238873764
30,2019-05-24,0.2840076636988617,bs,ZS1,0.293705238873764
30,2019-05-29,0.3065399318111375,bs,ZS1,0.293705238873764
30,2019-06-03,0.30434782608695654,bs,ZS1,0.293705238873764
30,2019-06-08,0.30504970961708827,bs,ZS1,0.293705238873764
30,2019-06-18,0.2939617083946981,bs,ZS1,0.293705238873764
30,2019-06-23,0.28127863178255114,bs,ZS1,0.293705238873764
30,2019-06-28,0.244880464806172,bs,ZS1,0.293705238873764
30,2019-07-03,0.22937950317238412,bs,ZS1,0.293705238873764
30,2019-07-08,0.26190725426567574,bs,ZS1,0.293705238873764
30,2019-07-18,0.27393182909265484,bs,ZS1,0.293705238873764
30,2019-07-28,0.28882074156676885,bs,ZS1,0.293705238873764
30,2019-08-02,0.29593193299654347,bs,ZS1,0.293705238873764
30,2019-08-07,0.264066085360257,bs,ZS1,0.293705238873764
30,2019-08-12,0.29659186930804615,bs,ZS1,0.293705238873764
30,2019-08-17,0.29240073626084667,bs,ZS1,0.293705238873764
30,2019-08-22,0.22503832396525292,bs,ZS1,0.293705238873764
30,2019-08-27,0.26986771190592845,bs,ZS1,0.293705238873764
30,2019-09-01,0.34357162272356623,bs,ZS1,0.293705238873764
30,2019-09-06,0.31329032258064515,bs,ZS1,0.293705238873764
30,2019-09-11,0.2536350505536832,bs,ZS1,0.293705238873764
30,2019-09-16,0.31539528432732317,bs,ZS1,0.293705238873764
30,2019-09-21,0.342540415704388,bs,ZS1,0.293705238873764
30,2019-09-26,0.38490041685965726,bs,ZS1,0.293705238873764
30,2019-10-06,0.3626468060727585,bs,ZS1,0.293705238873764
30,2019-10-11,0.34637482900136796,bs,ZS1,0.293705238873764
30,2019-10-16,0.3611435763732806,bs,ZS1,0.293705238873764
30,2019-10-21,0.3326887750169197,bs,ZS1,0.293705238873764
30,2019-10-26,0.3470762597682565,bs,ZS1,0.293705238873764
30,2019-11-05,0.374489332728098,bs,ZS1,0.293705238873764
30,2019-11-10,0.3677853507031318,bs,ZS1,0.293705238873764
30,2019-11-15,0.3709806005846399,bs,ZS1,0.293705238873764
30,2019-11-20,0.3873857569450728,bs,ZS1,0.293705238873764
30,2019-11-25,0.3921323200715244,bs,ZS1,0.293705238873764
30,2019-11-30,0.3901600795875916,bs,ZS1,0.293705238873764
30,2019-12-05,0.34646114115083526,bs,ZS1,0.293705238873764
30,2019-12-10,0.4082140101174655,bs,ZS1,0.293705238873764
30,2019-12-15,0.3783202316921804,bs,ZS1,0.293705238873764
30,2019-12-20,0.4268953870767042,bs,ZS1,0.293705238873764
30,2019-12-25,0.36883665411807914,bs,ZS1,0.293705238873764
30,2019-12-30,0.3993591610836004,bs,ZS1,0.293705238873764
30,2020-01-04,0.39191757527258175,bs,ZS1,0.293705238873764
30,2020-01-09,0.42991600040481737,bs,ZS1,0.293705238873764
30,2020-01-14,0.44488868696047257,bs,ZS1,0.293705238873764
30,2020-01-19,0.46465905821425146,bs,ZS1,0.293705238873764
30,2020-01-24,0.5318448400041156,bs,ZS1,0.293705238873764
30,2020-01-29,0.5041435015210323,bs,ZS1,0.293705238873764
30,2020-02-03,0.5313227406132983,bs,ZS1,0.293705238873764
30,2020-02-13,0.33639043563707827,bs,ZS1,0.293705238873764
30,2020-02-18,0.48793824380829853,bs,ZS1,0.293705238873764
30,2020-02-23,0.5009774668175738,bs,ZS1,0.293705238873764
30,2020-02-28,0.4757175597511732,bs,ZS1,0.293705238873764
30,2020-03-04,0.44944450678936143,bs,ZS1,0.293705238873764
30,2020-03-14,0.4209087803211479,bs,ZS1,0.293705238873764
30,2020-03-19,0.4614351281764245,bs,ZS1,0.293705238873764
30,2020-03-24,0.4447081670083073,bs,ZS1,0.293705238873764
30,2020-03-29,0.40120700060350034,bs,ZS1,0.293705238873764
30,2020-04-13,0.4396682512390008,bs,ZS1,0.293705238873764
30,2020-04-18,0.39498432601880873,bs,ZS1,0.293705238873764
30,2020-04-23,0.38891728862079544,bs,ZS1,0.293705238873764
30,2020-04-28,0.3986548456129624,bs,ZS1,0.293705238873764
30,2020-05-08,0.3898433792121499,bs,ZS1,0.293705238873764
30,2020-05-13,0.3548579970104634,bs,ZS1,0.293705238873764
30,2020-05-18,0.3722262735701636,bs,ZS1,0.293705238873764
30,2020-05-23,0.3601810808261813,bs,ZS1,0.293705238873764
30,2020-05-28,0.3151775426835655,bs,ZS1,0.293705238873764
30,2020-06-02,0.36259152840856423,bs,ZS1,0.293705238873764
30,2020-06-12,0.2872813519122443,bs,ZS1,0.293705238873764
30,2020-06-22,0.24287243358956895,bs,ZS1,0.293705238873764
30,2020-06-27,0.21490523610664952,bs,ZS1,0.293705238873764
30,2020-07-02,0.25769055225924237,bs,ZS1,0.293705238873764
30,2020-07-07,0.16349504154382205,bs,ZS1,0.293705238873764
30,2020-07-12,0.27207126948775057,bs,ZS1,0.293705238873764
30,2020-07-17,0.2585968470544851,bs,ZS1,0.293705238873764
30,2020-07-22,0.2541296060991105,bs,ZS1,0.293705238873764
30,2020-07-27,0.258174677708529,bs,ZS1,0.293705238873764
30,2020-08-01,0.2929855659660674,bs,ZS1,0.293705238873764
30,2020-08-06,0.27429158462460407,bs,ZS1,0.293705238873764
30,2020-08-11,0.2555640828856485,bs,ZS1,0.293705238873764
30,2020-08-16,0.22343977399195275,bs,ZS1,0.293705238873764
30,2020-08-21,0.22321353421429177,bs,ZS1,0.293705238873764
30,2020-08-31,0.2675696396626629,bs,ZS1,0.293705238873764
30,2020-09-05,0.2636103151862464,bs,ZS1,0.293705238873764
30,2020-09-10,0.29004138416835434,bs,ZS1,0.293705238873764
30,2020-09-15,0.2595035870371898,bs,ZS1,0.293705238873764
30,2020-09-20,0.31375946019877815,bs,ZS1,0.293705238873764
30,2020-09-25,0.27887544607885806,bs,ZS1,0.293705238873764
30,2020-09-30,0.3232971800433839,bs,ZS1,0.293705238873764
30,2020-10-05,0.3198217499357271,bs,ZS1,0.293705238873764
30,2020-10-10,0.2756496115724618,bs,ZS1,0.293705238873764
30,2020-10-15,0.2815927279913052,bs,ZS1,0.293705238873764
30,2020-10-20,0.28893503411450605,bs,ZS1,0.293705238873764
30,2020-10-25,0.27494703980376856,bs,ZS1,0.293705238873764
30,2020-10-30,0.341196728368489,bs,ZS1,0.293705238873764
30,2020-11-09,0.3684210526315789,bs,ZS1,0.293705238873764
30,2020-11-14,0.33846027980037635,bs,ZS1,0.293705238873764
30,2020-11-19,0.29184400243203334,bs,ZS1,0.293705238873764
30,2020-11-29,0.2792090502899515,bs,ZS1,0.293705238873764
30,2020-12-04,0.3395493395493395,bs,ZS1,0.293705238873764
30,2020-12-09,0.31607719705127146,bs,ZS1,0.293705238873764
30,2020-12-24,0.34720179915232247,bs,ZS1,0.293705238873764
30,2020-12-29,0.27793082338536884,bs,ZS1,0.293705238873764
30,2021-01-08,0.34463075276489474,bs,ZS1,0.293705238873764
30,2021-01-18,0.4118233747393236,bs,ZS1,0.293705238873764
30,2021-01-28,0.44084128601871586,bs,ZS1,0.293705238873764
30,2021-02-07,0.39850156930241976,bs,ZS1,0.293705238873764
30,2021-02-12,0.382266409658111,bs,ZS1,0.293705238873764
30,2021-02-17,0.4157411878319652,bs,ZS1,0.293705238873764
30,2021-02-22,0.35113252024187763,bs,ZS1,0.293705238873764
30,2021-02-27,0.3177810023440116,bs,ZS1,0.293705238873764
30,2021-03-04,0.359882005899705,bs,ZS1,0.293705238873764
30,2021-03-09,0.2920288967797233,bs,ZS1,0.293705238873764
30,2021-03-14,0.34103916507687126,bs,ZS1,0.293705238873764
30,2021-03-24,0.31926298157453936,bs,ZS1,0.293705238873764
30,2021-03-29,0.35272616509290283,bs,ZS1,0.293705238873764
30,2021-04-03,0.3545654220269846,bs,ZS1,0.293705238873764
30,2021-04-08,0.3576412776412776,bs,ZS1,0.293705238873764
30,2021-04-13,0.2457233488161323,bs,ZS1,0.293705238873764
30,2021-04-18,0.28835839730781365,bs,ZS1,0.293705238873764
30,2021-04-23,0.2694077938017797,bs,ZS1,0.293705238873764
30,2021-04-28,0.28100305552628807,bs,ZS1,0.293705238873764
30,2021-05-03,0.26851755930798715,bs,ZS1,0.293705238873764
30,2021-05-08,0.2951009759397043,bs,ZS1,0.293705238873764
30,2021-05-18,0.2272885485555169,bs,ZS1,0.293705238873764
30,2021-05-23,0.21525129982668975,bs,ZS1,0.293705238873764
30,2021-06-02,0.23717728055077453,bs,ZS1,0.293705238873764
30,2021-06-07,0.21246191026584008,bs,ZS1,0.293705238873764
30,2021-06-12,0.09133224304944018,bs,ZS1,0.293705238873764
30,2021-06-17,0.11197663096397274,bs,ZS1,0.293705238873764
30,2021-07-02,0.12641165755919856,bs,ZS1,0.293705238873764
30,2021-07-07,0.10720864546236032,bs,ZS1,0.293705238873764
30,2021-07-22,0.17825074825407383,bs,ZS1,0.293705238873764
30,2021-07-27,0.17976394633309797,bs,ZS1,0.293705238873764
30,2021-08-06,0.15572361636301135,bs,ZS1,0.293705238873764
30,2021-08-16,0.06398016119032858,bs,ZS1,0.293705238873764
30,2021-08-21,0.1264628161570404,bs,ZS1,0.293705238873764
30,2021-08-26,0.26203664252236897,bs,ZS1,0.293705238873764
30,2021-08-31,0.2726795555944362,bs,ZS1,0.293705238873764
30,2021-09-05,0.2555642838439382,bs,ZS1,0.293705238873764
30,2021-09-10,0.2826362484157161,bs,ZS1,0.293705238873764
30,2021-09-15,0.22980827622104624,bs,ZS1,0.293705238873764
30,2021-09-20,0.27182241883245123,bs,ZS1,0.293705238873764
30,2021-09-25,0.3148069218310459,bs,ZS1,0.293705238873764
30,2021-09-30,0.2979267980547735,bs,ZS1,0.293705238873764
30,2021-10-05,0.31406761177753545,bs,ZS1,0.293705238873764
30,2021-10-10,0.30297475210399133,bs,ZS1,0.293705238873764
30,2021-10-15,0.2793835901707622,bs,ZS1,0.293705238873764
30,2021-10-20,0.29754368194479613,bs,ZS1,0.293705238873764
30,2021-10-25,0.2804219192179058,bs,ZS1,0.293705238873764
30,2021-10-30,0.28869962244270786,bs,ZS1,0.293705238873764
30,2021-11-04,0.3294739491568085,bs,ZS1,0.293705238873764
30,2021-11-09,0.29865059831961305,bs,ZS1,0.293705238873764
30,2021-11-14,0.33075193604796405,bs,ZS1,0.293705238873764
30,2021-11-19,0.3145223256211047,bs,ZS1,0.293705238873764
30,2021-11-24,0.32725422003562643,bs,ZS1,0.293705238873764
30,2021-11-29,0.3382887068164541,bs,ZS1,0.293705238873764
30,2021-12-04,0.2969522610806437,bs,ZS1,0.293705238873764
30,2021-12-09,0.34114422141657086,bs,ZS1,0.293705238873764
30,2021-12-14,0.33909325732608886,bs,ZS1,0.293705238873764
30,2021-12-29,0.4760671246762022,bs,ZS1,0.293705238873764
30,2022-01-03,0.41801973893664435,bs,ZS1,0.293705238873764
30,2022-01-08,0.37293800539083555,bs,ZS1,0.293705238873764
30,2022-01-18,0.4797144556811421,bs,ZS1,0.293705238873764
30,2022-01-23,0.4673419490045407,bs,ZS1,0.293705238873764
30,2022-01-28,0.38457981736215463,bs,ZS1,0.293705238873764
30,2022-02-02,0.39390719093163296,bs,ZS1,0.293705238873764
30,2022-02-07,0.4666516702283208,bs,ZS1,0.293705238873764
30,2022-02-12,0.4251651181014217,bs,ZS1,0.293705238873764
30,2022-02-17,0.4144897248345524,bs,ZS1,0.293705238873764
30,2022-02-22,0.45309537088678187,bs,ZS1,0.293705238873764
30,2022-02-27,0.3832078749276202,bs,ZS1,0.293705238873764
30,2022-03-04,0.3922518159806295,bs,ZS1,0.293705238873764
30,2022-03-09,0.4143793754861651,bs,ZS1,0.293705238873764
30,2022-03-14,0.4374520337682272,bs,ZS1,0.293705238873764
30,2022-03-19,0.41427155599603566,bs,ZS1,0.293705238873764
30,2022-03-24,0.4117457244272346,bs,ZS1,0.293705238873764
30,2022-03-29,0.4152899254940071,bs,ZS1,0.293705238873764
30,2022-04-03,0.3175070821529745,bs,ZS1,0.293705238873764
30,2022-04-08,0.3724604966139955,bs,ZS1,0.293705238873764
30,2022-04-13,0.3906588308072997,bs,ZS1,0.293705238873764
30,2022-04-18,0.3543356864397851,bs,ZS1,0.293705238873764
30,2022-04-23,0.3303129280370878,bs,ZS1,0.293705238873764
30,2022-04-28,0.3500870099293684,bs,ZS1,0.293705238873764
30,2022-05-03,0.3243659513297053,bs,ZS1,0.293705238873764
30,2022-05-08,0.31095904196437557,bs,ZS1,0.293705238873764
30,2022-05-13,0.29781852671514386,bs,ZS1,0.293705238873764
30,2022-05-18,0.300965832381348,bs,ZS1,0.293705238873764
30,2022-05-23,0.3258178158027177,bs,ZS1,0.293705238873764
30,2022-05-28,0.3022113022113022,bs,ZS1,0.293705238873764
30,2022-06-02,0.28932394637862857,bs,ZS1,0.293705238873764
30,2022-06-07,0.30403118268540363,bs,ZS1,0.293705238873764
30,2022-06-12,0.30603579011222326,bs,ZS1,0.293705238873764
30,2022-06-17,0.26710513399430647,bs,ZS1,0.293705238873764
30,2022-06-22,0.2588052328240783,bs,ZS1,0.293705238873764
30,2022-07-02,0.2536519299603367,bs,ZS1,0.293705238873764
30,2022-07-07,0.2436623918878616,bs,ZS1,0.293705238873764
30,2022-07-12,0.24498030550485156,bs,ZS1,0.293705238873764
30,2022-07-17,0.1953003565877297,bs,ZS1,0.293705238873764
30,2022-07-27,0.23597902408674787,bs,ZS1,0.293705238873764
30,2022-08-01,0.2812055729314757,bs,ZS1,0.293705238873764
30,2022-08-06,0.2462014903706571,bs,ZS1,0.293705238873764
30,2022-08-11,0.23437056653740665,bs,ZS1,0.293705238873764
30,2022-08-16,0.2562517561112672,bs,ZS1,0.293705238873764
30,2022-08-21,0.22628283017104403,bs,ZS1,0.293705238873764
30,2022-08-26,0.24044838860345635,bs,ZS1,0.293705238873764
30,2022-08-31,0.23614345598509545,bs,ZS1,0.293705238873764
30,2022-09-05,0.2590769802210047,bs,ZS1,0.293705238873764
30,2022-09-10,0.2239523089242815,bs,ZS1,0.293705238873764
30,2022-09-15,0.26009338093930234,bs,ZS1,0.293705238873764
30,2022-09-20,0.2536640360766629,bs,ZS1,0.293705238873764
30,2022-09-25,0.2411696324778682,bs,ZS1,0.293705238873764
30,2022-09-30,0.2559317515329246,bs,ZS1,0.293705238873764
30,2022-10-05,0.2809910437766803,bs,ZS1,0.293705238873764
30,2022-10-10,0.25069567417151534,bs,ZS1,0.293705238873764
30,2022-10-15,0.2719871088118056,bs,ZS1,0.293705238873764
30,2022-10-20,0.2678880911116613,bs,ZS1,0.293705238873764
30,2022-10-25,0.30564223665345364,bs,ZS1,0.293705238873764
30,2022-10-30,0.28509176233973016,bs,ZS1,0.293705238873764
30,2022-11-04,0.3236951727517765,bs,ZS1,0.293705238873764
30,2022-11-14,0.3431217151914574,bs,ZS1,0.293705238873764
30,2022-11-19,0.3270322963465288,bs,ZS1,0.293705238873764
30,2022-11-24,0.3458907002280598,bs,ZS1,0.293705238873764
30,2022-11-29,0.3713494686076628,bs,ZS1,0.293705238873764
30,2022-12-04,0.3732867508734211,bs,ZS1,0.293705238873764
30,2022-12-14,0.43886255924170614,bs,ZS1,0.293705238873764
30,2022-12-19,0.3820124666073018,bs,ZS1,0.293705238873764
30,2022-12-24,0.39328308367522186,bs,ZS1,0.293705238873764
30,2022-12-29,0.4235702574983123,bs,ZS1,0.293705238873764
30,2023-01-03,0.4204596665164488,bs,ZS1,0.293705238873764
30,2023-01-08,0.45440300846129744,bs,ZS1,0.293705238873764
30,2023-01-13,0.41186787489038296,bs,ZS1,0.293705238873764
30,2023-01-18,0.4166584231872589,bs,ZS1,0.293705238873764
30,2023-01-23,0.4125539051269765,bs,ZS1,0.293705238873764
30,2023-01-28,0.3967697277341947,bs,ZS1,0.293705238873764
30,2023-02-02,0.44017796692136574,bs,ZS1,0.293705238873764
30,2023-02-12,0.3956709956709957,bs,ZS1,0.293705238873764
30,2023-02-17,0.3691077040281878,bs,ZS1,0.293705238873764
30,2023-02-22,0.36411390655239145,bs,ZS1,0.293705238873764
30,2023-02-27,0.3828185829223981,bs,ZS1,0.293705238873764
30,2023-03-04,0.33345294698125055,bs,ZS1,0.293705238873764
30,2023-03-09,0.3851943681926857,bs,ZS1,0.293705238873764
30,2023-03-19,0.31732507100438934,bs,ZS1,0.293705238873764
30,2023-03-24,0.34142640364188165,bs,ZS1,0.293705238873764
30,2023-03-29,0.3433997775686543,bs,ZS1,0.293705238873764
30,2023-04-03,0.3227322312662583,bs,ZS1,0.293705238873764
30,2023-04-08,0.3071375279781149,bs,ZS1,0.293705238873764
30,2023-04-13,0.30557066273016864,bs,ZS1,0.293705238873764
30,2023-04-23,0.2866768093892632,bs,ZS1,0.293705238873764
30,2023-04-28,0.2499094530967041,bs,ZS1,0.293705238873764
30,2023-05-08,0.30249547920433995,bs,ZS1,0.293705238873764
30,2023-05-13,0.29179843980602993,bs,ZS1,0.293705238873764
30,2023-05-18,0.2650689381361438,bs,ZS1,0.293705238873764
30,2023-05-23,0.2244363235192719,bs,ZS1,0.293705238873764
30,2023-05-28,0.2874112602797498,bs,ZS1,0.293705238873764
30,2023-06-02,0.25202913631633717,bs,ZS1,0.293705238873764
30,2023-06-07,0.2269120022473489,bs,ZS1,0.293705238873764
30,2023-06-12,0.2151045647189606,bs,ZS1,0.293705238873764
30,2023-06-17,0.18743403925983257,bs,ZS1,0.293705238873764
30,2023-06-22,0.22189289323004377,bs,ZS1,0.293705238873764
30,2023-06-27,0.19650383472673255,bs,ZS1,0.293705238873764
30,2023-07-02,0.19776770143006628,bs,ZS1,0.293705238873764
30,2023-07-07,0.22901214309156548,bs,ZS1,0.293705238873764
30,2023-07-12,0.21757896802040416,bs,ZS1,0.293705238873764
30,2023-07-17,0.1916414450383154,bs,ZS1,0.293705238873764
30,2023-07-22,0.19981553462019896,bs,ZS1,0.293705238873764
30,2023-07-27,0.17455330846259573,bs,ZS1,0.293705238873764
30,2023-08-01,0.20481848618131687,bs,ZS1,0.293705238873764
30,2023-08-06,0.22105064959517984,bs,ZS1,0.293705238873764
30,2023-08-16,0.21717813691665155,bs,ZS1,0.293705238873764
30,2023-08-21,0.18450610163317344,bs,ZS1,0.293705238873764
30,2023-08-26,0.20720774923289817,bs,ZS1,0.293705238873764
30,2023-08-31,0.18244803695150116,bs,ZS1,0.293705238873764
30,2023-09-05,0.2166906474820144,bs,ZS1,0.293705238873764
30,2023-09-10,0.16245737733341037,bs,ZS1,0.293705238873764
30,2023-09-15,0.2139657129203751,bs,ZS1,0.293705238873764
30,2023-09-20,0.1855369300303221,bs,ZS1,0.293705238873764
30,2023-09-25,0.2053981734628585,bs,ZS1,0.293705238873764
30,2023-09-30,0.19944180854032936,bs,ZS1,0.293705238873764
30,2023-10-05,0.18808246258119177,bs,ZS1,0.293705238873764
30,2023-10-10,0.1814366424535916,bs,ZS1,0.293705238873764
30,2023-10-15,0.20716710255411497,bs,ZS1,0.293705238873764
30,2023-10-20,0.1941222366710013,bs,ZS1,0.293705238873764
30,2023-10-25,0.20408810014260817,bs,ZS1,0.293705238873764
30,2023-10-30,0.20541224877354008,bs,ZS1,0.293705238873764
30,2023-11-04,0.2091165663773364,bs,ZS1,0.293705238873764
30,2023-11-14,0.20365282042993377,bs,ZS1,0.293705238873764
30,2023-11-19,0.18600095303648012,bs,ZS1,0.293705238873764
30,2023-11-24,0.188635754489413,bs,ZS1,0.293705238873764
30,2023-11-29,0.1729469105392799,bs,ZS1,0.293705238873764
30,2023-12-04,0.1876269332916732,bs,ZS1,0.293705238873764
30,2023-12-09,0.1650660582586088,bs,ZS1,0.293705238873764
30,2023-12-24,0.2036891061012139,bs,ZS1,0.293705238873764
30,2024-01-03,0.1713871123770624,bs,ZS1,0.293705238873764
30,2024-01-08,0.22096765683532948,bs,ZS1,0.293705238873764
30,2024-01-13,0.16851762433606954,bs,ZS1,0.293705238873764
30,2024-01-18,0.19225457157063144,bs,ZS1,0.293705238873764
30,2024-01-23,0.1966997423386876,bs,ZS1,0.293705238873764
30,2024-01-28,0.27097081975033793,bs,ZS1,0.293705238873764
30,2024-02-02,0.1839631690005755,bs,ZS1,0.293705238873764
30,2024-02-17,0.2204904266039637,bs,ZS1,0.293705238873764
30,2024-02-22,0.2445885813409759,bs,ZS1,0.293705238873764
30,2024-03-03,0.21254612546125465,bs,ZS1,0.293705238873764
30,2024-03-08,0.19542134196852173,bs,ZS1,0.293705238873764
30,2024-03-13,0.1966190380358221,bs,ZS1,0.293705238873764
30,2024-03-18,0.2070519098922625,bs,ZS1,0.293705238873764
30,2024-03-23,0.20254308397340737,bs,ZS1,0.293705238873764
30,2024-04-02,0.17823203664456144,bs,ZS1,0.293705238873764
30,2024-04-07,0.2001217779581896,bs,ZS1,0.293705238873764
30,2024-04-12,0.1871927639771908,bs,ZS1,0.293705238873764
30,2024-04-17,0.21724898122787095,bs,ZS1,0.293705238873764
30,2024-04-22,0.2155200953452956,bs,ZS1,0.293705238873764
30,2024-04-27,0.15476597198496753,bs,ZS1,0.293705238873764
30,2024-05-12,0.2125215393452039,bs,ZS1,0.293705238873764
30,2024-05-22,0.16878620414142087,bs,ZS1,0.293705238873764
30,2024-05-27,0.19951837948863232,bs,ZS1,0.293705238873764
30,2024-06-01,0.16393880686752624,bs,ZS1,0.293705238873764
30,2024-06-06,0.20921721450355812,bs,ZS1,0.293705238873764
30,2024-06-11,0.17558022199798184,bs,ZS1,0.293705238873764
30,2024-06-16,0.1853405232674256,bs,ZS1,0.293705238873764
30,2024-06-21,0.18090865483450969,bs,ZS1,0.293705238873764
30,2024-07-01,0.20858250640730763,bs,ZS1,0.293705238873764
30,2024-07-06,0.1563710499490316,bs,ZS1,0.293705238873764
30,2024-07-11,0.2022199798183653,bs,ZS1,0.293705238873764
30,2024-07-16,0.15108199324995036,bs,ZS1,0.293705238873764
30,2024-07-26,0.18426065821454377,bs,ZS1,0.293705238873764
30,2024-07-31,0.17863912674030982,bs,ZS1,0.293705238873764
30,2024-08-05,0.1793022802572598,bs,ZS1,0.293705238873764
30,2024-08-10,0.1827662957074722,bs,ZS1,0.293705238873764
30,2024-08-15,0.17630943839279892,bs,ZS1,0.293705238873764
30,2024-08-20,0.16538437082723978,bs,ZS1,0.293705238873764
30,2024-08-25,0.16588978992401507,bs,ZS1,0.293705238873764
30,2024-08-30,0.19067554709800189,bs,ZS1,0.293705238873764
30,2024-09-04,0.1843422849340009,bs,ZS1,0.293705238873764
30,2024-09-09,0.17524697797140576,bs,ZS1,0.293705238873764
30,2024-09-14,0.1754006063230836,bs,ZS1,0.293705238873764
30,2024-09-19,0.14565257522613992,bs,ZS1,0.293705238873764
30,2024-09-24,0.15887244205932652,bs,ZS1,0.293705238873764
30,2024-09-29,0.16946702800361338,bs,ZS1,0.293705238873764
30,2024-10-04,0.1791099444478359,bs,ZS1,0.293705238873764
30,2024-10-14,0.1848843697687395,bs,ZS1,0.293705238873764
30,2024-10-19,0.18762426944628544,bs,ZS1,0.293705238873764
30,2024-10-24,0.19193834485289615,bs,ZS1,0.293705238873764
30,2024-10-29,0.17579665685844864,bs,ZS1,0.293705238873764
30,2024-11-03,0.17149234298468596,bs,ZS1,0.293705238873764
30,2024-11-08,0.16010073754272353,bs,ZS1,0.293705238873764
30,2024-11-13,0.18793157076205289,bs,ZS1,0.293705238873764
30,2024-11-18,0.14089978105798434,bs,ZS1,0.293705238873764
30,2024-11-23,0.1697484482195361,bs,ZS1,0.293705238873764
30,2024-11-28,0.1831837332844843,bs,ZS1,0.293705238873764
30,2024-12-03,0.17769600569766753,bs,ZS1,0.293705238873764
30,2024-12-08,0.173654511255385,bs,ZS1,0.293705238873764
30,2024-12-13,0.16665634483185732,bs,ZS1,0.293705238873764
30,2024-12-18,0.1714439590688768,bs,ZS1,0.293705238873764
30,2024-12-23,0.16919859769973553,bs,ZS1,0.293705238873764
30,2024-12-28,0.1950554444646428,bs,ZS1,0.293705238873764
30,2025-01-02,0.16118360595478773,bs,ZS1,0.293705238873764
30,2025-01-12,0.19220696263174705,bs,ZS1,0.293705238873764
30,2025-01-17,0.20258481421647817,bs,ZS1,0.293705238873764
30,2025-01-22,0.1854778943059769,bs,ZS1,0.293705238873764
30,2025-01-27,0.16345217221897526,bs,ZS1,0.293705238873764
30,2025-02-01,0.1731173882547982,bs,ZS1,0.293705238873764
30,2025-02-06,0.16678800714805747,bs,ZS1,0.293705238873764
30,2025-02-11,0.18383160069735907,bs,ZS1,0.293705238873764
30,2025-02-16,0.2924689251767,bs,ZS1,0.293705238873764
30,2025-02-21,0.21745657302165988,bs,ZS1,0.293705238873764
30,2025-02-26,0.2201398399769336,bs,ZS1,0.293705238873764
30,2025-03-03,0.21241350387922,bs,ZS1,0.293705238873764
30,2025-03-08,0.21816734482378755,bs,ZS1,0.293705238873764
30,2025-03-13,0.20171923945508852,bs,ZS1,0.293705238873764
30,2025-03-18,0.20830109039746747,bs,ZS1,0.293705238873764
30,2025-03-20,0.20470147701268984,bs,ZS1,0.293705238873764
30,2025-03-23,0.2091198303287381,bs,ZS1,0.293705238873764
30,2025-03-28,0.21147436352031768,bs,ZS1,0.293705238873764
